armPos0,armPos1,armPos2,armPos3,armPos4,armPos5,targetPos0,targetPos1,targetPos2,Duration(ms),Score,Distance,Success,NbActions,MotorPos
2048,2048,2048,2048,512,256,-297,-145,351,148,-85699,85699,0,135,2058,2048,2048,2048,2068,2048,2048,2048,2078,2048,2048,2048,2088,2048,2048,2048,2098,2048,2048,2048,2108,2048,2048,2048,2118,2048,2048,2048,2128,2048,2048,2048,2138,2048,2048,2048,2148,2048,2048,2048,2158,2048,2048,2048,2168,2048,2048,2048,2178,2048,2048,2048,2188,2048,2048,2048,2198,2048,2048,2048,2208,2048,2048,2048,2218,2048,2048,2048,2228,2048,2048,2048,2238,2048,2048,2048,2248,2048,2048,2048,2258,2048,2048,2048,2268,2048,2048,2048,2278,2048,2048,2048,2288,2048,2048,2048,2298,2048,2048,2048,2308,2048,2048,2048,2318,2048,2048,2048,2328,2048,2048,2048,2338,2048,2048,2048,2348,2048,2048,2048,2358,2048,2048,2048,2368,2048,2048,2048,2378,2048,2048,2048,2388,2048,2048,2048,2398,2048,2048,2048,2408,2048,2048,2048,2418,2048,2048,2048,2428,2048,2048,2048,2438,2048,2048,2048,2448,2048,2048,2048,2458,2048,2048,2048,2468,2048,2048,2048,2478,2048,2048,2048,2488,2048,2048,2048,2498,2048,2048,2048,2508,2048,2048,2048,2518,2048,2048,2048,2528,2048,2048,2048,2538,2048,2048,2048,2548,2048,2048,2048,2558,2048,2048,2048,2568,2048,2048,2048,2578,2048,2048,2048,2588,2048,2048,2048,2598,2048,2048,2048,2608,2048,2048,2048,2618,2048,2048,2048,2628,2048,2048,2048,2638,2048,2048,2048,2648,2048,2048,2048,2658,2048,2048,2048,2668,2048,2048,2048,2678,2048,2048,2048,2688,2048,2048,2048,2698,2048,2048,2048,2708,2048,2048,2048,2718,2048,2048,2048,2728,2048,2048,2048,2738,2048,2048,2048,2748,2048,2048,2048,2758,2048,2048,2048,2768,2048,2048,2048,2778,2048,2048,2048,2788,2048,2048,2048,2798,2048,2048,2048,2808,2048,2048,2048,2818,2048,2048,2048,2828,2048,2048,2048,2838,2048,2048,2048,2848,2048,2048,2048,2858,2048,2048,2048,2868,2048,2048,2048,2878,2048,2048,2048,2888,2048,2048,2048,2898,2048,2048,2048,2908,2048,2048,2048,2918,2048,2048,2048,2928,2048,2048,2048,2938,2048,2048,2048,2948,2048,2048,2048,2958,2048,2048,2048,2968,2048,2048,2048,2978,2048,2048,2048,2988,2048,2048,2048,2998,2048,2048,2048,3008,2048,2048,2048,3018,2048,2048,2048,3028,2048,2048,2048,3038,2048,2048,2048,3048,2048,2048,2048,3058,2048,2048,2048,3068,2048,2048,2048,3078,2048,2048,2048,3088,2048,2048,2048,3098,2048,2048,2048,3108,2048,2048,2048,3118,2048,2048,2048,3128,2048,2048,2048,3138,2048,2048,2048,3148,2048,2048,2048,3158,2048,2048,2048,3168,2048,2048,2048,3178,2048,2048,2048,3188,2048,2048,2048,3198,2048,2048,2048,3208,2048,2048,2048,3218,2048,2048,2048,3228,2048,2048,2048,3238,2048,2048,2048,3248,2048,2048,2048,3258,2048,2048,2048,3268,2048,2048,2048,3278,2048,2048,2048,3288,2048,2048,2048,3298,2048,2048,2048,3308,2048,2048,2048,3318,2048,2048,2048,3328,2048,2048,2048,3338,2048,2048,2048,3348,2048,2048,2048,3358,2048,2048,2048,3368,2048,2048,2048,3378,2048,2048,2048,3368,2048,2048,2048,3378,2048,2048,2048
2048,2048,2048,2048,512,256,-199,-153,251,158,-93761,93761,0,151,2058,2048,2048,2048,2068,2048,2048,2048,2078,2048,2048,2048,2088,2048,2048,2048,2098,2048,2048,2048,2108,2048,2048,2048,2118,2048,2048,2048,2128,2048,2048,2048,2138,2048,2048,2048,2148,2048,2048,2048,2158,2048,2048,2048,2168,2048,2048,2048,2178,2048,2048,2048,2188,2048,2048,2048,2198,2048,2048,2048,2208,2048,2048,2048,2218,2048,2048,2048,2228,2048,2048,2048,2238,2048,2048,2048,2248,2048,2048,2048,2258,2048,2048,2048,2268,2048,2048,2048,2278,2048,2048,2048,2288,2048,2048,2048,2298,2048,2048,2048,2308,2048,2048,2048,2318,2048,2048,2048,2328,2048,2048,2048,2338,2048,2048,2048,2348,2048,2048,2048,2358,2048,2048,2048,2368,2048,2048,2048,2378,2048,2048,2048,2388,2048,2048,2048,2398,2048,2048,2048,2408,2048,2048,2048,2418,2048,2048,2048,2428,2048,2048,2048,2438,2048,2048,2048,2448,2048,2048,2048,2458,2048,2048,2048,2458,2048,2038,2048,2458,2048,2028,2048,2458,2048,2018,2048,2458,2048,2008,2048,2468,2048,2008,2048,2478,2048,2008,2048,2488,2048,2008,2048,2498,2048,2008,2048,2508,2048,2008,2048,2518,2048,2008,2048,2528,2048,2008,2048,2538,2048,2008,2048,2548,2048,2008,2048,2558,2048,2008,2048,2568,2048,2008,2048,2578,2048,2008,2048,2588,2048,2008,2048,2598,2048,2008,2048,2608,2048,2008,2048,2618,2048,2008,2048,2628,2048,2008,2048,2638,2048,2008,2048,2648,2048,2008,2048,2658,2048,2008,2048,2668,2048,2008,2048,2678,2048,2008,2048,2688,2048,2008,2048,2698,2048,2008,2048,2708,2048,2008,2048,2718,2048,2008,2048,2728,2048,2008,2048,2738,2048,2008,2048,2748,2048,2008,2048,2758,2048,2008,2048,2768,2048,2008,2048,2778,2048,2008,2048,2788,2048,2008,2048,2798,2048,2008,2048,2808,2048,2008,2048,2818,2048,2008,2048,2828,2048,2008,2048,2838,2048,2008,2048,2848,2048,2008,2048,2858,2048,2008,2048,2868,2048,2008,2048,2878,2048,2008,2048,2888,2048,2008,2048,2898,2048,2008,2048,2908,2048,2008,2048,2918,2048,2008,2048,2928,2048,2008,2048,2938,2048,2008,2048,2948,2048,2008,2048,2958,2048,2008,2048,2968,2048,2008,2048,2978,2048,2008,2048,2988,2048,2008,2048,2998,2048,2008,2048,3008,2048,2008,2048,3018,2048,2008,2048,3028,2048,2008,2048,3038,2048,2008,2048,3048,2048,2008,2048,3058,2048,2008,2048,3068,2048,2008,2048,3078,2048,2008,2048,3088,2048,2008,2048,3098,2048,2008,2048,3108,2048,2008,2048,3118,2048,2008,2048,3128,2048,2008,2048,3138,2048,2008,2048,3148,2048,2008,2048,3158,2048,2008,2048,3168,2048,2008,2048,3178,2048,2008,2048,3188,2048,2008,2048,3198,2048,2008,2048,3208,2048,2008,2048,3218,2048,2008,2048,3228,2048,2008,2048,3238,2048,2008,2048,3248,2048,2008,2048,3258,2048,2008,2048,3268,2048,2008,2048,3278,2048,2008,2048,3288,2048,2008,2048,3298,2048,2008,2048,3308,2048,2008,2048,3318,2048,2008,2048,3328,2048,2008,2048,3338,2048,2008,2048,3348,2048,2008,2048,3358,2048,2008,2048,3368,2048,2008,2048,3378,2048,2008,2048,3388,2048,2008,2048,3398,2048,2008,2048,3408,2048,2008,2048,3418,2048,2008,2048,3428,2048,2008,2048,3438,2048,2008,2048,3448,2048,2008,2048,3458,2048,2008,2048,3468,2048,2008,2048,3478,2048,2008,2048,3488,2048,2008,2048,3498,2048,2008,2048,3488,2048,2008,2048,3498,2048,2008,2048
2048,2048,2048,2048,512,256,75,-304,70,242,12040,3909,1,296,2048,2048,2038,2048,2048,2048,2028,2048,2048,2048,2018,2048,2048,2048,2008,2048,2048,2048,1998,2048,2048,2048,1988,2048,2048,2048,1978,2048,2048,2048,1968,2048,2048,2048,1958,2048,2048,2048,1948,2048,2048,2048,1938,2048,2048,2048,1928,2048,2048,2048,1918,2048,2048,2048,1908,2048,2048,2048,1898,2048,2048,2048,1888,2048,2048,2048,1878,2048,2048,2048,1868,2048,2048,2048,1858,2048,2048,2048,1848,2048,2048,2048,1838,2048,2048,2048,1828,2048,2048,2048,1818,2048,2048,2048,1808,2048,2048,2048,1798,2048,2048,2048,1788,2048,2048,2048,1778,2048,2048,2048,1768,2048,2048,2048,1758,2048,2048,2048,1748,2048,2048,2048,1738,2048,2048,2048,1728,2048,2048,2048,1718,2048,2048,2048,1708,2048,2048,2048,1698,2048,2048,2048,1688,2048,2048,2048,1678,2048,2048,2048,1668,2048,2048,2048,1658,2048,2048,2048,1648,2048,2048,2048,1638,2048,2048,2048,1628,2048,2048,2048,1618,2048,2048,2048,1608,2048,2048,2048,1598,2048,2048,2048,1588,2048,2048,2048,1578,2048,2048,2048,1568,2048,2038,2048,1568,2048,2028,2048,1568,2048,2018,2048,1568,2048,2008,2048,1568,2048,1998,2048,1568,2048,1988,2048,1568,2048,1978,2048,1568,2048,1968,2048,1568,2048,1958,2048,1568,2048,1948,2048,1568,2048,1938,2048,1568,2048,1928,2048,1568,2048,1918,2048,1568,2048,1908,2048,1568,2048,1898,2048,1568,2048,1888,2048,1568,2048,1878,2048,1568,2048,1868,2048,1568,2048,1858,2048,1568,2048,1848,2048,1568,2048,1838,2048,1568,2048,1828,2048,1568,2048,1818,2048,1568,2048,1808,2048,1568,2048,1798,2048,1568,2048,1788,2048,1568,2048,1778,2048,1568,2048,1768,2048,1568,2048,1758,2048,1568,2048,1748,2048,1568,2048,1738,2048,1568,2048,1728,2048,1568,2048,1718,2048,1568,2048,1708,2048,1568,2048,1698,2048,1568,2048,1688,2048,1568,2048,1678,2048,1568,2048,1668,2048,1568,2048,1658,2048,1568,2048,1648,2048,1568,2048,1638,2048,1568,2048,1628,2048,1568,2048,1618,2048,1568,2048,1608,2048,1568,2048,1598,2048,1568,2048,1588,2048,1568,2048,1578,2048,1568,2048,1568,2048,1568,2048,1558,2048,1568,2048,1548,2048,1568,2048,1538,2048,1568,2048,1528,2048,1568,2048,1518,2048,1568,2048,1508,2048,1568,2048,1498,2048,1568,2048,1488,2048,1568,2048,1478,2048,1568,2048,1468,2048,1568,2048,1458,2048,1568,2048,1448,2048,1568,2048,1438,2048,1568,2048,1428,2048,1568,2048,1418,2048,1568,2048,1408,2048,1568,2048,1398,2048,1568,2048,1388,2048,1568,2048,1378,2048,1568,2048,1368,2048,1568,2048,1358,2048,1568,2048,1348,2048,1568,2048,1338,2048,1568,2048,1328,2048,1568,2048,1318,2048,1568,2048,1308,2048,1568,2048,1298,2048,1568,2048,1288,2048,1568,2048,1278,2048,1568,2048,1268,2048,1568,2048,1258,2048,1568,2048,1248,2048,1568,2048,1238,2048,1568,2048,1228,2048,1568,2048,1218,2048,1568,2048,1208,2048,1568,2048,1198,2048,1568,2048,1188,2048,1568,2048,1178,2048,1568,2048,1168,2048,1568,2048,1158,2048,1568,2048,1148,2048,1568,2048,1138,2048,1568,2048,1128,2048,1568,2048,1118,2048,1568,2048,1108,2048,1568,2048,1098,2048,1568,2048,1088,2048,1568,2048,1078,2048,1568,2048,1068,2048,1568,2048,1058,2048,1568,2048,1048,2048,1568,2048,1038,2048,1568,2048,1028,2048,1568,2048,1018,2048,1568,2048,1018,2048,1578,2048,1008,2048,1578,2048,998,2048,1578,2048,988,2048,1578,2048,978,2048,1578,2048,968,2048,1578,2048,958,2048,1578,2048,948,2048,1578,2048,938,2048,1578,2048,928,2048,1578,2048,918,2048,1578,2048,908,2048,1578,2048,898,2048,1578,2048,888,2048,1578,2048,878,2048,1578,2048,868,2048,1578,2048,858,2048,1578,2048,848,2048,1578,2048,838,2048,1578,2048,828,2048,1578,2048,818,2048,1578,2048,808,2048,1578,2048,798,2048,1578,2048,788,2048,1578,2048,778,2048,1578,2048,768,2048,1578,2048,758,2048,1578,2048,748,2048,1578,2048,738,2048,1578,2048,728,2048,1578,2048,718,2048,1578,2048,708,2048,1578,2048,698,2048,1578,2048,688,2048,1578,2048,678,2048,1578,2048,668,2048,1578,2048,658,2048,1578,2048,648,2048,1578,2048,638,2048,1578,2048,628,2048,1578,2048,618,2048,1578,2048,608,2048,1578,2048,598,2048,1578,2048,588,2048,1578,2048,578,2048,1578,2048,568,2048,1578,2048,558,2048,1578,2048,548,2048,1578,2048,538,2048,1578,2048,528,2048,1578,2048,518,2048,1578,2048,508,2048,1578,2048,498,2048,1578,2048,488,2048,1578,2048,478,2048,1578,2048,468,2048,1578,2048,458,2048,1578,2048,448,2048,1578,2048,438,2048,1578,2048,428,2048,1578,2048,418,2048,1578,2048,408,2048,1578,2048,398,2048,1578,2048,388,2048,1578,2048,378,2048,1578,2048,368,2048,1578,2048,358,2048,1578,2048,348,2048,1578,2048,338,2048,1578,2048,328,2048,1578,2048,318,2048,1578,2048,308,2048,1578,2048,298,2048,1578,2048,288,2048,1578,2048,278,2048,1578,2048,268,2048,1578,2048,258,2048,1578,2048,248,2048,1578,2048,238,2048,1578,2048,228,2048,1578,2048,218,2048,1578,2048,208,2048,1578,2048,198,2048,1578,2048,188,2048,1578,2048,178,2048,1578,2048,178,2058,1578,2048,188,2058,1578,2048,188,2058,1588,2048,178,2058,1588,2048,178,2068,1588,2048,188,2068,1588,2048,188,2068,1598,2048,188,2068,1608,2048,178,2068,1608,2048,168,2068,1608,2048,168,2078,1608,2048,178,2078,1608,2048,188,2078,1608,2048,188,2078,1618,2048,178,2078,1618,2048,168,2078,1618,2048,168,2088,1618,2048,178,2088,1618,2048,178,2088,1628,2048,168,2088,1628,2048,168,2098,1628,2048,178,2098,1628,2048,178,2098,1638,2048,168,2098,1638,2048,168,2108,1638,2048,178,2108,1638,2048,178,2108,1648,2048,178,2108,1658,2048,168,2108,1658,2048,168,2118,1658,2048,178,2118,1658,2048,178,2118,1668,2048,168,2118,1668,2048,168,2128,1668,2048,178,2128,1668,2048,178,2128,1678,2048,168,2128,1678,2048,168,2138,1678,2048,178,2138,1678,2048,178,2138,1688,2048,178,2138,1698,2048,168,2138,1698,2048,158,2138,1698,2048,158,2148,1698,2048,168,2148,1698,2048,168,2148,1708,2048,158,2148,1708,2048,158,2158,1708,2048,168,2158,1708,2048,168,2158,1718,2048,158,2158,1718,2048,158,2168,1718,2048,168,2168,1718,2048,168,2168,1728,2048,158,2168,1728,2048,158,2178,1728,2048,168,2178,1728,2048,168,2178,1738,2048,168,2178,1748,2048,158,2178,1748,2048
2048,2048,2048,2048,512,256,24,201,60,77,-56951,56951,0,61,2048,2048,2038,2048,2048,2048,2028,2048,2048,2048,2018,2048,2048,2048,2008,2048,2048,2048,1998,2048,2048,2048,1988,2048,2048,2048,1978,2048,2048,2048,1968,2048,2048,2048,1958,2048,2048,2048,1948,2048,2048,2048,1938,2048,2048,2048,1928,2048,2048,2048,1918,2048,2048,2048,1908,2048,2048,2048,1898,2048,2048,2048,1888,2048,2048,2048,1878,2048,2048,2048,1868,2048,2048,2048,1858,2048,2048,2048,1848,2048,2048,2048,1838,2048,2048,2048,1828,2048,2048,2048,1818,2048,2048,2048,1808,2048,2048,2048,1798,2048,2048,2048,1788,2048,2048,2048,1778,2048,2048,2048,1768,2048,2048,2048,1758,2048,2048,2048,1748,2048,2048,2048,1738,2048,2048,2048,1728,2048,2048,2048,1718,2048,2048,2048,1708,2048,2048,2048,1698,2048,2048,2048,1688,2048,2048,2048,1678,2048,2048,2048,1668,2048,2048,2048,1658,2048,2048,2048,1648,2048,2048,2048,1638,2048,2048,2048,1628,2048,2048,2048,1618,2048,2048,2048,1608,2048,2048,2048,1598,2048,2048,2048,1588,2048,2048,2048,1578,2048,2048,2048,1568,2048,2048,2048,1558,2048,2048,2048,1548,2048,2048,2048,1538,2048,2038,2048,1538,2048,2028,2048,1538,2048,2018,2048,1538,2048,2008,2048,1538,2048,1998,2048,1538,2048,1988,2048,1538,2048,1978,2048,1538,2048,1968,2048,1538,2048,1978,2048,1538,2048,1968,2048,1538,2048
2048,2048,2048,2048,512,256,-146,73,103,258,12610,4733,1,239,2058,2048,2048,2048,2068,2048,2048,2048,2078,2048,2048,2048,2088,2048,2048,2048,2098,2048,2048,2048,2108,2048,2048,2048,2118,2048,2048,2048,2128,2048,2048,2048,2138,2048,2048,2048,2148,2048,2048,2048,2158,2048,2048,2048,2168,2048,2048,2048,2178,2048,2048,2048,2188,2048,2048,2048,2198,2048,2048,2048,2208,2048,2048,2048,2218,2048,2048,2048,2228,2048,2048,2048,2238,2048,2048,2048,2248,2048,2048,2048,2258,2048,2048,2048,2268,2048,2048,2048,2278,2048,2048,2048,2288,2048,2048,2048,2298,2048,2048,2048,2308,2048,2048,2048,2318,2048,2048,2048,2328,2048,2048,2048,2338,2048,2048,2048,2338,2048,2038,2048,2338,2048,2028,2048,2338,2048,2018,2048,2338,2048,2008,2048,2338,2048,1998,2048,2338,2048,1988,2048,2338,2048,1978,2048,2338,2048,1968,2048,2338,2048,1958,2048,2338,2048,1948,2048,2338,2048,1938,2048,2338,2048,1928,2048,2338,2048,1928,2038,2338,2048,1928,2028,2338,2048,1928,2018,2338,2048,1928,2008,2338,2048,1928,1998,2338,2048,1928,1988,2338,2048,1928,1978,2338,2048,1928,1968,2338,2048,1928,1958,2338,2048,1928,1948,2348,2048,1928,1948,2348,2048,1918,1948,2348,2048,1908,1948,2348,2048,1898,1948,2348,2048,1888,1948,2348,2048,1888,1938,2348,2048,1888,1928,2348,2048,1888,1918,2348,2048,1888,1908,2358,2048,1888,1908,2358,2048,1878,1908,2358,2048,1868,1908,2358,2048,1858,1908,2358,2048,1858,1898,2358,2048,1858,1888,2358,2048,1858,1878,2358,2048,1858,1868,2368,2048,1858,1868,2368,2048,1848,1868,2368,2048,1838,1868,2368,2048,1828,1868,2368,2048,1828,1858,2368,2048,1828,1848,2368,2048,1828,1838,2368,2048,1828,1828,2378,2048,1828,1828,2378,2048,1818,1828,2378,2048,1818,1818,2378,2048,1818,1808,2388,2048,1818,1808,2388,2048,1808,1808,2388,2048,1798,1808,2388,2048,1798,1798,2388,2048,1798,1788,2388,2048,1798,1778,2398,2048,1798,1778,2408,2048,1798,1778,2418,2048,1798,1778,2428,2048,1798,1778,2438,2048,1798,1778,2448,2048,1798,1778,2458,2048,1798,1778,2468,2048,1798,1778,2478,2048,1798,1778,2488,2048,1798,1778,2498,2048,1798,1778,2508,2048,1798,1778,2518,2048,1798,1778,2528,2048,1798,1778,2538,2048,1798,1778,2548,2048,1798,1778,2558,2048,1798,1778,2568,2048,1798,1778,2578,2048,1798,1778,2588,2048,1798,1778,2598,2048,1798,1778,2608,2048,1798,1778,2618,2048,1798,1778,2628,2048,1798,1778,2638,2048,1798,1778,2648,2048,1798,1778,2658,2048,1798,1778,2668,2048,1798,1778,2678,2048,1798,1778,2688,2048,1798,1778,2698,2048,1798,1778,2708,2048,1798,1778,2718,2048,1798,1778,2728,2048,1798,1778,2738,2048,1798,1778,2748,2048,1798,1778,2758,2048,1798,1778,2768,2048,1798,1778,2778,2048,1798,1778,2778,2038,1798,1778,2778,2038,1788,1778,2778,2028,1788,1778,2778,2028,1778,1778,2778,2028,1768,1778,2778,2018,1768,1778,2778,2018,1758,1778,2778,2008,1758,1778,2778,2008,1748,1778,2778,1998,1748,1778,2778,1998,1738,1778,2778,1988,1738,1778,2778,1988,1728,1778,2778,1978,1728,1778,2778,1978,1718,1778,2778,1968,1718,1778,2778,1968,1708,1778,2778,1968,1698,1778,2778,1958,1698,1778,2778,1958,1688,1778,2778,1948,1688,1778,2778,1948,1678,1778,2778,1938,1678,1778,2778,1938,1668,1778,2778,1928,1668,1778,2778,1928,1658,1778,2778,1918,1658,1778,2778,1918,1648,1778,2778,1908,1648,1778,2778,1908,1638,1778,2778,1898,1638,1778,2778,1898,1628,1778,2778,1888,1628,1778,2778,1888,1618,1778,2778,1878,1618,1778,2778,1878,1608,1778,2778,1868,1608,1778,2778,1868,1598,1778,2778,1858,1598,1778,2778,1858,1588,1778,2778,1848,1588,1778,2778,1848,1578,1778,2778,1838,1578,1778,2778,1838,1568,1778,2778,1828,1568,1778,2778,1828,1558,1778,2778,1818,1558,1778,2778,1818,1548,1778,2778,1808,1548,1778,2778,1808,1538,1778,2778,1798,1538,1778,2778,1798,1528,1778,2778,1788,1528,1778,2778,1788,1518,1778,2778,1778,1518,1778,2778,1778,1508,1778,2778,1768,1508,1778,2778,1768,1498,1778,2778,1758,1498,1778,2778,1758,1488,1778,2778,1748,1488,1778,2778,1748,1478,1778,2778,1738,1478,1778,2778,1738,1468,1778,2778,1728,1468,1778,2778,1728,1458,1778,2778,1718,1458,1778,2778,1718,1448,1778,2778,1708,1448,1778,2778,1708,1438,1778,2778,1698,1438,1778,2778,1698,1428,1778,2778,1688,1428,1778,2778,1678,1428,1778,2778,1678,1418,1778,2778,1668,1418,1778,2778,1668,1408,1778,2778,1658,1408,1778,2778,1658,1398,1778,2778,1648,1398,1778,2778,1648,1388,1778,2778,1638,1388,1778,2778,1638,1378,1778,2778,1628,1378,1778,2778,1618,1378,1778,2778,1618,1368,1778,2778,1608,1368,1778,2778,1608,1358,1778,2778,1598,1358,1778,2778,1598,1348,1778,2778,1588,1348,1778,2778,1588,1338,1778,2778,1578,1338,1778,2778,1568,1338,1778,2778,1568,1328,1778,2778,1558,1328,1778,2778,1558,1318,1778,2778,1548,1318,1778,2778,1548,1308,1778,2778,1538,1308,1778,2778,1528,1308,1778,2778,1528,1298,1778,2778,1518,1298,1778,2778,1518,1288,1778,2778,1508,1288,1778,2778,1508,1278,1778,2778,1498,1278,1778,2778,1488,1278,1778,2778,1488,1268,1778,2778,1478,1268,1778,2778,1478,1258,1778,2778,1468,1258,1778,2778,1458,1258,1778,2778,1458,1248,1778
2048,2048,2048,2048,512,256,57,-56,170,141,-265548,265548,0,141,2048,2048,2038,2048,2048,2048,2028,2048,2048,2048,2018,2048,2048,2048,2008,2048,2048,2048,1998,2048,2048,2048,1988,2048,2048,2048,1978,2048,2048,2048,1968,2048,2048,2048,1958,2048,2048,2048,1948,2048,2048,2048,1938,2048,2048,2048,1928,2048,2048,2048,1918,2048,2048,2048,1908,2048,2048,2048,1898,2048,2048,2048,1888,2048,2048,2048,1878,2048,2048,2048,1868,2048,2048,2048,1858,2048,2048,2048,1848,2048,2048,2048,1838,2048,2048,2048,1828,2048,2038,2048,1828,2048,2028,2048,1828,2048,2018,2048,1828,2048,2008,2048,1828,2048,1998,2048,1828,2048,1988,2048,1828,2048,1978,2048,1828,2048,1968,2048,1828,2048,1958,2048,1828,2048,1948,2048,1828,2048,1938,2048,1828,2048,1928,2048,1828,2048,1918,2048,1828,2048,1908,2048,1828,2048,1898,2048,1828,2048,1888,2048,1828,2048,1878,2048,1828,2048,1868,2048,1828,2048,1858,2048,1828,2048,1848,2048,1828,2048,1838,2048,1828,2048,1828,2048,1828,2048,1818,2048,1828,2048,1808,2048,1828,2048,1798,2048,1828,2048,1788,2048,1828,2048,1778,2048,1828,2048,1768,2048,1828,2048,1758,2048,1828,2048,1748,2048,1828,2048,1738,2048,1828,2048,1728,2048,1828,2048,1718,2048,1828,2048,1708,2048,1828,2048,1698,2048,1828,2048,1688,2048,1828,2048,1678,2048,1828,2048,1668,2048,1828,2048,1658,2048,1828,2048,1648,2048,1828,2048,1638,2048,1828,2048,1628,2048,1828,2048,1618,2048,1828,2048,1608,2048,1828,2048,1598,2048,1828,2048,1588,2048,1828,2048,1578,2048,1828,2048,1568,2048,1828,2048,1558,2048,1828,2048,1548,2048,1828,2048,1538,2048,1828,2048,1528,2048,1828,2048,1518,2048,1828,2048,1508,2048,1828,2048,1498,2048,1828,2048,1488,2048,1828,2048,1478,2048,1828,2048,1468,2048,1828,2048,1458,2048,1828,2048,1448,2048,1828,2048,1438,2048,1828,2048,1428,2048,1828,2048,1418,2048,1828,2048,1408,2048,1828,2048,1398,2048,1828,2048,1388,2048,1828,2048,1378,2048,1828,2048,1368,2048,1828,2048,1358,2048,1828,2048,1348,2048,1828,2048,1338,2048,1828,2048,1328,2048,1828,2048,1318,2048,1828,2048,1308,2048,1828,2048,1298,2048,1828,2048,1288,2048,1828,2048,1278,2048,1828,2048,1268,2048,1828,2048,1258,2048,1828,2048,1248,2048,1828,2048,1238,2048,1828,2048,1228,2048,1828,2048,1218,2048,1828,2048,1208,2048,1828,2048,1198,2048,1828,2048,1188,2048,1828,2048,1178,2048,1828,2048,1168,2048,1828,2048,1158,2048,1828,2048,1148,2048,1828,2048,1138,2048,1828,2048,1128,2048,1828,2048,1118,2048,1828,2048,1108,2048,1828,2048,1098,2048,1828,2048,1088,2048,1828,2048,1078,2048,1828,2048,1068,2048,1828,2048,1058,2048,1828,2048,1048,2048,1828,2048,1038,2048,1828,2048,1028,2048,1828,2048,1018,2048,1828,2048,1018,2048,1838,2048,1008,2048,1838,2048,998,2048,1838,2048,988,2048,1838,2048,978,2048,1838,2048,968,2048,1838,2048,958,2048,1838,2048,948,2048,1838,2048,938,2048,1838,2048,928,2048,1838,2048,918,2048,1838,2048,908,2048,1838,2048,908,2048,1828,2048,898,2048,1828,2048,908,2048,1828,2048,898,2048,1828,2048
2048,2048,2048,2048,512,256,114,134,510,108,-51827,51827,0,96,2038,2048,2048,2048,2028,2048,2048,2048,2018,2048,2048,2048,2008,2048,2048,2048,1998,2048,2048,2048,1988,2048,2048,2048,1978,2048,2048,2048,1968,2048,2048,2048,1958,2048,2048,2048,1948,2048,2048,2048,1938,2048,2048,2048,1928,2048,2048,2048,1918,2048,2048,2048,1908,2048,2048,2048,1898,2048,2048,2048,1888,2048,2048,2048,1878,2048,2048,2048,1868,2048,2048,2048,1858,2048,2048,2048,1848,2048,2048,2048,1838,2048,2048,2048,1828,2048,2048,2048,1828,2038,2048,2048,1818,2038,2048,2048,1818,2028,2048,2048,1818,2018,2048,2048,1818,2008,2048,2048,1818,1998,2048,2048,1818,1988,2048,2048,1818,1978,2048,2048,1808,1978,2048,2048,1808,1968,2048,2048,1808,1958,2048,2048,1808,1948,2048,2048,1808,1938,2048,2048,1798,1938,2048,2048,1798,1928,2048,2048,1798,1918,2048,2048,1798,1908,2048,2048,1798,1898,2048,2048,1788,1898,2048,2048,1788,1888,2048,2048,1788,1878,2048,2048,1788,1868,2048,2048,1778,1868,2048,2048,1778,1858,2048,2048,1778,1848,2048,2048,1778,1838,2048,2048,1768,1838,2048,2048,1768,1828,2048,2048,1768,1818,2048,2048,1768,1808,2048,2048,1758,1808,2048,2048,1758,1798,2048,2048,1758,1788,2048,2048,1748,1788,2048,2048,1748,1778,2048,2048,1748,1768,2048,2048,1738,1768,2048,2048,1738,1758,2048,2048,1738,1748,2048,2048,1728,1748,2048,2048,1728,1738,2048,2048,1718,1738,2048,2048,1718,1728,2048,2048,1718,1718,2048,2048,1708,1718,2048,2048,1708,1708,2048,2048,1698,1708,2048,2048,1698,1698,2048,2048,1698,1688,2048,2048,1688,1688,2048,2048,1688,1678,2048,2048,1678,1678,2048,2048,1678,1668,2048,2048,1668,1668,2048,2048,1668,1658,2048,2048,1658,1658,2048,2048,1658,1648,2048,2048,1648,1648,2048,2048,1648,1638,2048,2048,1638,1638,2048,2048,1638,1628,2048,2048,1628,1628,2048,2048,1628,1618,2048,2048,1618,1618,2048,2048,1608,1618,2048,2048,1608,1608,2048,2048,1598,1608,2048,2048,1598,1598,2048,2048,1588,1598,2048,2048,1578,1598,2048,2048,1578,1598,2058,2048,1588,1598,2058,2048,1578,1598,2058,2048,1588,1598,2058,2048
2048,2048,2048,2048,512,256,144,145,86,119,-79207,79207,0,97,2048,2048,2038,2048,2048,2048,2028,2048,2048,2048,2018,2048,2048,2048,2008,2048,2048,2048,1998,2048,2048,2048,1988,2048,2048,2048,1978,2048,2048,2048,1968,2048,2048,2048,1958,2048,2048,2048,1948,2048,2048,2048,1938,2048,2048,2048,1928,2048,2048,2048,1918,2048,2048,2048,1908,2048,2048,2048,1898,2048,2048,2048,1888,2048,2048,2048,1878,2048,2048,2048,1868,2048,2048,2048,1858,2048,2048,2048,1848,2048,2048,2048,1838,2048,2048,2048,1828,2048,2048,2048,1818,2048,2048,2048,1808,2048,2048,2048,1798,2048,2048,2048,1788,2048,2048,2048,1778,2048,2048,2048,1768,2048,2048,2048,1758,2048,2048,2048,1748,2048,2048,2048,1738,2048,2048,2048,1728,2048,2048,2048,1718,2048,2048,2048,1708,2048,2048,2048,1698,2048,2048,2048,1688,2048,2048,2048,1678,2048,2048,2048,1668,2048,2048,2048,1658,2048,2048,2048,1648,2048,2048,2048,1638,2048,2048,2048,1628,2048,2048,2048,1618,2048,2038,2048,1618,2048,2028,2048,1618,2048,2018,2048,1618,2048,2008,2048,1618,2048,1998,2048,1618,2048,1988,2048,1618,2048,1978,2048,1618,2048,1968,2048,1618,2048,1958,2048,1618,2048,1948,2048,1618,2048,1938,2048,1618,2048,1928,2048,1618,2048,1918,2048,1618,2048,1908,2048,1618,2048,1898,2048,1618,2048,1888,2048,1618,2048,1878,2048,1618,2048,1868,2048,1618,2048,1858,2048,1618,2048,1848,2048,1618,2048,1838,2048,1618,2048,1828,2048,1618,2048,1818,2048,1618,2048,1808,2048,1618,2048,1798,2048,1618,2048,1788,2048,1618,2048,1778,2048,1618,2048,1768,2048,1618,2048,1758,2048,1618,2048,1748,2048,1618,2048,1738,2048,1618,2048,1728,2048,1618,2048,1718,2048,1618,2048,1708,2048,1618,2048,1698,2048,1618,2048,1688,2048,1618,2048,1678,2048,1618,2048,1668,2048,1618,2048,1658,2048,1618,2048,1648,2048,1618,2048,1638,2048,1618,2048,1628,2048,1618,2048,1618,2048,1618,2048,1608,2048,1618,2048,1598,2048,1618,2048,1588,2048,1618,2048,1578,2048,1618,2048,1568,2048,1618,2048,1558,2048,1618,2048,1548,2048,1618,2048,1538,2048,1618,2048,1528,2048,1618,2048,1538,2048,1618,2048,1528,2048,1618,2048
2048,2048,2048,2048,512,256,-127,-62,272,134,-203837,203837,0,135,2058,2048,2048,2048,2068,2048,2048,2048,2078,2048,2048,2048,2088,2048,2048,2048,2098,2048,2048,2048,2108,2048,2048,2048,2118,2048,2048,2048,2128,2048,2048,2048,2138,2048,2048,2048,2148,2048,2048,2048,2158,2048,2048,2048,2168,2048,2048,2048,2178,2048,2048,2048,2188,2048,2048,2048,2198,2048,2048,2048,2208,2048,2048,2048,2218,2048,2048,2048,2228,2048,2048,2048,2238,2048,2048,2048,2248,2048,2048,2048,2258,2048,2048,2048,2268,2048,2048,2048,2278,2048,2048,2048,2288,2048,2048,2048,2298,2048,2048,2048,2308,2048,2048,2048,2318,2048,2048,2048,2328,2048,2048,2048,2338,2048,2048,2048,2348,2048,2048,2048,2358,2048,2048,2048,2368,2048,2048,2048,2378,2048,2048,2048,2388,2048,2048,2048,2398,2048,2048,2048,2408,2048,2048,2048,2418,2048,2048,2048,2428,2048,2048,2048,2438,2048,2048,2048,2448,2048,2048,2048,2458,2048,2048,2048,2468,2048,2048,2048,2478,2048,2048,2048,2488,2048,2048,2048,2498,2048,2048,2048,2508,2048,2048,2048,2518,2048,2048,2048,2528,2048,2048,2048,2538,2048,2048,2048,2548,2048,2048,2048,2558,2048,2048,2048,2568,2048,2048,2048,2578,2048,2048,2048,2588,2048,2048,2048,2598,2048,2048,2048,2608,2048,2048,2048,2618,2048,2048,2048,2628,2048,2048,2048,2638,2048,2048,2048,2648,2048,2048,2048,2658,2048,2048,2048,2668,2048,2048,2048,2678,2048,2048,2048,2688,2048,2048,2048,2698,2048,2048,2048,2708,2048,2048,2048,2718,2048,2048,2048,2728,2048,2048,2048,2738,2048,2048,2048,2748,2048,2048,2048,2758,2048,2048,2048,2768,2048,2048,2048,2778,2048,2048,2048,2788,2048,2048,2048,2798,2048,2048,2048,2808,2048,2048,2048,2818,2048,2048,2048,2828,2048,2048,2048,2838,2048,2048,2048,2848,2048,2048,2048,2858,2048,2048,2048,2868,2048,2048,2048,2878,2048,2048,2048,2888,2048,2048,2048,2898,2048,2048,2048,2908,2048,2048,2048,2918,2048,2048,2048,2928,2048,2048,2048,2938,2048,2048,2048,2948,2048,2048,2048,2958,2048,2048,2048,2968,2048,2048,2048,2978,2048,2048,2048,2988,2048,2048,2048,2998,2048,2048,2048,3008,2048,2048,2048,3018,2048,2048,2048,3028,2048,2048,2048,3038,2048,2048,2048,3048,2048,2048,2048,3058,2048,2048,2048,3068,2048,2048,2048,3078,2048,2048,2048,3088,2048,2048,2048,3098,2048,2048,2048,3108,2048,2048,2048,3118,2048,2048,2048,3128,2048,2048,2048,3138,2048,2048,2048,3148,2048,2048,2048,3158,2048,2048,2048,3168,2048,2048,2048,3178,2048,2048,2048,3188,2048,2048,2048,3198,2048,2048,2048,3208,2048,2048,2048,3218,2048,2048,2048,3228,2048,2048,2048,3238,2048,2048,2048,3248,2048,2048,2048,3258,2048,2048,2048,3268,2048,2048,2048,3278,2048,2048,2048,3288,2048,2048,2048,3298,2048,2048,2048,3308,2048,2048,2048,3318,2048,2048,2048,3328,2048,2048,2048,3338,2048,2048,2048,3348,2048,2048,2048,3358,2048,2048,2048,3368,2048,2048,2048,3378,2048,2048,2048,3368,2048,2048,2048,3378,2048,2048,2048
2048,2048,2048,2048,512,256,-91,-328,224,168,13030,3280,1,197,2058,2048,2048,2048,2068,2048,2048,2048,2078,2048,2048,2048,2088,2048,2048,2048,2098,2048,2048,2048,2108,2048,2048,2048,2118,2048,2048,2048,2128,2048,2048,2048,2138,2048,2048,2048,2148,2048,2048,2048,2158,2048,2048,2048,2168,2048,2048,2048,2178,2048,2048,2048,2188,2048,2048,2048,2198,2048,2048,2048,2208,2048,2048,2048,2218,2048,2048,2048,2228,2048,2048,2048,2228,2048,2038,2048,2228,2048,2028,2048,2228,2048,2018,2048,2228,2048,2008,2048,2228,2048,1998,2048,2228,2048,1988,2048,2228,2048,1978,2048,2228,2048,1968,2048,2228,2048,1958,2048,2228,2048,1948,2048,2238,2048,1948,2048,2248,2048,1948,2048,2258,2048,1948,2048,2268,2048,1948,2048,2278,2048,1948,2048,2288,2048,1948,2048,2298,2048,1948,2048,2308,2048,1948,2048,2318,2048,1948,2048,2328,2048,1948,2048,2338,2048,1948,2048,2348,2048,1948,2048,2358,2048,1948,2048,2368,2048,1948,2048,2378,2048,1948,2048,2388,2048,1948,2048,2398,2048,1948,2048,2408,2048,1948,2048,2418,2048,1948,2048,2428,2048,1948,2048,2438,2048,1948,2048,2448,2048,1948,2048,2458,2048,1948,2048,2468,2048,1948,2048,2478,2048,1948,2048,2488,2048,1948,2048,2498,2048,1948,2048,2508,2048,1948,2048,2518,2048,1948,2048,2528,2048,1948,2048,2538,2048,1948,2048,2548,2048,1948,2048,2558,2048,1948,2048,2568,2048,1948,2048,2578,2048,1948,2048,2588,2048,1948,2048,2598,2048,1948,2048,2608,2048,1948,2048,2618,2048,1948,2048,2628,2048,1948,2048,2638,2048,1948,2048,2648,2048,1948,2048,2658,2048,1948,2048,2668,2048,1948,2048,2678,2048,1948,2048,2688,2048,1948,2048,2698,2048,1948,2048,2708,2048,1948,2048,2718,2048,1948,2048,2728,2048,1948,2048,2738,2048,1948,2048,2748,2048,1948,2048,2758,2048,1948,2048,2768,2048,1948,2048,2778,2048,1948,2048,2788,2048,1948,2048,2798,2048,1948,2048,2808,2048,1948,2048,2818,2048,1948,2048,2828,2048,1948,2048,2838,2048,1948,2048,2848,2048,1948,2048,2858,2048,1948,2048,2868,2048,1948,2048,2878,2048,1948,2048,2888,2048,1948,2048,2898,2048,1948,2048,2908,2048,1948,2048,2918,2048,1948,2048,2928,2048,1948,2048,2938,2048,1948,2048,2948,2048,1948,2048,2958,2048,1948,2048,2968,2048,1948,2048,2978,2048,1948,2048,2988,2048,1948,2048,2998,2048,1948,2048,3008,2048,1948,2048,3018,2048,1948,2048,3028,2048,1948,2048,3038,2048,1948,2048,3048,2048,1948,2048,3058,2048,1948,2048,3068,2048,1948,2048,3078,2048,1948,2048,3088,2048,1948,2048,3098,2048,1948,2048,3108,2048,1948,2048,3118,2048,1948,2048,3128,2048,1948,2048,3138,2048,1948,2048,3148,2048,1948,2048,3158,2048,1948,2048,3168,2048,1948,2048,3178,2048,1948,2048,3188,2048,1948,2048,3198,2048,1948,2048,3208,2048,1948,2048,3218,2048,1948,2048,3228,2048,1948,2048,3238,2048,1948,2048,3248,2048,1948,2048,3258,2048,1948,2048,3268,2048,1948,2048,3278,2048,1948,2048,3288,2048,1948,2048,3298,2048,1948,2048,3308,2048,1948,2048,3318,2048,1948,2048,3328,2048,1948,2048,3338,2048,1948,2048,3348,2048,1948,2048,3358,2048,1948,2048,3368,2048,1948,2048,3378,2048,1948,2048,3388,2048,1948,2048,3398,2048,1948,2048,3408,2048,1948,2048,3418,2048,1948,2048,3428,2048,1948,2048,3438,2048,1948,2048,3448,2048,1948,2048,3458,2048,1948,2048,3468,2048,1948,2048,3478,2048,1948,2048,3488,2048,1948,2048,3498,2048,1948,2048,3508,2048,1948,2048,3518,2048,1948,2048,3528,2048,1948,2048,3538,2048,1948,2048,3548,2048,1948,2048,3558,2048,1948,2048,3568,2048,1948,2048,3578,2048,1948,2048,3588,2048,1948,2048,3598,2048,1948,2048,3608,2048,1948,2048,3618,2048,1948,2048,3628,2048,1948,2048,3638,2048,1948,2048,3648,2048,1948,2048,3658,2048,1948,2048,3668,2048,1948,2048,3678,2048,1948,2048,3688,2048,1948,2048,3698,2048,1948,2048,3708,2048,1948,2048,3718,2048,1948,2048,3728,2048,1948,2048,3738,2048,1948,2048,3748,2048,1948,2048,3758,2048,1948,2048,3768,2048,1948,2048,3778,2048,1948,2048,3788,2048,1948,2048,3798,2048,1948,2048,3808,2048,1948,2048,3818,2048,1948,2048,3828,2048,1948,2048,3838,2048,1948,2048,3848,2048,1948,2048,3858,2048,1948,2048,3868,2048,1948,2048,3878,2048,1948,2048,3888,2048,1948,2048,3898,2048,1948,2048,3908,2048,1948,2048,3918,2048,1948,2048
2048,2048,2048,2048,512,256,288,-2,76,143,-13205,13205,0,151,2048,2048,2038,2048,2048,2048,2028,2048,2048,2048,2018,2048,2048,2048,2008,2048,2048,2048,1998,2048,2048,2048,1988,2048,2048,2048,1978,2048,2048,2048,1968,2048,2048,2048,1958,2048,2048,2048,1948,2048,2048,2048,1938,2048,2048,2048,1928,2048,2048,2048,1918,2048,2048,2048,1908,2048,2048,2048,1898,2048,2048,2048,1888,2048,2048,2048,1878,2048,2048,2048,1868,2048,2048,2048,1858,2048,2048,2048,1848,2048,2048,2048,1838,2048,2048,2048,1828,2048,2048,2048,1818,2048,2048,2048,1808,2048,2048,2048,1798,2048,2048,2048,1788,2048,2048,2048,1778,2048,2048,2048,1768,2048,2048,2048,1758,2048,2048,2048,1748,2048,2048,2048,1738,2048,2048,2048,1728,2048,2048,2048,1718,2048,2048,2048,1708,2048,2048,2048,1698,2048,2048,2048,1688,2048,2048,2048,1678,2048,2048,2048,1668,2048,2048,2048,1658,2048,2048,2048,1648,2048,2048,2048,1638,2048,2048,2048,1628,2048,2048,2048,1618,2048,2048,2048,1608,2048,2048,2048,1598,2048,2048,2048,1588,2048,2038,2048,1588,2048,2028,2048,1588,2048,2018,2048,1588,2048,2008,2048,1588,2048,1998,2048,1588,2048,1988,2048,1588,2048,1978,2048,1588,2048,1968,2048,1588,2048,1958,2048,1588,2048,1948,2048,1588,2048,1938,2048,1588,2048,1928,2048,1588,2048,1918,2048,1588,2048,1908,2048,1588,2048,1898,2048,1588,2048,1888,2048,1588,2048,1878,2048,1588,2048,1868,2048,1588,2048,1858,2048,1588,2048,1848,2048,1588,2048,1838,2048,1588,2048,1828,2048,1588,2048,1818,2048,1588,2048,1808,2048,1588,2048,1798,2048,1588,2048,1788,2048,1588,2048,1778,2048,1588,2048,1768,2048,1588,2048,1758,2048,1588,2048,1748,2048,1588,2048,1738,2048,1588,2048,1728,2048,1588,2048,1718,2048,1588,2048,1708,2048,1588,2048,1698,2048,1588,2048,1688,2048,1588,2048,1678,2048,1588,2048,1668,2048,1588,2048,1658,2048,1588,2048,1648,2048,1588,2048,1638,2048,1588,2048,1628,2048,1588,2048,1618,2048,1588,2048,1608,2048,1588,2048,1598,2048,1588,2048,1588,2048,1588,2048,1578,2048,1588,2048,1568,2048,1588,2048,1558,2048,1588,2048,1548,2048,1588,2048,1538,2048,1588,2048,1528,2048,1588,2048,1518,2048,1588,2048,1508,2048,1588,2048,1498,2048,1588,2048,1488,2048,1588,2048,1478,2048,1588,2048,1468,2048,1588,2048,1458,2048,1588,2048,1448,2048,1588,2048,1438,2048,1588,2048,1428,2048,1588,2048,1418,2048,1588,2048,1408,2048,1588,2048,1398,2048,1588,2048,1388,2048,1588,2048,1378,2048,1588,2048,1368,2048,1588,2048,1358,2048,1588,2048,1348,2048,1588,2048,1338,2048,1588,2048,1328,2048,1588,2048,1318,2048,1588,2048,1308,2048,1588,2048,1298,2048,1588,2048,1288,2048,1588,2048,1278,2048,1588,2048,1268,2048,1588,2048,1258,2048,1588,2048,1248,2048,1588,2048,1238,2048,1588,2048,1228,2048,1588,2048,1218,2048,1588,2048,1208,2048,1588,2048,1198,2048,1588,2048,1188,2048,1588,2048,1178,2048,1588,2048,1168,2048,1588,2048,1158,2048,1588,2048,1148,2048,1588,2048,1138,2048,1588,2048,1128,2048,1588,2048,1118,2048,1588,2048,1108,2048,1588,2048,1098,2048,1588,2048,1088,2048,1588,2048,1078,2048,1588,2048,1068,2048,1588,2048,1058,2048,1588,2048,1048,2048,1588,2048,1038,2048,1588,2048,1028,2048,1588,2048,1018,2048,1588,2048,1028,2048,1588,2048,1018,2048,1588,2048
2048,2048,2048,2048,512,256,-130,-27,471,152,-23499,23499,0,168,2058,2048,2048,2048,2068,2048,2048,2048,2078,2048,2048,2048,2088,2048,2048,2048,2098,2048,2048,2048,2108,2048,2048,2048,2118,2048,2048,2048,2128,2048,2048,2048,2138,2048,2048,2048,2148,2048,2048,2048,2158,2048,2048,2048,2168,2048,2048,2048,2178,2048,2048,2048,2188,2048,2048,2048,2198,2048,2048,2048,2208,2048,2048,2048,2218,2048,2048,2048,2228,2048,2048,2048,2238,2048,2048,2048,2248,2048,2048,2048,2258,2048,2048,2048,2268,2048,2048,2048,2278,2048,2048,2048,2288,2048,2048,2048,2298,2048,2048,2048,2308,2048,2048,2048,2318,2048,2048,2048,2328,2048,2048,2048,2338,2048,2048,2048,2348,2048,2048,2048,2358,2048,2048,2048,2368,2048,2048,2048,2378,2048,2048,2048,2388,2048,2048,2048,2398,2048,2048,2048,2408,2048,2048,2048,2418,2048,2048,2048,2428,2048,2048,2048,2438,2048,2048,2048,2448,2048,2048,2048,2458,2048,2048,2048,2468,2048,2048,2048,2478,2048,2048,2048,2488,2048,2048,2048,2498,2048,2048,2048,2508,2048,2048,2048,2518,2048,2048,2048,2528,2048,2048,2048,2538,2048,2048,2048,2548,2048,2048,2048,2558,2048,2048,2048,2568,2048,2048,2048,2578,2048,2048,2048,2588,2048,2048,2048,2598,2048,2048,2048,2608,2048,2048,2048,2618,2048,2048,2048,2628,2048,2048,2048,2638,2048,2048,2048,2648,2048,2048,2048,2658,2048,2048,2048,2668,2048,2048,2048,2678,2048,2048,2048,2688,2048,2048,2048,2698,2048,2048,2048,2708,2048,2048,2048,2718,2048,2048,2048,2728,2048,2048,2048,2738,2048,2048,2048,2748,2048,2048,2048,2758,2048,2048,2048,2768,2048,2048,2048,2778,2048,2048,2048,2788,2048,2048,2048,2798,2048,2048,2048,2808,2048,2048,2048,2818,2048,2048,2048,2828,2048,2048,2048,2838,2048,2048,2048,2848,2048,2048,2048,2858,2048,2048,2048,2868,2048,2048,2048,2878,2048,2048,2048,2888,2048,2048,2048,2898,2048,2048,2048,2908,2048,2048,2048,2918,2048,2048,2048,2928,2048,2048,2048,2938,2048,2048,2048,2948,2048,2048,2048,2958,2048,2048,2048,2968,2048,2048,2048,2978,2048,2048,2048,2988,2048,2048,2048,2998,2048,2048,2048,3008,2048,2048,2048,3018,2048,2048,2048,3028,2048,2048,2048,3038,2048,2048,2048,3048,2048,2048,2048,3058,2048,2048,2048,3068,2048,2048,2048,3078,2048,2048,2048,3088,2048,2048,2048,3098,2048,2048,2048,3108,2048,2048,2048,3118,2048,2048,2048,3128,2048,2048,2048,3138,2048,2048,2048,3138,2038,2048,2048,3138,2028,2048,2048,3138,2018,2048,2048,3138,2008,2048,2048,3138,1998,2048,2048,3138,1988,2048,2048,3138,1978,2048,2048,3138,1968,2048,2048,3138,1958,2048,2048,3138,1948,2048,2048,3138,1938,2048,2048,3138,1928,2048,2048,3138,1918,2048,2048,3138,1908,2048,2048,3138,1898,2048,2048,3138,1888,2048,2048,3138,1878,2048,2048,3148,1878,2048,2048,3148,1868,2048,2048,3148,1858,2048,2048,3148,1848,2048,2048,3148,1838,2048,2048,3148,1828,2048,2048,3148,1818,2048,2048,3148,1808,2048,2048,3148,1798,2048,2048,3148,1788,2048,2048,3148,1778,2048,2048,3148,1768,2048,2048,3158,1768,2048,2048,3158,1758,2048,2048,3158,1748,2048,2048,3158,1738,2048,2048,3158,1728,2048,2048,3158,1718,2048,2048,3158,1708,2048,2048,3158,1698,2048,2048,3168,1698,2048,2048,3168,1688,2048,2048,3168,1678,2048,2048,3168,1668,2048,2048,3168,1658,2048,2048,3168,1648,2048,2048,3168,1638,2048,2048,3178,1638,2048,2048,3178,1628,2048,2048,3178,1618,2048,2048,3178,1608,2048,2048,3178,1598,2048,2048,3188,1598,2048,2048,3188,1588,2048,2048,3188,1578,2048,2048,3188,1568,2048,2048,3198,1568,2048,2048,3198,1558,2048,2048,3208,1558,2048,2048,3218,1558,2048,2048,3208,1558,2048,2048,3218,1558,2048,2048
2048,2048,2048,2048,512,256,-73,315,216,62,14560,3860,1,44,2058,2048,2048,2048,2068,2048,2048,2048,2078,2048,2048,2048,2088,2048,2048,2048,2098,2048,2048,2048,2108,2048,2048,2048,2118,2048,2048,2048,2128,2048,2048,2048,2138,2048,2048,2048,2148,2048,2048,2048,2158,2048,2048,2048,2168,2048,2048,2048,2178,2048,2048,2048,2188,2048,2048,2048,2198,2048,2048,2048,2198,2048,2038,2048,2198,2048,2028,2048,2198,2048,2018,2048,2198,2048,2008,2048,2198,2048,1998,2048,2198,2048,1988,2048,2198,2048,1978,2048,2198,2048,1968,2048,2198,2048,1958,2048,2198,2048,1948,2048,2198,2048,1938,2048,2198,2048,1928,2048,2208,2048,1928,2048,2208,2038,1928,2048,2208,2038,1918,2048,2208,2028,1918,2048,2208,2028,1908,2048,2208,2018,1908,2048,2208,2018,1898,2048,2208,2008,1898,2048,2208,2008,1888,2048,2208,1998,1888,2048,2208,1998,1878,2048,2208,1988,1878,2048,2208,1988,1868,2048,2208,1988,1858,2048,2208,1978,1858,2048,2208,1978,1848,2048,2198,1978,1848,2048
2048,2048,2048,2048,512,256,21,203,303,45,-126425,126425,0,15,2038,2048,2048,2048,2028,2048,2048,2048,2018,2048,2048,2048,2008,2048,2048,2048,1998,2048,2048,2048,1998,2038,2048,2048,1998,2028,2048,2048,1998,2018,2048,2048,1998,2008,2048,2048,1998,1998,2048,2048,1998,1988,2048,2048,1988,1988,2048,2048,1978,1988,2048,2048,1988,1988,2048,2048,1978,1988,2048,2048
2048,2048,2048,2048,512,256,71,-124,339,147,-209783,209783,0,149,2038,2048,2048,2048,2028,2048,2048,2048,2018,2048,2048,2048,2008,2048,2048,2048,1998,2048,2048,2048,1988,2048,2048,2048,1978,2048,2048,2048,1968,2048,2048,2048,1958,2048,2048,2048,1948,2048,2048,2048,1938,2048,2048,2048,1928,2048,2048,2048,1918,2048,2048,2048,1908,2048,2048,2048,1908,2038,2048,2048,1908,2028,2048,2048,1908,2018,2048,2048,1908,2008,2048,2048,1908,1998,2048,2048,1908,1988,2048,2048,1898,1988,2048,2048,1898,1978,2048,2048,1898,1968,2048,2048,1898,1958,2048,2048,1898,1948,2048,2048,1898,1938,2048,2048,1898,1928,2048,2048,1898,1918,2048,2048,1888,1918,2048,2048,1878,1918,2048,2048,1868,1918,2048,2048,1858,1918,2048,2048,1848,1918,2048,2048,1838,1918,2048,2048,1828,1918,2048,2048,1818,1918,2048,2048,1808,1918,2048,2048,1798,1918,2048,2048,1788,1918,2048,2048,1778,1918,2048,2048,1768,1918,2048,2048,1758,1918,2048,2048,1748,1918,2048,2048,1738,1918,2048,2048,1728,1918,2048,2048,1718,1918,2048,2048,1708,1918,2048,2048,1698,1918,2048,2048,1688,1918,2048,2048,1678,1918,2048,2048,1668,1918,2048,2048,1658,1918,2048,2048,1648,1918,2048,2048,1638,1918,2048,2048,1628,1918,2048,2048,1618,1918,2048,2048,1608,1918,2048,2048,1598,1918,2048,2048,1588,1918,2048,2048,1578,1918,2048,2048,1568,1918,2048,2048,1558,1918,2048,2048,1548,1918,2048,2048,1538,1918,2048,2048,1528,1918,2048,2048,1518,1918,2048,2048,1508,1918,2048,2048,1498,1918,2048,2048,1488,1918,2048,2048,1478,1918,2048,2048,1468,1918,2048,2048,1458,1918,2048,2048,1448,1918,2048,2048,1438,1918,2048,2048,1428,1918,2048,2048,1418,1918,2048,2048,1408,1918,2048,2048,1398,1918,2048,2048,1388,1918,2048,2048,1378,1918,2048,2048,1368,1918,2048,2048,1358,1918,2048,2048,1348,1918,2048,2048,1338,1918,2048,2048,1328,1918,2048,2048,1318,1918,2048,2048,1308,1918,2048,2048,1298,1918,2048,2048,1288,1918,2048,2048,1278,1918,2048,2048,1268,1918,2048,2048,1258,1918,2048,2048,1248,1918,2048,2048,1238,1918,2048,2048,1228,1918,2048,2048,1218,1918,2048,2048,1208,1918,2048,2048,1198,1918,2048,2048,1188,1918,2048,2048,1178,1918,2048,2048,1168,1918,2048,2048,1158,1918,2048,2048,1148,1918,2048,2048,1138,1918,2048,2048,1128,1918,2048,2048,1118,1918,2048,2048,1108,1918,2048,2048,1098,1918,2048,2048,1088,1918,2048,2048,1078,1918,2048,2048,1068,1918,2048,2048,1058,1918,2048,2048,1048,1918,2048,2048,1038,1918,2048,2048,1028,1918,2048,2048,1018,1918,2048,2048,1018,1918,2058,2048,1018,1918,2068,2048,1008,1918,2068,2048,998,1918,2068,2048,988,1918,2068,2048,978,1918,2068,2048,968,1918,2068,2048,958,1918,2068,2048,948,1918,2068,2048,938,1918,2068,2048,928,1918,2068,2048,918,1918,2068,2048,908,1918,2068,2048,898,1918,2068,2048,888,1918,2068,2048,878,1918,2068,2048,868,1918,2068,2048,858,1918,2068,2048,848,1918,2068,2048,838,1918,2068,2048,828,1918,2068,2048,818,1918,2068,2048,808,1918,2068,2048,798,1918,2068,2048,788,1918,2068,2048,778,1918,2068,2048,768,1918,2068,2048,758,1918,2068,2048,748,1918,2068,2048,748,1918,2058,2048,738,1918,2058,2048,748,1918,2058,2048,738,1918,2058,2048
2048,2048,2048,2048,512,256,-31,-352,155,218,12500,3521,1,250,2058,2048,2048,2048,2068,2048,2048,2048,2078,2048,2048,2048,2088,2048,2048,2048,2098,2048,2048,2048,2108,2048,2048,2048,2108,2048,2038,2048,2108,2048,2028,2048,2108,2048,2018,2048,2108,2048,2008,2048,2108,2048,1998,2048,2108,2048,1988,2048,2108,2048,1978,2048,2108,2048,1968,2048,2108,2048,1958,2048,2108,2048,1948,2048,2108,2048,1938,2048,2118,2048,1938,2048,2118,2048,1928,2048,2118,2048,1918,2048,2118,2048,1908,2048,2118,2048,1898,2048,2118,2048,1888,2048,2118,2048,1878,2048,2118,2048,1868,2048,2118,2048,1858,2048,2118,2048,1848,2048,2118,2048,1838,2048,2118,2048,1828,2048,2118,2048,1818,2048,2118,2048,1808,2048,2118,2048,1798,2048,2118,2048,1788,2048,2128,2048,1788,2048,2138,2048,1788,2048,2148,2048,1788,2048,2158,2048,1788,2048,2168,2048,1788,2048,2178,2048,1788,2048,2188,2048,1788,2048,2198,2048,1788,2048,2208,2048,1788,2048,2218,2048,1788,2048,2228,2048,1788,2048,2238,2048,1788,2048,2248,2048,1788,2048,2258,2048,1788,2048,2268,2048,1788,2048,2278,2048,1788,2048,2288,2048,1788,2048,2298,2048,1788,2048,2308,2048,1788,2048,2318,2048,1788,2048,2328,2048,1788,2048,2338,2048,1788,2048,2348,2048,1788,2048,2358,2048,1788,2048,2368,2048,1788,2048,2378,2048,1788,2048,2388,2048,1788,2048,2398,2048,1788,2048,2408,2048,1788,2048,2418,2048,1788,2048,2428,2048,1788,2048,2438,2048,1788,2048,2448,2048,1788,2048,2458,2048,1788,2048,2468,2048,1788,2048,2478,2048,1788,2048,2488,2048,1788,2048,2498,2048,1788,2048,2508,2048,1788,2048,2518,2048,1788,2048,2528,2048,1788,2048,2538,2048,1788,2048,2548,2048,1788,2048,2558,2048,1788,2048,2568,2048,1788,2048,2578,2048,1788,2048,2588,2048,1788,2048,2598,2048,1788,2048,2608,2048,1788,2048,2618,2048,1788,2048,2628,2048,1788,2048,2638,2048,1788,2048,2648,2048,1788,2048,2658,2048,1788,2048,2668,2048,1788,2048,2678,2048,1788,2048,2688,2048,1788,2048,2698,2048,1788,2048,2708,2048,1788,2048,2718,2048,1788,2048,2728,2048,1788,2048,2738,2048,1788,2048,2748,2048,1788,2048,2758,2048,1788,2048,2768,2048,1788,2048,2778,2048,1788,2048,2788,2048,1788,2048,2798,2048,1788,2048,2808,2048,1788,2048,2818,2048,1788,2048,2828,2048,1788,2048,2838,2048,1788,2048,2848,2048,1788,2048,2858,2048,1788,2048,2868,2048,1788,2048,2878,2048,1788,2048,2888,2048,1788,2048,2898,2048,1788,2048,2908,2048,1788,2048,2918,2048,1788,2048,2928,2048,1788,2048,2938,2048,1788,2048,2948,2048,1788,2048,2958,2048,1788,2048,2968,2048,1788,2048,2978,2048,1788,2048,2988,2048,1788,2048,2998,2048,1788,2048,3008,2048,1788,2048,3018,2048,1788,2048,3028,2048,1788,2048,3038,2048,1788,2048,3048,2048,1788,2048,3058,2048,1788,2048,3068,2048,1788,2048,3078,2048,1788,2048,3088,2048,1788,2048,3098,2048,1788,2048,3108,2048,1788,2048,3118,2048,1788,2048,3128,2048,1788,2048,3138,2048,1788,2048,3148,2048,1788,2048,3158,2048,1788,2048,3168,2048,1788,2048,3178,2048,1788,2048,3188,2048,1788,2048,3198,2048,1788,2048,3208,2048,1788,2048,3218,2048,1788,2048,3228,2048,1788,2048,3238,2048,1788,2048,3248,2048,1788,2048,3258,2048,1788,2048,3268,2048,1788,2048,3278,2048,1788,2048,3288,2048,1788,2048,3298,2048,1788,2048,3308,2048,1788,2048,3318,2048,1788,2048,3328,2048,1788,2048,3338,2048,1788,2048,3348,2048,1788,2048,3358,2048,1788,2048,3368,2048,1788,2048,3378,2048,1788,2048,3388,2048,1788,2048,3398,2048,1788,2048,3408,2048,1788,2048,3418,2048,1788,2048,3428,2048,1788,2048,3438,2048,1788,2048,3448,2048,1788,2048,3458,2048,1788,2048,3468,2048,1788,2048,3478,2048,1788,2048,3488,2048,1788,2048,3498,2048,1788,2048,3508,2048,1788,2048,3518,2048,1788,2048,3528,2048,1788,2048,3538,2048,1788,2048,3548,2048,1788,2048,3558,2048,1788,2048,3568,2048,1788,2048,3578,2048,1788,2048,3588,2048,1788,2048,3598,2048,1788,2048,3608,2048,1788,2048,3618,2048,1788,2048,3628,2048,1788,2048,3638,2048,1788,2048,3648,2048,1788,2048,3658,2048,1788,2048,3668,2048,1788,2048,3678,2048,1788,2048,3688,2048,1788,2048,3698,2048,1788,2048,3708,2048,1788,2048,3718,2048,1788,2048,3728,2048,1788,2048,3738,2048,1788,2048,3748,2048,1788,2048,3758,2048,1788,2048,3768,2048,1788,2048,3778,2048,1788,2048,3788,2048,1788,2048,3798,2048,1788,2048,3808,2048,1788,2048,3818,2048,1788,2048,3828,2048,1788,2048,3838,2048,1788,2048,3848,2048,1788,2048,3858,2048,1788,2048,3868,2048,1788,2048,3878,2048,1788,2048,3888,2048,1788,2048,3898,2048,1788,2048,3908,2048,1788,2048,3918,2048,1788,2048,3928,2048,1788,2048,3938,2048,1788,2048,3948,2048,1788,2048,3958,2048,1788,2048,3968,2048,1788,2048,3978,2048,1788,2048,3988,2048,1788,2048,3998,2048,1788,2048,4008,2048,1788,2048,4018,2048,1788,2048,4028,2048,1788,2048,4038,2048,1788,2048,4038,2048,1798,2048,4038,2058,1798,2048,4038,2058,1808,2048,4038,2068,1808,2048,4038,2068,1818,2048,4038,2068,1828,2048,4038,2078,1828,2048,4038,2078,1838,2048,4038,2088,1838,2048,4038,2088,1848,2048,4038,2098,1848,2048,4038,2098,1858,2048,4038,2108,1858,2048,4038,2108,1868,2048,4038,2108,1878,2048,4038,2118,1878,2048,4038,2118,1888,2048,4038,2128,1888,2048,4038,2128,1898,2048,4038,2138,1898,2048,4038,2138,1908,2048,4038,2148,1908,2048,4038,2148,1918,2048,4038,2158,1918,2048,4038,2158,1928,2048
2048,2048,2048,2048,512,256,262,-242,214,173,13150,4962,1,185,2048,2048,2038,2048,2048,2048,2028,2048,2048,2048,2018,2048,2048,2048,2008,2048,2048,2048,1998,2048,2048,2048,1988,2048,2048,2048,1978,2048,2048,2048,1968,2048,2048,2048,1958,2048,2048,2048,1948,2048,2048,2048,1938,2048,2048,2048,1928,2048,2038,2048,1928,2048,2028,2048,1928,2048,2018,2048,1928,2048,2008,2048,1928,2048,1998,2048,1928,2048,1988,2048,1928,2048,1978,2048,1928,2048,1968,2048,1928,2048,1958,2048,1928,2048,1948,2048,1928,2048,1938,2048,1928,2048,1928,2048,1928,2048,1918,2048,1928,2048,1908,2048,1928,2048,1898,2048,1928,2048,1888,2048,1928,2048,1878,2048,1928,2048,1868,2048,1928,2048,1858,2048,1928,2048,1848,2048,1928,2048,1838,2048,1928,2048,1828,2048,1928,2048,1818,2048,1928,2048,1808,2048,1928,2048,1798,2048,1928,2048,1788,2048,1928,2048,1778,2048,1928,2048,1768,2048,1928,2048,1758,2048,1928,2048,1748,2048,1928,2048,1738,2048,1928,2048,1728,2048,1928,2048,1718,2048,1928,2048,1708,2048,1928,2048,1698,2048,1928,2048,1688,2048,1928,2048,1678,2048,1928,2048,1668,2048,1928,2048,1658,2048,1928,2048,1648,2048,1928,2048,1638,2048,1928,2048,1628,2048,1928,2048,1618,2048,1928,2048,1608,2048,1928,2048,1598,2048,1928,2048,1588,2048,1928,2048,1578,2048,1928,2048,1568,2048,1928,2048,1558,2048,1928,2048,1548,2048,1928,2048,1538,2048,1928,2048,1528,2048,1928,2048,1518,2048,1928,2048,1508,2048,1928,2048,1498,2048,1928,2048,1488,2048,1928,2048,1478,2048,1928,2048,1468,2048,1928,2048,1458,2048,1928,2048,1448,2048,1928,2048,1438,2048,1928,2048,1428,2048,1928,2048,1418,2048,1928,2048,1408,2048,1928,2048,1398,2048,1928,2048,1388,2048,1928,2048,1378,2048,1928,2048,1368,2048,1928,2048,1358,2048,1928,2048,1348,2048,1928,2048,1338,2048,1928,2048,1328,2048,1928,2048,1318,2048,1928,2048,1308,2048,1928,2048,1298,2048,1928,2048,1288,2048,1928,2048,1278,2048,1928,2048,1268,2048,1928,2048,1258,2048,1928,2048,1248,2048,1928,2048,1238,2048,1928,2048,1228,2048,1928,2048,1218,2048,1928,2048,1208,2048,1928,2048,1198,2048,1928,2048,1188,2048,1928,2048,1178,2048,1928,2048,1168,2048,1928,2048,1158,2048,1928,2048,1148,2048,1928,2048,1138,2048,1928,2048,1128,2048,1928,2048,1118,2048,1928,2048,1108,2048,1928,2048,1098,2048,1928,2048,1088,2048,1928,2048,1078,2048,1928,2048,1068,2048,1928,2048,1058,2048,1928,2048,1048,2048,1928,2048,1038,2048,1928,2048,1028,2048,1928,2048,1018,2048,1928,2048,1018,2048,1938,2048,1008,2048,1938,2048,998,2048,1938,2048,988,2048,1938,2048,978,2048,1938,2048,968,2048,1938,2048,958,2048,1938,2048,948,2048,1938,2048,938,2048,1938,2048,928,2048,1938,2048,918,2048,1938,2048,908,2048,1938,2048,898,2048,1938,2048,888,2048,1938,2048,878,2048,1938,2048,868,2048,1938,2048,858,2048,1938,2048,848,2048,1938,2048,838,2048,1938,2048,828,2048,1938,2048,818,2048,1938,2048,808,2048,1938,2048,798,2048,1938,2048,788,2048,1938,2048,778,2048,1938,2048,768,2048,1938,2048,758,2048,1938,2048,748,2048,1938,2048,738,2048,1938,2048,728,2048,1938,2048,718,2048,1938,2048,708,2048,1938,2048,698,2048,1938,2048,688,2048,1938,2048,678,2048,1938,2048,668,2048,1938,2048,658,2048,1938,2048,648,2048,1938,2048,638,2048,1938,2048,628,2048,1938,2048,618,2048,1938,2048,608,2048,1938,2048,598,2048,1938,2048,588,2048,1938,2048,578,2048,1938,2048,568,2048,1938,2048,568,2058,1938,2048,578,2058,1938,2048,578,2058,1948,2048,568,2058,1948,2048,558,2058,1948,2048,558,2068,1948,2048,568,2068,1948,2048,568,2068,1958,2048,558,2068,1958,2048,558,2078,1958,2048,568,2078,1958,2048,568,2078,1968,2048,568,2078,1978,2048,558,2078,1978,2048,548,2078,1978,2048,548,2088,1978,2048,558,2088,1978,2048,558,2088,1988,2048,548,2088,1988,2048,548,2098,1988,2048,558,2098,1988,2048,558,2098,1998,2048,548,2098,1998,2048,538,2098,1998,2048
2048,2048,2048,2048,512,256,242,141,38,129,-45113,45113,0,129,2048,2048,2038,2048,2048,2048,2028,2048,2048,2048,2018,2048,2048,2048,2008,2048,2048,2048,1998,2048,2048,2048,1988,2048,2048,2048,1978,2048,2048,2048,1968,2048,2048,2048,1958,2048,2048,2048,1948,2048,2048,2048,1938,2048,2048,2048,1928,2048,2048,2048,1918,2048,2048,2048,1908,2048,2048,2048,1898,2048,2048,2048,1888,2048,2048,2048,1878,2048,2048,2048,1868,2048,2048,2048,1858,2048,2048,2048,1848,2048,2048,2048,1838,2048,2048,2048,1828,2048,2048,2048,1818,2048,2048,2048,1808,2048,2048,2048,1798,2048,2048,2048,1788,2048,2048,2048,1778,2048,2048,2048,1768,2048,2048,2048,1758,2048,2048,2048,1748,2048,2048,2048,1738,2048,2048,2048,1728,2048,2048,2048,1718,2048,2048,2048,1708,2048,2048,2048,1698,2048,2048,2048,1688,2048,2048,2048,1678,2048,2048,2048,1668,2048,2048,2048,1658,2048,2048,2048,1648,2048,2048,2048,1638,2048,2048,2048,1628,2048,2048,2048,1618,2048,2048,2048,1608,2048,2048,2048,1598,2048,2048,2048,1588,2048,2048,2048,1578,2048,2048,2048,1568,2048,2048,2048,1558,2048,2048,2048,1548,2048,2048,2048,1538,2048,2048,2048,1528,2048,2048,2048,1518,2048,2048,2048,1508,2048,2048,2048,1498,2048,2048,2048,1488,2048,2048,2048,1478,2048,2048,2048,1468,2048,2038,2048,1468,2048,2028,2048,1468,2048,2018,2048,1468,2048,2008,2048,1468,2048,1998,2048,1468,2048,1988,2048,1468,2048,1978,2048,1468,2048,1968,2048,1468,2048,1958,2048,1468,2048,1948,2048,1468,2048,1938,2048,1468,2048,1928,2048,1468,2048,1918,2048,1468,2048,1908,2048,1468,2048,1898,2048,1468,2048,1888,2048,1468,2048,1878,2048,1468,2048,1868,2048,1468,2048,1858,2048,1468,2048,1848,2048,1468,2048,1838,2048,1468,2048,1828,2048,1468,2048,1818,2048,1468,2048,1808,2048,1468,2048,1798,2048,1468,2048,1788,2048,1468,2048,1778,2048,1468,2048,1768,2048,1468,2048,1758,2048,1468,2048,1748,2048,1468,2048,1738,2048,1468,2048,1728,2048,1468,2048,1718,2048,1468,2048,1708,2048,1468,2048,1698,2048,1468,2048,1688,2048,1468,2048,1678,2048,1468,2048,1668,2048,1468,2048,1658,2048,1468,2048,1648,2048,1468,2048,1638,2048,1468,2048,1628,2048,1468,2048,1618,2048,1468,2048,1608,2048,1468,2048,1598,2048,1468,2048,1588,2048,1468,2048,1578,2048,1468,2048,1568,2048,1468,2048,1558,2048,1468,2048,1548,2048,1468,2048,1538,2048,1468,2048,1528,2048,1468,2048,1518,2048,1468,2048,1508,2048,1468,2048,1498,2048,1468,2048,1488,2048,1468,2048,1478,2048,1468,2048,1468,2048,1468,2048,1458,2048,1468,2048,1448,2048,1468,2048,1438,2048,1468,2048,1428,2048,1468,2048,1418,2048,1468,2048,1408,2048,1468,2048,1398,2048,1468,2048,1388,2048,1468,2048,1378,2048,1468,2048,1368,2048,1468,2048,1358,2048,1468,2048,1368,2048,1468,2048,1358,2048,1468,2048
2048,2048,2048,2048,512,256,412,15,81,136,-132369,132369,0,147,2048,2048,2038,2048,2048,2048,2028,2048,2048,2048,2018,2048,2048,2048,2008,2048,2048,2048,1998,2048,2048,2048,1988,2048,2048,2048,1978,2048,2048,2048,1968,2048,2048,2048,1958,2048,2048,2048,1948,2048,2048,2048,1938,2048,2048,2048,1928,2048,2048,2048,1918,2048,2048,2048,1908,2048,2048,2048,1898,2048,2048,2048,1888,2048,2048,2048,1878,2048,2048,2048,1868,2048,2048,2048,1858,2048,2048,2048,1848,2048,2048,2048,1838,2048,2048,2048,1828,2048,2048,2048,1818,2048,2048,2048,1808,2048,2048,2048,1798,2048,2048,2048,1788,2048,2048,2048,1778,2048,2048,2048,1768,2048,2048,2048,1758,2048,2048,2048,1748,2048,2048,2048,1738,2048,2048,2048,1728,2048,2048,2048,1718,2048,2048,2048,1708,2048,2048,2048,1698,2048,2048,2048,1688,2048,2048,2048,1678,2048,2048,2048,1668,2048,2048,2048,1658,2048,2048,2048,1648,2048,2048,2048,1638,2048,2048,2048,1628,2048,2048,2048,1618,2048,2048,2048,1608,2048,2038,2048,1608,2048,2028,2048,1608,2048,2018,2048,1608,2048,2008,2048,1608,2048,1998,2048,1608,2048,1988,2048,1608,2048,1978,2048,1608,2048,1968,2048,1608,2048,1958,2048,1608,2048,1948,2048,1608,2048,1938,2048,1608,2048,1928,2048,1608,2048,1918,2048,1608,2048,1908,2048,1608,2048,1898,2048,1608,2048,1888,2048,1608,2048,1878,2048,1608,2048,1868,2048,1608,2048,1858,2048,1608,2048,1848,2048,1608,2048,1838,2048,1608,2048,1828,2048,1608,2048,1818,2048,1608,2048,1808,2048,1608,2048,1798,2048,1608,2048,1788,2048,1608,2048,1778,2048,1608,2048,1768,2048,1608,2048,1758,2048,1608,2048,1748,2048,1608,2048,1738,2048,1608,2048,1728,2048,1608,2048,1718,2048,1608,2048,1708,2048,1608,2048,1698,2048,1608,2048,1688,2048,1608,2048,1678,2048,1608,2048,1668,2048,1608,2048,1658,2048,1608,2048,1648,2048,1608,2048,1638,2048,1608,2048,1628,2048,1608,2048,1618,2048,1608,2048,1608,2048,1608,2048,1598,2048,1608,2048,1588,2048,1608,2048,1578,2048,1608,2048,1568,2048,1608,2048,1558,2048,1608,2048,1548,2048,1608,2048,1538,2048,1608,2048,1528,2048,1608,2048,1518,2048,1608,2048,1508,2048,1608,2048,1498,2048,1608,2048,1488,2048,1608,2048,1478,2048,1608,2048,1468,2048,1608,2048,1458,2048,1608,2048,1448,2048,1608,2048,1438,2048,1608,2048,1428,2048,1608,2048,1418,2048,1608,2048,1408,2048,1608,2048,1398,2048,1608,2048,1388,2048,1608,2048,1378,2048,1608,2048,1368,2048,1608,2048,1358,2048,1608,2048,1348,2048,1608,2048,1338,2048,1608,2048,1328,2048,1608,2048,1318,2048,1608,2048,1308,2048,1608,2048,1298,2048,1608,2048,1288,2048,1608,2048,1278,2048,1608,2048,1268,2048,1608,2048,1258,2048,1608,2048,1248,2048,1608,2048,1238,2048,1608,2048,1228,2048,1608,2048,1218,2048,1608,2048,1208,2048,1608,2048,1198,2048,1608,2048,1188,2048,1608,2048,1178,2048,1608,2048,1168,2048,1608,2048,1158,2048,1608,2048,1148,2048,1608,2048,1138,2048,1608,2048,1128,2048,1608,2048,1118,2048,1608,2048,1108,2048,1608,2048,1098,2048,1608,2048,1088,2048,1608,2048,1078,2048,1608,2048,1068,2048,1608,2048,1058,2048,1608,2048,1048,2048,1608,2048,1038,2048,1608,2048,1048,2048,1608,2048,1038,2048,1608,2048
2048,2048,2048,2048,512,256,159,198,48,103,14020,4780,1,98,2048,2048,2038,2048,2048,2048,2028,2048,2048,2048,2018,2048,2048,2048,2008,2048,2048,2048,1998,2048,2048,2048,1988,2048,2048,2048,1978,2048,2048,2048,1968,2048,2048,2048,1958,2048,2048,2048,1948,2048,2048,2048,1938,2048,2048,2048,1928,2048,2048,2048,1918,2048,2048,2048,1908,2048,2048,2048,1898,2048,2048,2048,1888,2048,2048,2048,1878,2048,2048,2048,1868,2048,2048,2048,1858,2048,2048,2048,1848,2048,2048,2048,1838,2048,2048,2048,1828,2048,2048,2048,1818,2048,2048,2048,1808,2048,2048,2048,1798,2048,2048,2048,1788,2048,2048,2048,1778,2048,2048,2048,1768,2048,2048,2048,1758,2048,2048,2048,1748,2048,2048,2048,1738,2048,2048,2048,1728,2048,2048,2048,1718,2048,2048,2048,1708,2048,2048,2048,1698,2048,2048,2048,1688,2048,2048,2048,1678,2048,2048,2048,1668,2048,2048,2048,1658,2048,2048,2048,1648,2048,2048,2048,1638,2048,2048,2048,1628,2048,2048,2048,1618,2048,2048,2048,1608,2048,2048,2048,1598,2048,2048,2048,1588,2048,2048,2048,1578,2048,2048,2048,1568,2048,2048,2048,1558,2048,2048,2048,1548,2048,2048,2048,1538,2048,2048,2048,1528,2048,2048,2048,1518,2048,2048,2048,1508,2048,2038,2048,1508,2048,2028,2048,1508,2048,2018,2048,1508,2048,2008,2048,1508,2048,1998,2048,1508,2048,1988,2048,1508,2048,1978,2048,1508,2048,1968,2048,1508,2048,1958,2048,1508,2048,1948,2048,1508,2048,1938,2048,1508,2048,1928,2048,1508,2048,1918,2048,1508,2048,1908,2048,1508,2048,1898,2048,1508,2048,1888,2048,1508,2048,1878,2048,1508,2048,1868,2048,1508,2048,1858,2048,1508,2048,1848,2048,1508,2048,1838,2048,1508,2048,1828,2048,1508,2048,1818,2048,1508,2048,1808,2048,1508,2048,1798,2048,1508,2048,1788,2048,1508,2048,1778,2048,1508,2048,1768,2048,1508,2048,1758,2048,1508,2048,1748,2048,1508,2048,1738,2048,1508,2048,1728,2048,1508,2048,1718,2048,1508,2048,1708,2048,1508,2048,1698,2048,1508,2048,1688,2048,1508,2048,1678,2048,1508,2048,1668,2048,1508,2048,1658,2048,1508,2048,1648,2048,1508,2048,1638,2048,1508,2048,1628,2048,1508,2048,1618,2048,1508,2048,1608,2048,1508,2048
2048,2048,2048,2048,512,256,127,140,238,79,-154430,154430,0,57,2048,2048,2038,2048,2048,2048,2028,2048,2048,2048,2018,2048,2048,2048,2008,2048,2048,2048,1998,2048,2048,2048,1988,2048,2048,2048,1978,2048,2038,2048,1978,2048,2028,2048,1978,2048,2018,2048,1978,2048,2008,2048,1978,2048,1998,2048,1978,2048,1988,2048,1978,2048,1978,2048,1978,2048,1968,2048,1978,2048,1958,2048,1978,2048,1948,2048,1978,2048,1938,2048,1978,2048,1928,2048,1978,2048,1918,2048,1978,2048,1908,2048,1978,2048,1898,2048,1978,2048,1888,2048,1978,2048,1878,2048,1978,2048,1868,2048,1978,2048,1858,2048,1978,2048,1848,2048,1978,2048,1838,2048,1978,2048,1828,2048,1978,2048,1818,2048,1978,2048,1808,2048,1978,2048,1798,2048,1978,2048,1788,2048,1978,2048,1778,2048,1978,2048,1768,2048,1978,2048,1758,2048,1978,2048,1748,2048,1978,2048,1738,2048,1978,2048,1728,2048,1978,2048,1718,2048,1978,2048,1708,2048,1978,2048,1698,2048,1978,2048,1688,2048,1978,2048,1678,2048,1978,2048,1668,2048,1978,2048,1658,2048,1978,2048,1648,2048,1978,2048,1638,2048,1978,2048,1628,2048,1978,2048,1618,2048,1978,2048,1608,2048,1978,2048,1598,2048,1978,2048,1588,2048,1978,2048,1578,2048,1978,2048,1568,2048,1978,2048,1578,2048,1978,2048,1568,2048,1978,2048
2048,2048,2048,2048,512,256,53,435,128,62,-127585,127585,0,42,2048,2048,2038,2048,2048,2048,2028,2048,2048,2048,2018,2048,2048,2048,2008,2048,2048,2048,1998,2048,2048,2048,1988,2048,2048,2048,1978,2048,2048,2048,1968,2048,2048,2048,1958,2048,2048,2048,1948,2048,2048,2048,1938,2048,2048,2048,1928,2048,2048,2048,1918,2048,2048,2048,1908,2048,2048,2048,1898,2048,2048,2048,1888,2048,2048,2048,1878,2048,2048,2048,1868,2048,2048,2048,1858,2048,2048,2048,1848,2048,2048,2048,1838,2048,2048,2048,1828,2048,2048,2048,1818,2048,2048,2048,1808,2048,2048,2048,1798,2048,2048,2048,1788,2048,2048,2048,1778,2048,2048,2048,1768,2048,2048,2048,1758,2048,2048,2048,1748,2048,2048,2048,1738,2048,2048,2048,1728,2048,2038,2048,1728,2048,2028,2048,1728,2048,2018,2048,1728,2048,2008,2048,1728,2048,1998,2048,1728,2048,1988,2048,1728,2048,1978,2048,1728,2048,1968,2048,1728,2048,1978,2048,1728,2048,1968,2048,1728,2048
2048,2048,2048,2048,512,256,82,-237,194,171,-142875,142875,0,178,2048,2048,2038,2048,2048,2048,2028,2048,2048,2048,2018,2048,2048,2048,2008,2048,2048,2048,1998,2048,2048,2048,1988,2048,2048,2048,1978,2048,2048,2048,1968,2048,2048,2048,1958,2048,2048,2048,1948,2048,2048,2048,1938,2048,2048,2048,1928,2048,2048,2048,1918,2048,2048,2048,1908,2048,2048,2048,1898,2048,2048,2048,1888,2048,2048,2048,1878,2048,2038,2048,1878,2048,2028,2048,1878,2048,2018,2048,1878,2048,2008,2048,1878,2048,1998,2048,1878,2048,1988,2048,1878,2048,1978,2048,1878,2048,1968,2048,1878,2048,1958,2048,1878,2048,1948,2048,1878,2048,1938,2048,1878,2048,1928,2048,1878,2048,1918,2048,1878,2048,1908,2048,1878,2048,1898,2048,1878,2048,1888,2048,1878,2048,1878,2048,1878,2048,1868,2048,1878,2048,1858,2048,1878,2048,1848,2048,1878,2048,1838,2048,1878,2048,1828,2048,1878,2048,1818,2048,1878,2048,1808,2048,1878,2048,1798,2048,1878,2048,1788,2048,1878,2048,1778,2048,1878,2048,1768,2048,1878,2048,1758,2048,1878,2048,1748,2048,1878,2048,1738,2048,1878,2048,1728,2048,1878,2048,1718,2048,1878,2048,1708,2048,1878,2048,1698,2048,1878,2048,1688,2048,1878,2048,1678,2048,1878,2048,1668,2048,1878,2048,1658,2048,1878,2048,1648,2048,1878,2048,1638,2048,1878,2048,1628,2048,1878,2048,1618,2048,1878,2048,1608,2048,1878,2048,1598,2048,1878,2048,1588,2048,1878,2048,1578,2048,1878,2048,1568,2048,1878,2048,1558,2048,1878,2048,1548,2048,1878,2048,1538,2048,1878,2048,1528,2048,1878,2048,1518,2048,1878,2048,1508,2048,1878,2048,1498,2048,1878,2048,1488,2048,1878,2048,1478,2048,1878,2048,1468,2048,1878,2048,1458,2048,1878,2048,1448,2048,1878,2048,1438,2048,1878,2048,1428,2048,1878,2048,1418,2048,1878,2048,1408,2048,1878,2048,1398,2048,1878,2048,1388,2048,1878,2048,1378,2048,1878,2048,1368,2048,1878,2048,1358,2048,1878,2048,1348,2048,1878,2048,1338,2048,1878,2048,1328,2048,1878,2048,1318,2048,1878,2048,1308,2048,1878,2048,1298,2048,1878,2048,1288,2048,1878,2048,1278,2048,1878,2048,1268,2048,1878,2048,1258,2048,1878,2048,1248,2048,1878,2048,1238,2048,1878,2048,1228,2048,1878,2048,1218,2048,1878,2048,1208,2048,1878,2048,1198,2048,1878,2048,1188,2048,1878,2048,1178,2048,1878,2048,1168,2048,1878,2048,1158,2048,1878,2048,1148,2048,1878,2048,1138,2048,1878,2048,1128,2048,1878,2048,1118,2048,1878,2048,1108,2048,1878,2048,1098,2048,1878,2048,1088,2048,1878,2048,1078,2048,1878,2048,1068,2048,1878,2048,1058,2048,1878,2048,1048,2048,1878,2048,1038,2048,1878,2048,1028,2048,1878,2048,1018,2048,1878,2048,1018,2048,1888,2048,1008,2048,1888,2048,998,2048,1888,2048,988,2048,1888,2048,978,2048,1888,2048,968,2048,1888,2048,958,2048,1888,2048,948,2048,1888,2048,938,2048,1888,2048,928,2048,1888,2048,918,2048,1888,2048,908,2048,1888,2048,898,2048,1888,2048,888,2048,1888,2048,878,2048,1888,2048,868,2048,1888,2048,858,2048,1888,2048,848,2048,1888,2048,838,2048,1888,2048,828,2048,1888,2048,818,2048,1888,2048,808,2048,1888,2048,798,2048,1888,2048,788,2048,1888,2048,778,2048,1888,2048,768,2048,1888,2048,758,2048,1888,2048,748,2048,1888,2048,738,2048,1888,2048,728,2048,1888,2048,718,2048,1888,2048,708,2048,1888,2048,698,2048,1888,2048,688,2048,1888,2048,678,2048,1888,2048,668,2048,1888,2048,658,2048,1888,2048,648,2048,1888,2048,638,2048,1888,2048,628,2048,1888,2048,618,2048,1888,2048,608,2048,1888,2048,598,2048,1888,2048,588,2048,1888,2048,578,2048,1888,2048,568,2048,1888,2048,558,2048,1888,2048,548,2048,1888,2048,538,2048,1888,2048,528,2048,1888,2048,518,2048,1888,2048,508,2048,1888,2048,508,2048,1878,2048,498,2048,1878,2048,488,2048,1878,2048,478,2048,1878,2048,488,2048,1878,2048,478,2048,1878,2048
2048,2048,2048,2048,512,256,-186,225,341,82,14320,4423,1,68,2048,2038,2048,2048,2048,2028,2048,2048,2048,2018,2048,2048,2048,2008,2048,2048,2048,1998,2048,2048,2048,1988,2048,2048,2048,1978,2048,2048,2048,1968,2048,2048,2048,1958,2048,2048,2048,1948,2048,2048,2048,1938,2048,2048,2048,1928,2048,2048,2048,1918,2048,2048,2048,1908,2048,2048,2048,1898,2048,2048,2058,1898,2048,2048,2068,1898,2048,2048,2078,1898,2048,2048,2088,1898,2048,2048,2098,1898,2048,2048,2108,1898,2048,2048,2118,1898,2048,2048,2128,1898,2048,2048,2138,1898,2048,2048,2148,1898,2048,2048,2158,1898,2048,2048,2168,1898,2048,2048,2178,1898,2048,2048,2188,1898,2048,2048,2198,1898,2048,2048,2208,1898,2048,2048,2218,1898,2048,2048,2228,1898,2048,2048,2238,1898,2048,2048,2248,1898,2048,2048,2258,1898,2048,2048,2268,1898,2048,2048,2278,1898,2048,2048,2288,1898,2048,2048,2298,1898,2048,2048,2308,1898,2048,2048,2318,1898,2048,2048,2328,1898,2048,2048,2338,1898,2048,2048,2348,1898,2048,2048,2358,1898,2048,2048,2368,1898,2048,2048,2378,1898,2048,2048,2378,1898,2048,2038,2388,1898,2048,2038,2398,1898,2048,2038,2408,1898,2048,2038,2418,1898,2048,2038,2428,1898,2048,2038,2438,1898,2048,2038,2448,1898,2048,2038,2458,1898,2048,2038,2468,1898,2048,2038,2478,1898,2048,2038,2488,1898,2048,2038,2498,1898,2048,2038,2498,1888,2048,2038,2498,1888,2038,2038,2498,1878,2038,2038,2498,1878,2028,2038,2498,1868,2028,2038,2498,1868,2018,2038,2498,1858,2018,2038
2048,2048,2048,2048,512,256,-45,-103,264,170,-233247,233247,0,181,2058,2048,2048,2048,2068,2048,2048,2048,2078,2048,2048,2048,2088,2048,2048,2048,2098,2048,2048,2048,2108,2048,2048,2048,2118,2048,2048,2048,2128,2048,2048,2048,2138,2048,2048,2048,2138,2048,2038,2048,2148,2048,2038,2048,2158,2048,2038,2048,2168,2048,2038,2048,2178,2048,2038,2048,2188,2048,2038,2048,2198,2048,2038,2048,2208,2048,2038,2048,2218,2048,2038,2048,2228,2048,2038,2048,2238,2048,2038,2048,2248,2048,2038,2048,2258,2048,2038,2048,2268,2048,2038,2048,2278,2048,2038,2048,2288,2048,2038,2048,2298,2048,2038,2048,2308,2048,2038,2048,2318,2048,2038,2048,2328,2048,2038,2048,2338,2048,2038,2048,2348,2048,2038,2048,2358,2048,2038,2048,2368,2048,2038,2048,2378,2048,2038,2048,2388,2048,2038,2048,2398,2048,2038,2048,2408,2048,2038,2048,2418,2048,2038,2048,2428,2048,2038,2048,2438,2048,2038,2048,2448,2048,2038,2048,2458,2048,2038,2048,2468,2048,2038,2048,2478,2048,2038,2048,2488,2048,2038,2048,2498,2048,2038,2048,2508,2048,2038,2048,2518,2048,2038,2048,2528,2048,2038,2048,2538,2048,2038,2048,2548,2048,2038,2048,2558,2048,2038,2048,2568,2048,2038,2048,2578,2048,2038,2048,2588,2048,2038,2048,2598,2048,2038,2048,2608,2048,2038,2048,2618,2048,2038,2048,2628,2048,2038,2048,2638,2048,2038,2048,2648,2048,2038,2048,2658,2048,2038,2048,2668,2048,2038,2048,2678,2048,2038,2048,2688,2048,2038,2048,2698,2048,2038,2048,2708,2048,2038,2048,2718,2048,2038,2048,2728,2048,2038,2048,2738,2048,2038,2048,2748,2048,2038,2048,2758,2048,2038,2048,2768,2048,2038,2048,2778,2048,2038,2048,2788,2048,2038,2048,2798,2048,2038,2048,2808,2048,2038,2048,2818,2048,2038,2048,2828,2048,2038,2048,2838,2048,2038,2048,2848,2048,2038,2048,2858,2048,2038,2048,2868,2048,2038,2048,2878,2048,2038,2048,2888,2048,2038,2048,2898,2048,2038,2048,2908,2048,2038,2048,2918,2048,2038,2048,2928,2048,2038,2048,2938,2048,2038,2048,2948,2048,2038,2048,2958,2048,2038,2048,2968,2048,2038,2048,2978,2048,2038,2048,2988,2048,2038,2048,2998,2048,2038,2048,3008,2048,2038,2048,3018,2048,2038,2048,3028,2048,2038,2048,3038,2048,2038,2048,3048,2048,2038,2048,3058,2048,2038,2048,3068,2048,2038,2048,3078,2048,2038,2048,3088,2048,2038,2048,3098,2048,2038,2048,3108,2048,2038,2048,3118,2048,2038,2048,3128,2048,2038,2048,3138,2048,2038,2048,3148,2048,2038,2048,3158,2048,2038,2048,3168,2048,2038,2048,3178,2048,2038,2048,3188,2048,2038,2048,3198,2048,2038,2048,3208,2048,2038,2048,3218,2048,2038,2048,3228,2048,2038,2048,3238,2048,2038,2048,3248,2048,2038,2048,3258,2048,2038,2048,3268,2048,2038,2048,3278,2048,2038,2048,3288,2048,2038,2048,3298,2048,2038,2048,3308,2048,2038,2048,3318,2048,2038,2048,3328,2048,2038,2048,3338,2048,2038,2048,3348,2048,2038,2048,3358,2048,2038,2048,3368,2048,2038,2048,3378,2048,2038,2048,3388,2048,2038,2048,3398,2048,2038,2048,3408,2048,2038,2048,3418,2048,2038,2048,3428,2048,2038,2048,3438,2048,2038,2048,3448,2048,2038,2048,3458,2048,2038,2048,3468,2048,2038,2048,3478,2048,2038,2048,3488,2048,2038,2048,3498,2048,2038,2048,3508,2048,2038,2048,3518,2048,2038,2048,3528,2048,2038,2048,3538,2048,2038,2048,3548,2048,2038,2048,3558,2048,2038,2048,3568,2048,2038,2048,3578,2048,2038,2048,3588,2048,2038,2048,3598,2048,2038,2048,3608,2048,2038,2048,3618,2048,2038,2048,3628,2048,2038,2048,3638,2048,2038,2048,3648,2048,2038,2048,3658,2048,2038,2048,3668,2048,2038,2048,3678,2048,2038,2048,3688,2048,2038,2048,3698,2048,2038,2048,3708,2048,2038,2048,3718,2048,2038,2048,3728,2048,2038,2048,3738,2048,2038,2048,3748,2048,2038,2048,3758,2048,2038,2048,3768,2048,2038,2048,3778,2048,2038,2048,3788,2048,2038,2048,3798,2048,2038,2048,3808,2048,2038,2048,3818,2048,2038,2048,3828,2048,2038,2048,3818,2048,2038,2048,3828,2048,2038,2048
2048,2048,2048,2048,512,256,-143,-328,190,204,12880,4943,1,212,2058,2048,2048,2048,2068,2048,2048,2048,2078,2048,2048,2048,2088,2048,2048,2048,2098,2048,2048,2048,2108,2048,2048,2048,2118,2048,2048,2048,2128,2048,2048,2048,2138,2048,2048,2048,2148,2048,2048,2048,2158,2048,2048,2048,2168,2048,2048,2048,2178,2048,2048,2048,2188,2048,2048,2048,2198,2048,2048,2048,2208,2048,2048,2048,2218,2048,2048,2048,2228,2048,2048,2048,2238,2048,2048,2048,2248,2048,2048,2048,2258,2048,2048,2048,2268,2048,2048,2048,2278,2048,2048,2048,2288,2048,2048,2048,2298,2048,2048,2048,2308,2048,2048,2048,2318,2048,2048,2048,2328,2048,2048,2048,2328,2048,2038,2048,2328,2048,2028,2048,2328,2048,2018,2048,2328,2048,2008,2048,2328,2048,1998,2048,2328,2048,1988,2048,2328,2048,1978,2048,2328,2048,1968,2048,2338,2048,1968,2048,2338,2048,1958,2048,2338,2048,1948,2048,2338,2048,1938,2048,2338,2048,1928,2048,2338,2048,1918,2048,2338,2048,1908,2048,2338,2048,1898,2048,2338,2048,1888,2048,2338,2048,1878,2048,2348,2048,1878,2048,2358,2048,1878,2048,2368,2048,1878,2048,2378,2048,1878,2048,2388,2048,1878,2048,2398,2048,1878,2048,2408,2048,1878,2048,2418,2048,1878,2048,2428,2048,1878,2048,2438,2048,1878,2048,2448,2048,1878,2048,2458,2048,1878,2048,2468,2048,1878,2048,2478,2048,1878,2048,2488,2048,1878,2048,2498,2048,1878,2048,2508,2048,1878,2048,2518,2048,1878,2048,2528,2048,1878,2048,2538,2048,1878,2048,2548,2048,1878,2048,2558,2048,1878,2048,2568,2048,1878,2048,2578,2048,1878,2048,2588,2048,1878,2048,2598,2048,1878,2048,2608,2048,1878,2048,2618,2048,1878,2048,2628,2048,1878,2048,2638,2048,1878,2048,2648,2048,1878,2048,2658,2048,1878,2048,2668,2048,1878,2048,2678,2048,1878,2048,2688,2048,1878,2048,2698,2048,1878,2048,2708,2048,1878,2048,2718,2048,1878,2048,2728,2048,1878,2048,2738,2048,1878,2048,2748,2048,1878,2048,2758,2048,1878,2048,2768,2048,1878,2048,2778,2048,1878,2048,2788,2048,1878,2048,2798,2048,1878,2048,2808,2048,1878,2048,2818,2048,1878,2048,2828,2048,1878,2048,2838,2048,1878,2048,2848,2048,1878,2048,2858,2048,1878,2048,2868,2048,1878,2048,2878,2048,1878,2048,2888,2048,1878,2048,2898,2048,1878,2048,2908,2048,1878,2048,2918,2048,1878,2048,2928,2048,1878,2048,2938,2048,1878,2048,2948,2048,1878,2048,2958,2048,1878,2048,2968,2048,1878,2048,2978,2048,1878,2048,2988,2048,1878,2048,2998,2048,1878,2048,3008,2048,1878,2048,3018,2048,1878,2048,3028,2048,1878,2048,3038,2048,1878,2048,3048,2048,1878,2048,3058,2048,1878,2048,3068,2048,1878,2048,3078,2048,1878,2048,3088,2048,1878,2048,3098,2048,1878,2048,3108,2048,1878,2048,3118,2048,1878,2048,3128,2048,1878,2048,3138,2048,1878,2048,3148,2048,1878,2048,3158,2048,1878,2048,3168,2048,1878,2048,3178,2048,1878,2048,3188,2048,1878,2048,3198,2048,1878,2048,3208,2048,1878,2048,3218,2048,1878,2048,3228,2048,1878,2048,3238,2048,1878,2048,3248,2048,1878,2048,3258,2048,1878,2048,3268,2048,1878,2048,3278,2048,1878,2048,3288,2048,1878,2048,3298,2048,1878,2048,3308,2048,1878,2048,3318,2048,1878,2048,3328,2048,1878,2048,3338,2048,1878,2048,3348,2048,1878,2048,3358,2048,1878,2048,3368,2048,1878,2048,3378,2048,1878,2048,3388,2048,1878,2048,3398,2048,1878,2048,3408,2048,1878,2048,3418,2048,1878,2048,3428,2048,1878,2048,3438,2048,1878,2048,3448,2048,1878,2048,3458,2048,1878,2048,3468,2048,1878,2048,3478,2048,1878,2048,3488,2048,1878,2048,3498,2048,1878,2048,3508,2048,1878,2048,3518,2048,1878,2048,3528,2048,1878,2048,3538,2048,1878,2048,3548,2048,1878,2048,3558,2048,1878,2048,3568,2048,1878,2048,3578,2048,1878,2048,3588,2048,1878,2048,3598,2048,1878,2048,3608,2048,1878,2048,3618,2048,1878,2048,3628,2048,1878,2048,3638,2048,1878,2048,3648,2048,1878,2048,3658,2048,1878,2048,3668,2048,1878,2048,3678,2048,1878,2048,3688,2048,1878,2048,3698,2048,1878,2048,3708,2048,1878,2048,3718,2048,1878,2048,3728,2048,1878,2048,3738,2048,1878,2048,3748,2048,1878,2048,3758,2048,1878,2048,3768,2048,1878,2048,3778,2048,1878,2048,3788,2048,1878,2048,3798,2048,1878,2048,3808,2048,1878,2048,3818,2048,1878,2048,3818,2048,1888,2048,3818,2058,1888,2048,3818,2058,1898,2048,3818,2068,1898,2048,3818,2068,1908,2048,3818,2078,1908,2048,3818,2078,1918,2048,3818,2088,1918,2048,3818,2088,1928,2048,3818,2098,1928,2048,3828,2098,1928,2048,3828,2098,1938,2048,3828,2108,1938,2048,3828,2108,1948,2048,3828,2108,1958,2048,3828,2118,1958,2048,3828,2118,1968,2048,3828,2128,1968,2048
2048,2048,2048,2048,512,256,-39,316,203,59,14630,3338,1,37,2058,2048,2048,2048,2068,2048,2048,2048,2078,2048,2048,2048,2088,2048,2048,2048,2098,2048,2048,2048,2108,2048,2048,2048,2118,2048,2048,2048,2128,2048,2048,2048,2128,2048,2038,2048,2128,2048,2028,2048,2128,2048,2018,2048,2128,2048,2008,2048,2128,2048,1998,2048,2128,2048,1988,2048,2128,2048,1978,2048,2128,2048,1968,2048,2128,2048,1958,2048,2128,2048,1948,2048,2128,2048,1938,2048,2128,2048,1928,2048,2128,2048,1918,2048,2128,2048,1908,2048,2128,2048,1898,2048,2128,2038,1898,2048,2128,2038,1888,2048,2128,2028,1888,2048,2128,2028,1878,2048,2128,2018,1878,2048,2128,2018,1868,2048,2128,2008,1868,2048,2128,2008,1858,2048,2128,1998,1858,2048,2128,1998,1848,2048,2128,1988,1848,2048,2128,1988,1838,2048,2128,1978,1838,2048,2128,1978,1828,2048
2048,2048,2048,2048,512,256,60,156,179,67,-164722,164722,0,46,2048,2048,2038,2048,2048,2048,2028,2048,2048,2048,2018,2048,2048,2048,2008,2048,2048,2048,1998,2048,2048,2048,1988,2048,2048,2048,1978,2048,2048,2048,1968,2048,2048,2048,1958,2048,2048,2048,1948,2048,2048,2048,1938,2048,2048,2048,1928,2048,2048,2048,1918,2048,2048,2048,1908,2048,2048,2048,1898,2048,2048,2048,1888,2048,2048,2048,1878,2048,2048,2048,1868,2048,2048,2048,1858,2048,2048,2048,1848,2048,2038,2048,1848,2048,2028,2048,1848,2048,2018,2048,1848,2048,2008,2048,1848,2048,1998,2048,1848,2048,1988,2048,1848,2048,1978,2048,1848,2048,1968,2048,1848,2048,1958,2048,1848,2048,1948,2048,1848,2048,1938,2048,1848,2048,1928,2048,1848,2048,1918,2048,1848,2048,1908,2048,1848,2048,1898,2048,1848,2048,1888,2048,1848,2048,1878,2048,1848,2048,1868,2048,1848,2048,1858,2048,1848,2048,1848,2048,1848,2048,1838,2048,1848,2048,1828,2048,1848,2048,1818,2048,1848,2048,1808,2048,1848,2048,1818,2048,1848,2048,1808,2048,1848,2048
2048,2048,2048,2048,512,256,-151,-307,220,172,13140,3627,1,186,2058,2048,2048,2048,2068,2048,2048,2048,2078,2048,2048,2048,2088,2048,2048,2048,2098,2048,2048,2048,2108,2048,2048,2048,2118,2048,2048,2048,2128,2048,2048,2048,2138,2048,2048,2048,2148,2048,2048,2048,2158,2048,2048,2048,2168,2048,2048,2048,2178,2048,2048,2048,2188,2048,2048,2048,2198,2048,2048,2048,2208,2048,2048,2048,2218,2048,2048,2048,2228,2048,2048,2048,2238,2048,2048,2048,2248,2048,2048,2048,2258,2048,2048,2048,2268,2048,2048,2048,2278,2048,2048,2048,2288,2048,2048,2048,2298,2048,2048,2048,2308,2048,2048,2048,2318,2048,2048,2048,2328,2048,2048,2048,2338,2048,2048,2048,2348,2048,2048,2048,2348,2048,2038,2048,2348,2048,2028,2048,2348,2048,2018,2048,2348,2048,2008,2048,2348,2048,1998,2048,2348,2048,1988,2048,2348,2048,1978,2048,2348,2048,1968,2048,2348,2048,1958,2048,2348,2048,1948,2048,2348,2048,1938,2048,2358,2048,1938,2048,2368,2048,1938,2048,2378,2048,1938,2048,2388,2048,1938,2048,2398,2048,1938,2048,2408,2048,1938,2048,2418,2048,1938,2048,2428,2048,1938,2048,2438,2048,1938,2048,2448,2048,1938,2048,2458,2048,1938,2048,2468,2048,1938,2048,2478,2048,1938,2048,2488,2048,1938,2048,2498,2048,1938,2048,2508,2048,1938,2048,2518,2048,1938,2048,2528,2048,1938,2048,2538,2048,1938,2048,2548,2048,1938,2048,2558,2048,1938,2048,2568,2048,1938,2048,2578,2048,1938,2048,2588,2048,1938,2048,2598,2048,1938,2048,2608,2048,1938,2048,2618,2048,1938,2048,2628,2048,1938,2048,2638,2048,1938,2048,2648,2048,1938,2048,2658,2048,1938,2048,2668,2048,1938,2048,2678,2048,1938,2048,2688,2048,1938,2048,2698,2048,1938,2048,2708,2048,1938,2048,2718,2048,1938,2048,2728,2048,1938,2048,2738,2048,1938,2048,2748,2048,1938,2048,2758,2048,1938,2048,2768,2048,1938,2048,2778,2048,1938,2048,2788,2048,1938,2048,2798,2048,1938,2048,2808,2048,1938,2048,2818,2048,1938,2048,2828,2048,1938,2048,2838,2048,1938,2048,2848,2048,1938,2048,2858,2048,1938,2048,2868,2048,1938,2048,2878,2048,1938,2048,2888,2048,1938,2048,2898,2048,1938,2048,2908,2048,1938,2048,2918,2048,1938,2048,2928,2048,1938,2048,2938,2048,1938,2048,2948,2048,1938,2048,2958,2048,1938,2048,2968,2048,1938,2048,2978,2048,1938,2048,2988,2048,1938,2048,2998,2048,1938,2048,3008,2048,1938,2048,3018,2048,1938,2048,3028,2048,1938,2048,3038,2048,1938,2048,3048,2048,1938,2048,3058,2048,1938,2048,3068,2048,1938,2048,3078,2048,1938,2048,3088,2048,1938,2048,3098,2048,1938,2048,3108,2048,1938,2048,3118,2048,1938,2048,3128,2048,1938,2048,3138,2048,1938,2048,3148,2048,1938,2048,3158,2048,1938,2048,3168,2048,1938,2048,3178,2048,1938,2048,3188,2048,1938,2048,3198,2048,1938,2048,3208,2048,1938,2048,3218,2048,1938,2048,3228,2048,1938,2048,3238,2048,1938,2048,3248,2048,1938,2048,3258,2048,1938,2048,3268,2048,1938,2048,3278,2048,1938,2048,3288,2048,1938,2048,3298,2048,1938,2048,3308,2048,1938,2048,3318,2048,1938,2048,3328,2048,1938,2048,3338,2048,1938,2048,3348,2048,1938,2048,3358,2048,1938,2048,3368,2048,1938,2048,3378,2048,1938,2048,3388,2048,1938,2048,3398,2048,1938,2048,3408,2048,1938,2048,3418,2048,1938,2048,3428,2048,1938,2048,3438,2048,1938,2048,3448,2048,1938,2048,3458,2048,1938,2048,3468,2048,1938,2048,3478,2048,1938,2048,3488,2048,1938,2048,3498,2048,1938,2048,3508,2048,1938,2048,3518,2048,1938,2048,3528,2048,1938,2048,3538,2048,1938,2048,3548,2048,1938,2048,3558,2048,1938,2048,3568,2048,1938,2048,3578,2048,1938,2048,3588,2048,1938,2048,3598,2048,1938,2048,3608,2048,1938,2048,3618,2048,1938,2048,3628,2048,1938,2048,3638,2048,1938,2048,3648,2048,1938,2048,3658,2048,1938,2048,3668,2048,1938,2048,3678,2048,1938,2048,3688,2048,1938,2048,3698,2048,1938,2048,3708,2048,1938,2048,3718,2048,1938,2048,3728,2048,1938,2048,3738,2048,1938,2048,3748,2048,1938,2048,3758,2048,1938,2048,3768,2048,1938,2048,3778,2048,1938,2048,3788,2048,1938,2048,3798,2048,1938,2048
2048,2048,2048,2048,512,256,-234,-157,359,160,-16999,16999,0,162,2058,2048,2048,2048,2068,2048,2048,2048,2078,2048,2048,2048,2088,2048,2048,2048,2098,2048,2048,2048,2108,2048,2048,2048,2118,2048,2048,2048,2128,2048,2048,2048,2138,2048,2048,2048,2148,2048,2048,2048,2158,2048,2048,2048,2168,2048,2048,2048,2178,2048,2048,2048,2188,2048,2048,2048,2198,2048,2048,2048,2208,2048,2048,2048,2218,2048,2048,2048,2228,2048,2048,2048,2238,2048,2048,2048,2248,2048,2048,2048,2258,2048,2048,2048,2268,2048,2048,2048,2278,2048,2048,2048,2288,2048,2048,2048,2298,2048,2048,2048,2308,2048,2048,2048,2318,2048,2048,2048,2328,2048,2048,2048,2338,2048,2048,2048,2348,2048,2048,2048,2358,2048,2048,2048,2368,2048,2048,2048,2378,2048,2048,2048,2388,2048,2048,2048,2398,2048,2048,2048,2408,2048,2048,2048,2418,2048,2048,2048,2428,2048,2048,2048,2438,2048,2048,2048,2448,2048,2048,2048,2458,2048,2048,2048,2468,2048,2048,2048,2478,2048,2048,2048,2488,2048,2048,2048,2498,2048,2048,2048,2508,2048,2048,2048,2518,2048,2048,2048,2528,2048,2048,2048,2538,2048,2048,2048,2548,2048,2048,2048,2558,2048,2048,2048,2568,2048,2048,2048,2578,2048,2048,2048,2588,2048,2048,2048,2598,2048,2048,2048,2608,2048,2048,2048,2618,2048,2048,2048,2628,2048,2048,2048,2638,2048,2048,2048,2648,2048,2048,2048,2658,2048,2048,2048,2668,2048,2048,2048,2678,2048,2048,2048,2688,2048,2048,2048,2698,2048,2048,2048,2708,2048,2048,2048,2718,2048,2048,2048,2728,2048,2048,2048,2738,2048,2048,2048,2748,2048,2048,2048,2758,2048,2048,2048,2768,2048,2048,2048,2778,2048,2048,2048,2788,2048,2048,2048,2798,2048,2048,2048,2808,2048,2048,2048,2818,2048,2048,2048,2828,2048,2048,2048,2838,2048,2048,2048,2848,2048,2048,2048,2858,2048,2048,2048,2868,2048,2048,2048,2878,2048,2048,2048,2888,2048,2048,2048,2898,2048,2048,2048,2908,2048,2048,2048,2918,2048,2048,2048,2928,2048,2048,2048,2938,2048,2048,2048,2948,2048,2048,2048,2958,2048,2048,2048,2968,2048,2048,2048,2978,2048,2048,2048,2988,2048,2048,2048,2998,2048,2048,2048,3008,2048,2048,2048,3018,2048,2048,2048,3028,2048,2048,2048,3038,2048,2048,2048,3048,2048,2048,2048,3058,2048,2048,2048,3068,2048,2048,2048,3078,2048,2048,2048,3088,2048,2048,2048,3098,2048,2048,2048,3108,2048,2048,2048,3118,2048,2048,2048,3128,2048,2048,2048,3138,2048,2048,2048,3148,2048,2048,2048,3158,2048,2048,2048,3168,2048,2048,2048,3178,2048,2048,2048,3188,2048,2048,2048,3198,2048,2048,2048,3208,2048,2048,2048,3218,2048,2048,2048,3228,2048,2048,2048,3238,2048,2048,2048,3248,2048,2048,2048,3258,2048,2048,2048,3268,2048,2048,2048,3278,2048,2048,2048,3288,2048,2048,2048,3298,2048,2048,2048,3308,2048,2048,2048,3318,2048,2048,2048,3328,2048,2048,2048,3338,2048,2048,2048,3348,2048,2048,2048,3358,2048,2048,2048,3368,2048,2048,2048,3378,2048,2048,2048,3388,2048,2048,2048,3398,2048,2048,2048,3408,2048,2048,2048,3418,2048,2048,2048,3418,2038,2048,2048,3418,2028,2048,2048,3418,2018,2048,2048,3418,2008,2048,2048,3428,2008,2048,2048,3428,1998,2048,2048,3428,1988,2048,2048,3428,1978,2048,2048,3428,1968,2048,2048,3438,1968,2048,2048,3438,1958,2048,2048,3438,1948,2048,2048,3438,1938,2048,2048,3448,1938,2048,2048,3448,1928,2048,2048,3448,1918,2048,2048,3448,1908,2048,2048,3458,1908,2048,2048,3458,1898,2048,2048,3458,1888,2048,2048,3468,1888,2048,2048,3468,1878,2048,2048,3458,1878,2048,2048,3468,1878,2048,2048,3458,1878,2048,2048
2048,2048,2048,2048,512,256,115,85,494,123,-23032,23032,0,115,2038,2048,2048,2048,2028,2048,2048,2048,2018,2048,2048,2048,2008,2048,2048,2048,1998,2048,2048,2048,1988,2048,2048,2048,1978,2048,2048,2048,1968,2048,2048,2048,1958,2048,2048,2048,1948,2048,2048,2048,1938,2048,2048,2048,1928,2048,2048,2048,1918,2048,2048,2048,1908,2048,2048,2048,1898,2048,2048,2048,1888,2048,2048,2048,1878,2048,2048,2048,1868,2048,2048,2048,1858,2048,2048,2048,1848,2048,2048,2048,1838,2048,2048,2048,1828,2048,2048,2048,1818,2048,2048,2048,1818,2038,2048,2048,1818,2028,2048,2048,1818,2018,2048,2048,1818,2008,2048,2048,1818,1998,2048,2048,1818,1988,2048,2048,1808,1988,2048,2048,1808,1978,2048,2048,1808,1968,2048,2048,1808,1958,2048,2048,1808,1948,2048,2048,1798,1948,2048,2048,1798,1938,2048,2048,1798,1928,2048,2048,1798,1918,2048,2048,1798,1908,2048,2048,1788,1908,2048,2048,1788,1898,2048,2048,1788,1888,2048,2048,1788,1878,2048,2048,1788,1868,2048,2048,1778,1868,2048,2048,1778,1858,2048,2048,1778,1848,2048,2048,1778,1838,2048,2048,1768,1838,2048,2048,1768,1828,2048,2048,1768,1818,2048,2048,1758,1818,2048,2048,1758,1808,2048,2048,1758,1798,2048,2048,1748,1798,2048,2048,1748,1788,2048,2048,1748,1778,2048,2048,1738,1778,2048,2048,1738,1768,2048,2048,1738,1758,2048,2048,1728,1758,2048,2048,1728,1748,2048,2048,1728,1738,2048,2048,1718,1738,2048,2048,1718,1728,2048,2048,1718,1718,2048,2048,1708,1718,2048,2048,1708,1708,2048,2048,1698,1708,2048,2048,1698,1698,2048,2048,1688,1698,2048,2048,1688,1688,2048,2048,1688,1678,2048,2048,1678,1678,2048,2048,1678,1668,2048,2048,1668,1668,2048,2048,1668,1658,2048,2048,1658,1658,2048,2048,1658,1648,2048,2048,1648,1648,2048,2048,1648,1638,2048,2048,1638,1638,2048,2048,1638,1628,2048,2048,1628,1628,2048,2048,1618,1628,2048,2048,1618,1618,2048,2048,1608,1618,2048,2048,1608,1608,2048,2048,1598,1608,2048,2048,1598,1598,2048,2048,1588,1598,2048,2048,1578,1598,2048,2048,1578,1588,2048,2048,1568,1588,2048,2048,1558,1588,2048,2048,1558,1578,2048,2048,1548,1578,2048,2048,1548,1568,2048,2048,1538,1568,2048,2048,1528,1568,2048,2048,1518,1568,2048,2048,1518,1558,2048,2048,1508,1558,2048,2048,1498,1558,2048,2048,1498,1548,2048,2048,1488,1548,2048,2048,1478,1548,2048,2048,1478,1538,2048,2048,1468,1538,2048,2048,1458,1538,2048,2048,1448,1538,2048,2048,1448,1528,2048,2048,1438,1528,2048,2048,1448,1528,2048,2048,1438,1528,2048,2048
2048,2048,2048,2048,512,256,60,324,221,52,-13620,13620,0,26,2048,2048,2038,2048,2048,2048,2028,2048,2048,2048,2018,2048,2048,2048,2008,2048,2048,2048,1998,2048,2048,2048,1988,2048,2048,2048,1978,2048,2048,2048,1968,2048,2048,2048,1958,2048,2048,2048,1948,2048,2048,2048,1938,2048,2038,2048,1938,2048,2028,2048,1938,2048,2018,2048,1938,2048,2008,2048,1938,2048,1998,2048,1938,2048,1988,2048,1938,2048,1978,2048,1938,2048,1968,2048,1938,2048,1958,2048,1938,2048,1948,2048,1938,2048,1938,2048,1938,2048,1928,2048,1938,2048,1918,2048,1938,2048,1928,2048,1938,2048,1918,2048,1938,2048
2048,2048,2048,2048,512,256,-184,-108,350,155,-91049,91049,0,155,2058,2048,2048,2048,2068,2048,2048,2048,2078,2048,2048,2048,2088,2048,2048,2048,2098,2048,2048,2048,2108,2048,2048,2048,2118,2048,2048,2048,2128,2048,2048,2048,2138,2048,2048,2048,2148,2048,2048,2048,2158,2048,2048,2048,2168,2048,2048,2048,2178,2048,2048,2048,2188,2048,2048,2048,2198,2048,2048,2048,2208,2048,2048,2048,2218,2048,2048,2048,2228,2048,2048,2048,2238,2048,2048,2048,2248,2048,2048,2048,2258,2048,2048,2048,2268,2048,2048,2048,2278,2048,2048,2048,2288,2048,2048,2048,2298,2048,2048,2048,2308,2048,2048,2048,2318,2048,2048,2048,2328,2048,2048,2048,2338,2048,2048,2048,2348,2048,2048,2048,2358,2048,2048,2048,2368,2048,2048,2048,2378,2048,2048,2048,2388,2048,2048,2048,2398,2048,2048,2048,2408,2048,2048,2048,2418,2048,2048,2048,2428,2048,2048,2048,2438,2048,2048,2048,2448,2048,2048,2048,2458,2048,2048,2048,2468,2048,2048,2048,2478,2048,2048,2048,2488,2048,2048,2048,2498,2048,2048,2048,2508,2048,2048,2048,2518,2048,2048,2048,2528,2048,2048,2048,2538,2048,2048,2048,2548,2048,2048,2048,2558,2048,2048,2048,2568,2048,2048,2048,2578,2048,2048,2048,2588,2048,2048,2048,2598,2048,2048,2048,2608,2048,2048,2048,2618,2048,2048,2048,2628,2048,2048,2048,2638,2048,2048,2048,2648,2048,2048,2048,2658,2048,2048,2048,2668,2048,2048,2048,2678,2048,2048,2048,2688,2048,2048,2048,2698,2048,2048,2048,2708,2048,2048,2048,2718,2048,2048,2048,2728,2048,2048,2048,2738,2048,2048,2048,2748,2048,2048,2048,2758,2048,2048,2048,2768,2048,2048,2048,2778,2048,2048,2048,2788,2048,2048,2048,2798,2048,2048,2048,2808,2048,2048,2048,2818,2048,2048,2048,2828,2048,2048,2048,2838,2048,2048,2048,2848,2048,2048,2048,2858,2048,2048,2048,2868,2048,2048,2048,2878,2048,2048,2048,2888,2048,2048,2048,2898,2048,2048,2048,2908,2048,2048,2048,2918,2048,2048,2048,2928,2048,2048,2048,2938,2048,2048,2048,2948,2048,2048,2048,2958,2048,2048,2048,2968,2048,2048,2048,2978,2048,2048,2048,2988,2048,2048,2048,2998,2048,2048,2048,3008,2048,2048,2048,3018,2048,2048,2048,3028,2048,2048,2048,3038,2048,2048,2048,3048,2048,2048,2048,3058,2048,2048,2048,3068,2048,2048,2048,3078,2048,2048,2048,3088,2048,2048,2048,3098,2048,2048,2048,3108,2048,2048,2048,3118,2048,2048,2048,3128,2048,2048,2048,3138,2048,2048,2048,3148,2048,2048,2048,3158,2048,2048,2048,3168,2048,2048,2048,3178,2048,2048,2048,3188,2048,2048,2048,3198,2048,2048,2048,3208,2048,2048,2048,3218,2048,2048,2048,3228,2048,2048,2048,3238,2048,2048,2048,3248,2048,2048,2048,3258,2048,2048,2048,3268,2048,2048,2048,3278,2048,2048,2048,3288,2048,2048,2048,3298,2048,2048,2048,3308,2048,2048,2048,3308,2038,2048,2048,3308,2028,2048,2048,3308,2018,2048,2048,3308,2008,2048,2048,3308,1998,2048,2048,3318,1998,2048,2048,3318,1988,2048,2048,3318,1978,2048,2048,3318,1968,2048,2048,3318,1958,2048,2048,3318,1948,2048,2048,3328,1948,2048,2048,3328,1938,2048,2048,3328,1928,2048,2048,3328,1918,2048,2048,3328,1908,2048,2048,3328,1898,2048,2048,3338,1898,2048,2048,3348,1898,2048,2048,3358,1898,2048,2048,3368,1898,2048,2048,3378,1898,2048,2048,3388,1898,2048,2048,3398,1898,2048,2048,3408,1898,2048,2048,3418,1898,2048,2048,3428,1898,2048,2048,3418,1898,2048,2048,3428,1898,2048,2048
2048,2048,2048,2048,512,256,214,175,404,94,-26489,26489,0,84,2038,2048,2048,2048,2028,2048,2048,2048,2018,2048,2048,2048,2008,2048,2048,2048,1998,2048,2048,2048,1988,2048,2048,2048,1978,2048,2048,2048,1968,2048,2048,2048,1958,2048,2048,2048,1948,2048,2048,2048,1938,2048,2048,2048,1928,2048,2048,2048,1918,2048,2048,2048,1908,2048,2048,2048,1898,2048,2048,2048,1888,2048,2048,2048,1878,2048,2048,2048,1868,2048,2048,2048,1858,2048,2048,2048,1848,2048,2048,2048,1838,2048,2048,2048,1828,2048,2048,2048,1818,2048,2048,2048,1808,2048,2048,2048,1798,2048,2048,2048,1788,2048,2048,2048,1778,2048,2048,2048,1768,2048,2048,2048,1758,2048,2048,2048,1748,2048,2048,2048,1738,2048,2048,2048,1728,2048,2048,2048,1718,2048,2048,2048,1708,2048,2048,2048,1698,2048,2048,2048,1688,2048,2048,2048,1678,2048,2048,2048,1668,2048,2048,2048,1658,2048,2048,2048,1648,2048,2048,2048,1638,2048,2048,2048,1628,2048,2048,2048,1618,2048,2048,2048,1608,2048,2048,2048,1608,2038,2048,2048,1608,2028,2048,2048,1598,2028,2048,2048,1598,2018,2048,2048,1598,2008,2048,2048,1588,2008,2048,2048,1588,1998,2048,2048,1588,1988,2048,2048,1588,1978,2048,2048,1578,1978,2048,2048,1578,1968,2048,2048,1578,1958,2048,2048,1568,1958,2048,2048,1568,1948,2048,2048,1568,1938,2048,2048,1558,1938,2048,2048,1558,1928,2048,2048,1548,1928,2048,2048,1548,1918,2048,2048,1548,1908,2048,2048,1538,1908,2048,2048,1538,1898,2048,2048,1528,1898,2048,2048,1528,1888,2048,2048,1528,1878,2048,2048,1518,1878,2048,2048,1518,1868,2048,2048,1508,1868,2048,2048,1508,1858,2048,2048,1498,1858,2048,2048,1498,1848,2048,2048,1488,1848,2048,2048,1488,1838,2048,2048,1478,1838,2048,2048,1478,1828,2048,2048,1468,1828,2048,2048,1468,1818,2048,2048,1478,1818,2048,2048,1468,1818,2048,2048,1478,1818,2048,2048
2048,2048,2048,2048,512,256,237,299,354,86,-94946,94946,0,46,2038,2048,2048,2048,2028,2048,2048,2048,2018,2048,2048,2048,2008,2048,2048,2048,1998,2048,2048,2048,1988,2048,2048,2048,1978,2048,2048,2048,1968,2048,2048,2048,1958,2048,2048,2048,1948,2048,2048,2048,1938,2048,2048,2048,1928,2048,2048,2048,1918,2048,2048,2048,1908,2048,2048,2048,1898,2048,2048,2048,1888,2048,2048,2048,1878,2048,2048,2048,1868,2048,2048,2048,1858,2048,2048,2048,1848,2048,2048,2048,1838,2048,2048,2048,1828,2048,2048,2048,1818,2048,2048,2048,1808,2048,2048,2048,1798,2048,2048,2048,1788,2048,2048,2048,1778,2048,2048,2048,1768,2048,2048,2048,1758,2048,2048,2048,1748,2048,2048,2048,1738,2048,2048,2048,1728,2048,2048,2048,1718,2048,2048,2048,1708,2048,2048,2048,1698,2048,2048,2048,1688,2048,2048,2048,1678,2048,2048,2048,1668,2048,2048,2048,1658,2048,2048,2048,1648,2048,2048,2048,1638,2048,2048,2048,1628,2048,2048,2048,1618,2048,2048,2048,1608,2048,2048,2048,1618,2048,2048,2048,1608,2048,2048,2048
2048,2048,2048,2048,512,256,-352,23,259,1071,830,1595,1,1417,2058,2048,2048,2048,2068,2048,2048,2048,2078,2048,2048,2048,2088,2048,2048,2048,2098,2048,2048,2048,2108,2048,2048,2048,2118,2048,2048,2048,2128,2048,2048,2048,2138,2048,2048,2048,2148,2048,2048,2048,2158,2048,2048,2048,2168,2048,2048,2048,2178,2048,2048,2048,2188,2048,2048,2048,2198,2048,2048,2048,2208,2048,2048,2048,2218,2048,2048,2048,2228,2048,2048,2048,2238,2048,2048,2048,2248,2048,2048,2048,2258,2048,2048,2048,2268,2048,2048,2048,2278,2048,2048,2048,2288,2048,2048,2048,2298,2048,2048,2048,2308,2048,2048,2048,2318,2048,2048,2048,2328,2048,2048,2048,2338,2048,2048,2048,2348,2048,2048,2048,2358,2048,2048,2048,2368,2048,2048,2048,2378,2048,2048,2048,2388,2048,2048,2048,2398,2048,2048,2048,2408,2048,2048,2048,2418,2048,2048,2048,2428,2048,2048,2048,2438,2048,2048,2048,2448,2048,2048,2048,2458,2048,2048,2048,2468,2048,2048,2048,2478,2048,2048,2048,2488,2048,2048,2048,2498,2048,2048,2048,2508,2048,2048,2048,2518,2048,2048,2048,2528,2048,2048,2048,2538,2048,2048,2048,2548,2048,2048,2048,2558,2048,2048,2048,2568,2048,2048,2048,2578,2048,2048,2048,2588,2048,2048,2048,2598,2048,2048,2048,2608,2048,2048,2048,2618,2048,2048,2048,2628,2048,2048,2048,2638,2048,2048,2048,2648,2048,2048,2048,2658,2048,2048,2048,2668,2048,2048,2048,2678,2048,2048,2048,2678,2048,2048,2038,2678,2048,2048,2028,2688,2048,2048,2028,2688,2048,2048,2018,2688,2048,2048,2008,2698,2048,2048,2008,2708,2048,2048,2008,2718,2048,2048,2008,2728,2048,2048,2008,2738,2048,2048,2008,2748,2048,2048,2008,2758,2048,2048,2008,2768,2048,2048,2008,2778,2048,2048,2008,2788,2048,2048,2008,2798,2048,2048,2008,2808,2048,2048,2008,2818,2048,2048,2008,2828,2048,2048,2008,2838,2048,2048,2008,2848,2048,2048,2008,2858,2048,2048,2008,2868,2048,2048,2008,2878,2048,2048,2008,2888,2048,2048,2008,2898,2048,2048,2008,2908,2048,2048,2008,2918,2048,2048,2008,2928,2048,2048,2008,2938,2048,2048,2008,2948,2048,2048,2008,2958,2048,2048,2008,2968,2048,2048,2008,2978,2048,2048,2008,2988,2048,2048,2008,2998,2048,2048,2008,3008,2048,2048,2008,3018,2048,2048,2008,3028,2048,2048,2008,3028,2048,2058,2008,3028,2048,2058,1998,3028,2048,2058,1988,3028,2048,2068,1988,3028,2048,2068,1978,3028,2048,2068,1968,3028,2048,2078,1968,3028,2048,2078,1958,3028,2048,2078,1948,3028,2048,2088,1948,3028,2048,2088,1938,3028,2048,2088,1928,3028,2048,2098,1928,3028,2048,2098,1918,3028,2048,2108,1918,3028,2048,2108,1908,3028,2048,2108,1898,3028,2048,2118,1898,3028,2048,2118,1888,3028,2048,2118,1878,3028,2048,2128,1878,3028,2048,2128,1868,3028,2048,2128,1858,3028,2048,2138,1858,3028,2048,2138,1848,3028,2048,2138,1838,3028,2048,2148,1838,3028,2048,2148,1828,3028,2048,2148,1818,3028,2048,2158,1818,3028,2048,2158,1808,3028,2048,2158,1798,3028,2048,2168,1798,3028,2048,2168,1788,3028,2048,2168,1778,3028,2048,2178,1778,3028,2048,2178,1768,3028,2048,2178,1758,3028,2048,2188,1758,3028,2048,2188,1748,3028,2048,2188,1738,3028,2048,2198,1738,3028,2048,2198,1728,3028,2048,2198,1718,3028,2048,2208,1718,3028,2048,2208,1708,3028,2048,2208,1698,3028,2048,2218,1698,3028,2048,2218,1688,3028,2048,2218,1678,3028,2048,2228,1678,3028,2048,2228,1668,3028,2048,2238,1668,3028,2048,2238,1658,3028,2048,2238,1648,3028,2048,2248,1648,3028,2048,2248,1638,3028,2048,2248,1628,3028,2048,2258,1628,3028,2048,2258,1618,3028,2048,2258,1608,3028,2048,2268,1608,3028,2048,2268,1598,3028,2048,2268,1588,3028,2048,2278,1588,3028,2048,2278,1578,3028,2048,2278,1568,3028,2048,2288,1568,3028,2048,2288,1558,3028,2048,2288,1548,3028,2048,2298,1548,3028,2048,2298,1538,3028,2048,2298,1528,3028,2048,2308,1528,3028,2048,2308,1518,3028,2048,2308,1508,3028,2048,2318,1508,3028,2048,2318,1498,3028,2048,2318,1488,3028,2048,2328,1488,3028,2048,2328,1478,3028,2048,2328,1468,3028,2048,2338,1468,3028,2048,2338,1458,3028,2048,2338,1448,3028,2048,2348,1448,3028,2048,2348,1438,3028,2048,2348,1428,3028,2048,2358,1428,3028,2048,2358,1418,3028,2048,2368,1418,3028,2048,2368,1408,3028,2048,2368,1398,3028,2048,2378,1398,3038,2048,2378,1398,3038,2048,2378,1388,3038,2048,2378,1378,3038,2048,2388,1378,3048,2048,2388,1378,3048,2048,2388,1368,3048,2048,2388,1358,3048,2048,2398,1358,3058,2048,2398,1358,3058,2048,2398,1348,3058,2048,2398,1338,3058,2048,2408,1338,3058,2048,2408,1328,3068,2048,2408,1328,3068,2048,2408,1318,3068,2048,2418,1318,3068,2058,2418,1318,3068,2058,2428,1318,3078,2058,2428,1318,3088,2058,2428,1318,3088,2068,2428,1318,3078,2068,2428,1318,3068,2068,2428,1318,3068,2068,2438,1318,3078,2068,2438,1318,3088,2068,2438,1318,3098,2068,2438,1318,3098,2078,2438,1318,3088,2078,2438,1318,3078,2078,2438,1318,3068,2078,2438,1318,3068,2078,2448,1318,3078,2078,2448,1318,3088,2078,2448,1318,3098,2078,2448,1318,3108,2078,2448,1318,3108,2088,2448,1318,3098,2088,2448,1318,3088,2088,2448,1318,3078,2088,2448,1318,3068,2088,2448,1318,3068,2088,2458,1318,3068,2088,2468,1318,3078,2088,2468,1318,3088,2088,2468,1318,3098,2088,2468,1318,3108,2088,2468,1318,3118,2088,2468,1318,3128,2088,2468,1318,3128,2098,2468,1318,3118,2098,2468,1318,3108,2098,2468,1318,3098,2098,2468,1318,3088,2098,2468,1318,3078,2098,2468,1318,3068,2098,2468,1318,3068,2098,2478,1318,3078,2098,2478,1318,3088,2098,2478,1318,3098,2098,2478,1318,3108,2098,2478,1318,3118,2098,2478,1318,3128,2098,2478,1318,3138,2098,2478,1318,3148,2098,2478,1318,3148,2108,2478,1318,3138,2108,2478,1318,3128,2108,2478,1318,3118,2108,2478,1318,3108,2108,2478,1318,3098,2108,2478,1318,3088,2108,2478,1318,3078,2108,2478,1318,3068,2108,2478,1318,3068,2108,2488,1318,3078,2108,2488,1318,3088,2108,2488,1318,3098,2108,2488,1318,3108,2108,2488,1318,3118,2108,2488,1318,3128,2108,2488,1318,3138,2108,2488,1318,3148,2108,2488,1318,3158,2108,2488,1318,3158,2118,2488,1318,3148,2118,2488,1318,3138,2118,2488,1318,3128,2118,2488,1318,3118,2118,2488,1318,3108,2118,2488,1318,3098,2118,2488,1318,3088,2118,2488,1318,3078,2118,2488,1318,3068,2118,2488,1318,3068,2118,2498,1318,3078,2118,2498,1318,3088,2118,2498,1318,3098,2118,2498,1318,3108,2118,2498,1318,3118,2118,2498,1318,3128,2118,2498,1318,3138,2118,2498,1318,3148,2118,2498,1318,3158,2118,2498,1318,3168,2118,2498,1318,3168,2128,2498,1318,3158,2128,2498,1318,3148,2128,2498,1318,3138,2128,2498,1318,3128,2128,2498,1318,3118,2128,2498,1318,3108,2128,2498,1318,3098,2128,2498,1318,3088,2128,2498,1318,3078,2128,2498,1318,3068,2128,2498,1318,3068,2128,2508,1318,3068,2128,2518,1318,3078,2128,2518,1318,3088,2128,2518,1318,3098,2128,2518,1318,3108,2128,2518,1318,3118,2128,2518,1318,3128,2128,2518,1318,3138,2128,2518,1318,3148,2128,2518,1318,3158,2128,2518,1318,3168,2128,2518,1318,3178,2128,2518,1318,3188,2128,2518,1318,3188,2138,2518,1318,3178,2138,2518,1318,3168,2138,2518,1318,3158,2138,2518,1318,3148,2138,2518,1318,3138,2138,2518,1318,3128,2138,2518,1318,3118,2138,2518,1318,3108,2138,2518,1318,3098,2138,2518,1318,3088,2138,2518,1318,3078,2138,2518,1318,3068,2138,2518,1318,3068,2138,2528,1318,3078,2138,2528,1318,3088,2138,2528,1318,3098,2138,2528,1318,3108,2138,2528,1318,3118,2138,2528,1318,3128,2138,2528,1318,3138,2138,2528,1318,3148,2138,2528,1318,3158,2138,2528,1318,3168,2138,2528,1318,3178,2138,2528,1318,3188,2138,2528,1318,3198,2138,2528,1318,3208,2138,2528,1318,3208,2148,2528,1318,3198,2148,2528,1318,3188,2148,2528,1318,3178,2148,2528,1318,3168,2148,2528,1318,3158,2148,2528,1318,3148,2148,2528,1318,3138,2148,2528,1318,3128,2148,2528,1318,3118,2148,2528,1318,3108,2148,2528,1318,3098,2148,2528,1318,3088,2148,2528,1318,3078,2148,2528,1318,3068,2148,2528,1318,3068,2148,2538,1318,3078,2148,2538,1318,3088,2148,2538,1318,3098,2148,2538,1318,3108,2148,2538,1318,3118,2148,2538,1318,3128,2148,2538,1318,3138,2148,2538,1318,3148,2148,2538,1318,3158,2148,2538,1318,3168,2148,2538,1318,3178,2148,2538,1318,3188,2148,2538,1318,3198,2148,2538,1318,3208,2148,2538,1318,3218,2148,2538,1318,3218,2158,2538,1318,3208,2158,2538,1318,3198,2158,2538,1318,3188,2158,2538,1318,3178,2158,2538,1318,3168,2158,2538,1318,3158,2158,2538,1318,3148,2158,2538,1318,3138,2158,2538,1318,3128,2158,2538,1318,3118,2158,2538,1318,3108,2158,2538,1318,3098,2158,2538,1318,3088,2158,2538,1318,3078,2158,2538,1318,3068,2158,2538,1318,3068,2158,2548,1318,3078,2158,2548,1318,3088,2158,2548,1318,3098,2158,2548,1318,3108,2158,2548,1318,3118,2158,2548,1318,3128,2158,2548,1318,3138,2158,2548,1318,3148,2158,2548,1318,3158,2158,2548,1318,3168,2158,2548,1318,3178,2158,2548,1318,3188,2158,2548,1318,3198,2158,2548,1318,3208,2158,2548,1318,3218,2158,2548,1318,3228,2158,2548,1318,3228,2168,2548,1318,3218,2168,2548,1318,3208,2168,2548,1318,3198,2168,2548,1318,3188,2168,2548,1318,3178,2168,2548,1318,3168,2168,2548,1318,3158,2168,2548,1318,3148,2168,2548,1318,3138,2168,2548,1318,3128,2168,2548,1318,3118,2168,2548,1318,3108,2168,2548,1318,3098,2168,2548,1318,3088,2168,2548,1318,3078,2168,2548,1318,3068,2168,2548,1318,3068,2168,2558,1318,3068,2168,2568,1318,3078,2168,2568,1318,3088,2168,2568,1318,3098,2168,2568,1318,3108,2168,2568,1318,3118,2168,2568,1318,3128,2168,2568,1318,3138,2168,2568,1318,3148,2168,2568,1318,3158,2168,2568,1318,3168,2168,2568,1318,3178,2168,2568,1318,3188,2168,2568,1318,3198,2168,2568,1318,3208,2168,2568,1318,3218,2168,2568,1318,3228,2168,2568,1318,3238,2168,2568,1318,3248,2168,2568,1318,3248,2178,2568,1318,3238,2178,2568,1318,3228,2178,2568,1318,3218,2178,2568,1318,3208,2178,2568,1318,3198,2178,2568,1318,3188,2178,2568,1318,3178,2178,2568,1318,3168,2178,2568,1318,3158,2178,2568,1318,3148,2178,2568,1318,3138,2178,2568,1318,3128,2178,2568,1318,3118,2178,2568,1318,3108,2178,2568,1318,3098,2178,2568,1318,3088,2178,2568,1318,3078,2178,2568,1318,3068,2178,2568,1318,3068,2178,2578,1318,3078,2178,2578,1318,3088,2178,2578,1318,3098,2178,2578,1318,3108,2178,2578,1318,3118,2178,2578,1318,3128,2178,2578,1318,3138,2178,2578,1318,3148,2178,2578,1318,3158,2178,2578,1318,3168,2178,2578,1318,3178,2178,2578,1318,3188,2178,2578,1318,3198,2178,2578,1318,3208,2178,2578,1318,3218,2178,2578,1318,3228,2178,2578,1318,3238,2178,2578,1318,3248,2178,2578,1318,3258,2178,2578,1318,3258,2188,2578,1318,3248,2188,2578,1318,3238,2188,2578,1318,3228,2188,2578,1318,3218,2188,2578,1318,3208,2188,2578,1318,3198,2188,2578,1318,3188,2188,2578,1318,3178,2188,2578,1318,3168,2188,2578,1318,3158,2188,2578,1318,3148,2188,2578,1318,3138,2188,2578,1318,3128,2188,2578,1318,3118,2188,2578,1318,3108,2188,2578,1318,3098,2188,2578,1318,3088,2188,2578,1318,3078,2188,2578,1318,3068,2188,2578,1318,3068,2188,2588,1318,3078,2188,2588,1318,3088,2188,2588,1318,3098,2188,2588,1318,3108,2188,2588,1318,3118,2188,2588,1318,3128,2188,2588,1318,3138,2188,2588,1318,3148,2188,2588,1318,3158,2188,2588,1318,3168,2188,2588,1318,3178,2188,2588,1318,3188,2188,2588,1318,3198,2188,2588,1318,3208,2188,2588,1318,3218,2188,2588,1318,3228,2188,2588,1318,3238,2188,2588,1318,3248,2188,2588,1318,3258,2188,2588,1318,3268,2188,2588,1318,3278,2188,2588,1318,3278,2198,2588,1318,3268,2198,2588,1318,3258,2198,2588,1318,3248,2198,2588,1318,3238,2198,2588,1318,3228,2198,2588,1318,3218,2198,2588,1318,3208,2198,2588,1318,3198,2198,2588,1318,3188,2198,2588,1318,3178,2198,2588,1318,3168,2198,2588,1318,3158,2198,2588,1318,3148,2198,2588,1318,3138,2198,2588,1318,3128,2198,2588,1318,3118,2198,2588,1318,3108,2198,2588,1318,3098,2198,2588,1318,3088,2198,2588,1318,3078,2198,2588,1318,3068,2198,2588,1318,3068,2198,2598,1318,3068,2198,2608,1318,3078,2198,2608,1318,3088,2198,2608,1318,3098,2198,2608,1318,3108,2198,2608,1318,3118,2198,2608,1318,3128,2198,2608,1318,3138,2198,2608,1318,3148,2198,2608,1318,3158,2198,2608,1318,3168,2198,2608,1318,3178,2198,2608,1318,3188,2198,2608,1318,3198,2198,2608,1318,3208,2198,2608,1318,3218,2198,2608,1318,3228,2198,2608,1318,3238,2198,2608,1318,3248,2198,2608,1318,3258,2198,2608,1318,3268,2198,2608,1318,3278,2198,2608,1318,3288,2198,2608,1318,3298,2198,2608,1318,3298,2208,2608,1318,3288,2208,2608,1318,3278,2208,2608,1318,3268,2208,2608,1318,3258,2208,2608,1318,3248,2208,2608,1318,3238,2208,2608,1318,3228,2208,2608,1318,3218,2208,2608,1318,3208,2208,2608,1318,3198,2208,2608,1318,3188,2208,2608,1318,3178,2208,2608,1318,3168,2208,2608,1318,3158,2208,2608,1318,3148,2208,2608,1318,3138,2208,2608,1318,3128,2208,2608,1318,3118,2208,2608,1318,3108,2208,2608,1318,3098,2208,2608,1318,3088,2208,2608,1318,3078,2208,2608,1318,3068,2208,2608,1318,3068,2208,2618,1318,3078,2208,2618,1318,3088,2208,2618,1318,3098,2208,2618,1318,3108,2208,2618,1318,3118,2208,2618,1318,3128,2208,2618,1318,3138,2208,2618,1318,3148,2208,2618,1318,3158,2208,2618,1318,3168,2208,2618,1318,3178,2208,2618,1318,3188,2208,2618,1318,3198,2208,2618,1318,3208,2208,2618,1318,3218,2208,2618,1318,3228,2208,2618,1318,3238,2208,2618,1318,3248,2208,2618,1318,3258,2208,2618,1318,3268,2208,2618,1318,3278,2208,2618,1318,3288,2208,2618,1318,3298,2208,2618,1318,3308,2208,2618,1318,3308,2218,2618,1318,3298,2218,2618,1318,3288,2218,2618,1318,3278,2218,2618,1318,3268,2218,2618,1318,3258,2218,2618,1318,3248,2218,2618,1318,3238,2218,2618,1318,3228,2218,2618,1318,3218,2218,2618,1318,3208,2218,2618,1318,3198,2218,2618,1318,3188,2218,2618,1318,3178,2218,2618,1318,3168,2218,2618,1318,3158,2218,2618,1318,3148,2218,2618,1318,3138,2218,2618,1318,3128,2218,2618,1318,3118,2218,2618,1318,3108,2218,2618,1318,3098,2218,2618,1318,3088,2218,2618,1318,3078,2218,2618,1318,3068,2218,2618,1318,3068,2218,2628,1318,3078,2218,2628,1318,3088,2218,2628,1318,3098,2218,2628,1318,3108,2218,2628,1318,3118,2218,2628,1318,3128,2218,2628,1318,3138,2218,2628,1318,3148,2218,2628,1318,3158,2218,2628,1318,3168,2218,2628,1318,3178,2218,2628,1318,3188,2218,2628,1318,3198,2218,2628,1318,3208,2218,2628,1318,3218,2218,2628,1318,3228,2218,2628,1318,3238,2218,2628,1318,3248,2218,2628,1318,3258,2218,2628,1318,3268,2218,2628,1318,3278,2218,2628,1318,3288,2218,2628,1318,3298,2218,2628,1318,3308,2218,2628,1318,3318,2218,2628,1318,3318,2228,2628,1318,3308,2228,2628,1318,3298,2228,2628,1318,3288,2228,2628,1318,3278,2228,2628,1318,3268,2228,2628,1318,3258,2228,2628,1318,3248,2228,2628,1318,3238,2228,2628,1318,3228,2228,2628,1318,3218,2228,2628,1318,3208,2228,2628,1318,3198,2228,2628,1318,3188,2228,2628,1318,3178,2228,2628,1318,3168,2228,2628,1318,3158,2228,2628,1318,3148,2228,2628,1318,3138,2228,2628,1318,3128,2228,2628,1318,3118,2228,2628,1318,3108,2228,2628,1318,3098,2228,2628,1318,3088,2228,2628,1318,3078,2228,2628,1318,3068,2228,2628,1318,3068,2228,2638,1318,3068,2228,2648,1318,3078,2228,2648,1318,3088,2228,2648,1318,3098,2228,2648,1318,3108,2228,2648,1318,3118,2228,2648,1318,3128,2228,2648,1318,3138,2228,2648,1318,3148,2228,2648,1318,3158,2228,2648,1318,3168,2228,2648,1318,3178,2228,2648,1318,3188,2228,2648,1318,3198,2228,2648,1318,3208,2228,2648,1318,3218,2228,2648,1318,3228,2228,2648,1318,3238,2228,2648,1318,3248,2228,2648,1318,3258,2228,2648,1318,3268,2228,2648,1318,3278,2228,2648,1318,3288,2228,2648,1318,3298,2228,2648,1318,3308,2228,2648,1318,3318,2228,2648,1318,3328,2228,2648,1318,3338,2228,2648,1318,3338,2238,2648,1318,3328,2238,2648,1318,3318,2238,2648,1318,3308,2238,2648,1318,3298,2238,2648,1318,3288,2238,2648,1318,3278,2238,2648,1318,3268,2238,2648,1318,3258,2238,2648,1318,3248,2238,2648,1318,3238,2238,2648,1318,3228,2238,2648,1318,3218,2238,2648,1318,3208,2238,2648,1318,3198,2238,2648,1318,3188,2238,2648,1318,3178,2238,2648,1318,3168,2238,2648,1318,3158,2238,2648,1318,3148,2238,2648,1318,3138,2238,2648,1318,3128,2238,2648,1318,3118,2238,2648,1318,3108,2238,2648,1318,3098,2238,2648,1318,3088,2238,2648,1318,3078,2238,2648,1318,3068,2238,2648,1318,3068,2238,2658,1318,3078,2238,2658,1318,3088,2238,2658,1318,3098,2238,2658,1318,3108,2238,2658,1318,3118,2238,2658,1318,3128,2238,2658,1318,3138,2238,2658,1318,3148,2238,2658,1318,3158,2238,2658,1318,3168,2238,2658,1318,3178,2238,2658,1318,3188,2238,2658,1318,3198,2238,2658,1318,3208,2238,2658,1318,3218,2238,2658,1318,3228,2238,2658,1318,3238,2238,2658,1318,3248,2238,2658,1318,3258,2238,2658,1318,3268,2238,2658,1318,3278,2238,2658,1318,3288,2238,2658,1318,3298,2238,2658,1318,3308,2238,2658,1318,3318,2238,2658,1318,3328,2238,2658,1318,3338,2238,2658,1318,3348,2238,2658,1318,3348,2248,2658,1318,3338,2248,2658,1318,3328,2248,2658,1318,3318,2248,2658,1318,3308,2248,2658,1318,3298,2248,2658,1318,3288,2248,2658,1318,3278,2248,2658,1318,3268,2248,2658,1318,3258,2248,2658,1318,3248,2248,2658,1318,3238,2248,2658,1318,3228,2248,2658,1318,3218,2248,2658,1318,3208,2248,2658,1318,3198,2248,2658,1318,3188,2248,2658,1318,3178,2248,2658,1318,3168,2248,2658,1318,3158,2248,2658,1318,3148,2248,2658,1318,3138,2248,2658,1318,3128,2248,2658,1318,3118,2248,2658,1318,3108,2248,2658,1318,3098,2248,2658,1318,3088,2248,2658,1318,3078,2248,2658,1318,3068,2248,2658,1318,3068,2248,2668,1318,3078,2248,2668,1318,3088,2248,2668,1318,3098,2248,2668,1318,3108,2248,2668,1318,3118,2248,2668,1318,3128,2248,2668,1318,3138,2248,2668,1318,3148,2248,2668,1318,3158,2248,2668,1318,3168,2248,2668,1318,3178,2248,2668,1318,3188,2248,2668,1318,3198,2248,2668,1318,3208,2248,2668,1318,3218,2248,2668,1318,3228,2248,2668,1318,3238,2248,2668,1318,3248,2248,2668,1318,3258,2248,2668,1318,3268,2248,2668,1318,3278,2248,2668,1318,3288,2248,2668,1318,3298,2248,2668,1318,3308,2248,2668,1318,3318,2248,2668,1318,3328,2248,2668,1318,3338,2248,2668,1318,3348,2248,2668,1318,3358,2248,2668,1318,3368,2248,2668,1318,3368,2258,2668,1318,3358,2258,2668,1318,3348,2258,2668,1318,3338,2258,2668,1318,3328,2258,2668,1318,3318,2258,2668,1318,3308,2258,2668,1318,3298,2258,2668,1318,3288,2258,2668,1318,3278,2258,2668,1318,3268,2258,2668,1318,3258,2258,2668,1318,3248,2258,2668,1318,3238,2258,2668,1318,3228,2258,2668,1318,3218,2258,2668,1318,3208,2258,2668,1318,3198,2258,2668,1318,3188,2258,2668,1318,3178,2258,2668,1318,3168,2258,2668,1318,3158,2258,2668,1318,3148,2258,2668,1318,3138,2258,2668,1318,3128,2258,2668,1318,3118,2258,2668,1318,3108,2258,2668,1318,3098,2258,2668,1318,3088,2258,2668,1318,3078,2258,2668,1318,3068,2258,2668,1318,3068,2258,2678,1318,3068,2258,2688,1318,3078,2258,2688,1318,3088,2258,2688,1318,3098,2258,2688,1318,3108,2258,2688,1318,3118,2258,2688,1318,3128,2258,2688,1318,3138,2258,2688,1318,3148,2258,2688,1318,3158,2258,2688,1318,3168,2258,2688,1318,3178,2258,2688,1318,3188,2258,2688,1318,3198,2258,2688,1318,3208,2258,2688,1318,3218,2258,2688,1318,3228,2258,2688,1318,3238,2258,2688,1318,3248,2258,2688,1318,3258,2258,2688,1318,3268,2258,2688,1318,3278,2258,2688,1318,3288,2258,2688,1318,3298,2258,2688,1318,3308,2258,2688,1318,3318,2258,2688,1318,3328,2258,2688,1318,3338,2258,2688,1318,3348,2258,2688,1318,3358,2258,2688,1318,3368,2258,2688,1318,3378,2258,2688,1318,3378,2268,2688,1318,3368,2268,2688,1318,3358,2268,2688,1318,3348,2268,2688,1318,3338,2268,2688,1318,3328,2268,2688,1318,3318,2268,2688,1318,3308,2268,2688,1318,3298,2268,2688,1318,3288,2268,2688,1318,3278,2268,2688,1318,3268,2268,2688,1318,3258,2268,2688,1318,3248,2268,2688,1318,3238,2268,2688,1318,3228,2268,2688,1318,3218,2268,2688,1318,3208,2268,2688,1318,3198,2268,2688,1318,3188,2268,2688,1318,3178,2268,2688,1318,3168,2268,2688,1318,3158,2268,2688,1318,3148,2268,2688,1318,3138,2268,2688,1318,3128,2268,2688,1318,3118,2268,2688,1318,3108,2268,2688,1318,3098,2268,2688,1318,3088,2268,2688,1318,3078,2268,2688,1318,3068,2268,2688,1318,3068,2268,2698,1318,3078,2268,2698,1318,3088,2268,2698,1318,3098,2268,2698,1318,3108,2268,2698,1318,3118,2268,2698,1318,3128,2268,2698,1318,3138,2268,2698,1318,3148,2268,2698,1318,3158,2268,2698,1318,3168,2268,2698,1318,3178,2268,2698,1318,3188,2268,2698,1318,3198,2268,2698,1318,3208,2268,2698,1318,3218,2268,2698,1318,3228,2268,2698,1318,3238,2268,2698,1318,3248,2268,2698,1318,3258,2268,2698,1318,3268,2268,2698,1318,3278,2268,2698,1318,3288,2268,2698,1318,3298,2268,2698,1318,3308,2268,2698,1318,3318,2268,2698,1318,3328,2268,2698,1318,3338,2268,2698,1318,3348,2268,2698,1318,3358,2268,2698,1318,3368,2268,2698,1318,3378,2268,2698,1318,3388,2268,2698,1318,3398,2268,2698,1318,3398,2278,2698,1318,3388,2278,2698,1318,3378,2278,2698,1318,3368,2278,2698,1318,3358,2278,2698,1318,3348,2278,2698,1318,3338,2278,2698,1318,3328,2278,2698,1318,3318,2278,2698,1318,3308,2278,2698,1318,3298,2278,2698,1318,3288,2278,2698,1318,3278,2278,2698,1318,3268,2278,2698,1318,3258,2278,2698,1318,3248,2278,2698,1318,3238,2278,2698,1318,3228,2278,2698,1318,3218,2278,2698,1318,3208,2278,2698,1318,3198,2278,2698,1318,3188,2278,2698,1318,3178,2278,2698,1318,3168,2278,2698,1318,3158,2278,2698,1318,3148,2278,2698,1318,3138,2278,2698,1318,3128,2278,2698,1318,3118,2278,2698,1318,3108,2278,2698,1318,3098,2278,2698,1318,3088,2278,2698,1318,3078,2278,2698,1318,3068,2278,2698,1318,3068,2278,2708,1318,3078,2278,2708,1318,3088,2278,2708,1318,3098,2278,2708,1318,3108,2278,2708,1318,3118,2278,2708,1318,3128,2278,2708,1318,3138,2278,2708,1318,3148,2278,2708,1318,3158,2278,2708,1318,3168,2278,2708,1318,3178,2278,2708,1318,3188,2278,2708,1318,3198,2278,2708,1318,3208,2278,2708,1318,3218,2278,2708,1318,3228,2278,2708,1318,3238,2278,2708,1318,3248,2278,2708,1318,3258,2278,2708,1318,3268,2278,2708,1318,3278,2278,2708,1318,3288,2278,2708,1318,3298,2278,2708,1318,3308,2278,2708,1318,3318,2278,2708,1318,3328,2278,2708,1318,3338,2278,2708,1318,3348,2278,2708,1318,3358,2278,2708,1318,3368,2278,2708,1318,3378,2278,2708,1318,3388,2278,2708,1318,3398,2278,2708,1318,3408,2278,2708,1318,3408,2288,2708,1318,3398,2288,2708,1318,3388,2288,2708,1318,3378,2288,2708,1318,3368,2288,2708,1318,3358,2288,2708,1318,3348,2288,2708,1318,3338,2288,2708,1318,3328,2288,2708,1318,3318,2288,2708,1318,3308,2288,2708,1318,3298,2288,2708,1318,3288,2288,2708,1318,3278,2288,2708,1318,3268,2288,2708,1318,3258,2288,2708,1318,3248,2288,2708,1318,3238,2288,2708,1318,3228,2288,2708,1318,3218,2288,2708,1318,3208,2288,2708,1318,3198,2288,2708,1318,3188,2288,2708,1318,3178,2288,2708,1318,3168,2288,2708,1318,3158,2288,2708,1318,3148,2288,2708,1318,3138,2288,2708,1318,3128,2288,2708,1318,3118,2288,2708,1318,3108,2288,2708,1318,3098,2288,2708,1318,3088,2288,2708,1318,3078,2288,2708,1318,3068,2288,2708,1318,3068,2288,2718,1318,3068,2288,2728,1318,3078,2288,2728,1318,3088,2288,2728,1318,3098,2288,2728,1318,3108,2288,2728,1318,3118,2288,2728,1318,3128,2288,2728,1318,3138,2288,2728,1318,3148,2288,2728,1318,3158,2288,2728,1318,3168,2288,2728,1318,3178,2288,2728,1318,3188,2288,2728,1318,3198,2288,2728,1318,3208,2288,2728,1318,3218,2288,2728,1318,3228,2288,2728,1318,3238,2288,2728,1318,3248,2288,2728,1318,3258,2288,2728,1318,3268,2288,2728,1318,3278,2288,2728,1318,3288,2288,2728,1318,3298,2288,2728,1318,3308,2288,2728,1318,3318,2288,2728,1318,3328,2288,2728,1318,3338,2288,2728,1318,3348,2288,2728,1318,3358,2288,2728,1318,3368,2288,2728,1318,3378,2288,2728,1318,3388,2288,2728,1318,3398,2288,2728,1318,3408,2288,2728,1318,3418,2288,2728,1318,3428,2288,2728,1318,3428,2298,2728,1318,3418,2298,2728,1318,3408,2298,2728,1318,3398,2298,2728,1318,3388,2298,2728,1318,3378,2298,2728,1318,3368,2298,2728,1318,3358,2298,2728,1318,3348,2298,2728,1318,3338,2298,2728,1318,3328,2298,2728,1318,3318,2298,2728,1318,3308,2298,2728,1318,3298,2298,2728,1318,3288,2298,2728,1318,3278,2298,2728,1318,3268,2298,2728,1318,3258,2298,2728,1318,3248,2298,2728,1318,3238,2298,2728,1318,3228,2298,2728,1318,3218,2298,2728,1318,3208,2298,2728,1318,3198,2298,2728,1318,3188,2298,2728,1318,3178,2298,2728,1318,3168,2298,2728,1318,3158,2298,2728,1318,3148,2298,2728,1318,3138,2298,2728,1318,3128,2298,2728,1318,3118,2298,2728,1318,3108,2298,2728,1318,3098,2298,2728,1318,3088,2298,2728,1318,3078,2298,2728,1318,3068,2298,2728,1318,3068,2298,2738,1318,3078,2298,2738,1318,3088,2298,2738,1318,3098,2298,2738,1318,3108,2298,2738,1318,3118,2298,2738,1318,3128,2298,2738,1318,3138,2298,2738,1318,3148,2298,2738,1318,3158,2298,2738,1318,3168,2298,2738,1318,3178,2298,2738,1318,3188,2298,2738,1318,3198,2298,2738,1318,3208,2298,2738,1318,3218,2298,2738,1318,3228,2298,2738,1318,3238,2298,2738,1318,3248,2298,2738,1318,3258,2298,2738,1318,3268,2298,2738,1318,3278,2298,2738,1318,3288,2298,2738,1318,3298,2298,2738,1318,3308,2298,2738,1318,3318,2298,2738,1318,3328,2298,2738,1318,3338,2298,2738,1318,3348,2298,2738,1318,3358,2298,2738,1318,3368,2298,2738,1318,3378,2298,2738,1318,3388,2298,2738,1318,3398,2298,2738,1318,3408,2298,2738,1318,3418,2298,2738,1318,3428,2298,2738,1318,3438,2298,2738,1318,3438,2308,2738,1318,3428,2308,2738,1318,3418,2308,2738,1318,3408,2308,2738,1318,3398,2308,2738,1318,3388,2308,2738,1318,3378,2308,2738,1318,3368,2308,2738,1318,3358,2308,2738,1318,3348,2308,2738,1318,3338,2308,2738,1318,3328,2308,2738,1318,3318,2308,2738,1318,3308,2308,2738,1318,3298,2308,2738,1318,3288,2308,2738,1318,3278,2308,2738,1318,3268,2308,2738,1318,3258,2308,2738,1318,3248,2308,2738,1318,3238,2308,2738,1318,3228,2308,2738,1318,3218,2308,2738,1318,3208,2308,2738,1318,3198,2308,2738,1318,3188,2308,2738,1318,3178,2308,2738,1318,3168,2308,2738,1318,3158,2308,2738,1318,3148,2308,2738,1318,3138,2308,2738,1318,3128,2308,2738,1318,3118,2308,2738,1318,3108,2308,2738,1318,3098,2308,2738,1318,3088,2308,2738,1318,3078,2308,2738,1318,3068,2308,2738,1318,3068,2308,2748,1318,3068,2308,2758,1318,3078,2308,2758,1318,3088,2308,2758,1318,3098,2308,2758,1318,3108,2308,2758,1318,3118,2308,2758,1318,3128,2308,2758,1318,3138,2308,2758,1318,3148,2308,2758,1318,3158,2308,2758,1318,3168,2308,2758,1318,3178,2308,2758,1318,3188,2308,2758,1318,3198,2308,2758,1318,3208,2308,2758,1318,3218,2308,2758,1318,3228,2308,2758,1318,3238,2308,2758,1318,3248,2308,2758,1318,3258,2308,2758,1318,3268,2308,2758,1318,3278,2308,2758,1318,3288,2308,2758,1318,3298,2308,2758,1318,3308,2308,2758,1318,3318,2308,2758,1318,3328,2308,2758,1318,3338,2308,2758,1318,3348,2308,2758,1318,3358,2308,2758,1318,3368,2308,2758,1318,3378,2308,2758,1318,3388,2308,2758,1318,3398,2308,2758,1318,3408,2308,2758,1318,3418,2308,2758,1318,3428,2308,2758,1318,3438,2308,2758,1318,3448,2308,2758,1318,3458,2308,2758,1318,3458,2318,2758,1318,3448,2318,2758,1318,3438,2318,2758,1318,3428,2318,2758,1318,3418,2318,2758,1318,3408,2318,2758,1318,3398,2318,2758,1318,3388,2318,2758,1318,3378,2318,2758,1318,3368,2318,2758,1318,3358,2318,2758,1318,3348,2318,2758,1318,3338,2318,2758,1318,3328,2318,2758,1318,3318,2318,2758,1318,3308,2318,2758,1318,3298,2318,2758,1318,3288,2318,2758,1318,3278,2318,2758,1318,3268,2318,2758,1318,3258,2318,2758,1318,3248,2318,2758,1318,3238,2318,2758,1318,3228,2318,2758,1318,3218,2318,2758,1318,3208,2318,2758,1318,3198,2318,2758,1318,3188,2318,2758,1318,3178,2318,2758,1318,3168,2318,2758,1318,3158,2318,2758,1318,3148,2318,2758,1318,3138,2318,2758,1318,3128,2318,2758,1318,3118,2318,2758,1318,3108,2318,2758,1318,3098,2318,2758,1318,3088,2318,2758,1318,3078,2318,2758,1318,3068,2318,2758,1318,3058,2318,2758,1318,3048,2318,2758,1318,3038,2318,2758,1318,3038,2318,2768,1318,3048,2318,2768,1318,3058,2318,2768,1318,3068,2318,2768,1318,3068,2318,2768,1308,3068,2318,2778,1308,3078,2318,2778,1308,3088,2318,2778,1308,3098,2318,2778,1308,3108,2318,2778,1308,3118,2318,2778,1308,3128,2318,2778,1308,3138,2318,2778,1308,3148,2318,2778,1308,3158,2318,2778,1308,3168,2318,2778,1308,3178,2318,2778,1308,3188,2318,2778,1308,3198,2318,2778,1308,3208,2318,2778,1308,3218,2318,2778,1308,3228,2318,2778,1308,3238,2318,2778,1308,3248,2318,2778,1308,3258,2318,2778,1308,3268,2318,2778,1308,3278,2318,2778,1308,3288,2318,2778,1308,3298,2318,2778,1308,3308,2318,2778,1308,3318,2318,2778,1308,3328,2318,2778,1308,3338,2318,2778,1308,3348,2318,2778,1308,3358,2318,2778,1308,3368,2318,2778,1308,3378,2318,2778,1308,3388,2318,2778,1308,3398,2318,2778,1308,3408,2318,2778,1308,3418,2318,2778,1308,3428,2318,2778,1308,3438,2318,2778,1308,3448,2318,2778,1308,3458,2318,2778,1308,3468,2318,2778,1308,3478,2318,2778,1308,3478,2328,2778,1308,3468,2328,2778,1308,3458,2328,2778,1308,3448,2328,2778,1308,3438,2328,2778,1308,3428,2328,2778,1308,3418,2328,2778,1308,3408,2328,2778,1308,3398,2328,2778,1308,3388,2328,2778,1308,3378,2328,2778,1308,3368,2328,2778,1308,3358,2328,2778,1308,3348,2328,2778,1308,3338,2328,2778,1308,3328,2328,2778,1308,3318,2328,2778,1308,3308,2328,2778,1308,3298,2328,2778,1308,3288,2328,2778,1308,3278,2328,2778,1308,3268,2328,2778,1308,3258,2328,2778,1308,3248,2328,2778,1308,3238,2328,2778,1308,3228,2328,2778,1308,3218,2328,2778,1308,3208,2328,2778,1308,3198,2328,2778,1308,3188,2328,2778,1308,3178,2328,2778,1308,3168,2328,2778,1308,3158,2328,2778,1308,3148,2328,2778,1308,3138,2328,2778,1308,3128,2328,2778,1308,3118,2328,2778,1308,3108,2328,2778,1308,3098,2328,2778,1308,3088,2328,2778,1308,3078,2328,2778,1308,3068,2328,2778,1308,3058,2328,2778,1308,3048,2328,2778,1308,3038,2328,2778,1308,3028,2328,2778,1308
2048,2048,2048,2048,512,256,-54,70,123,185,-80068,80068,0,219,2058,2048,2048,2048,2068,2048,2048,2048,2078,2048,2048,2048,2088,2048,2048,2048,2098,2048,2048,2048,2108,2048,2048,2048,2118,2048,2048,2048,2128,2048,2048,2048,2138,2048,2048,2048,2148,2048,2048,2048,2158,2048,2048,2048,2158,2048,2038,2048,2158,2048,2028,2048,2158,2048,2018,2048,2158,2048,2008,2048,2158,2048,1998,2048,2158,2048,1988,2048,2158,2048,1978,2048,2158,2048,1968,2048,2158,2048,1958,2048,2158,2048,1948,2048,2158,2048,1938,2048,2158,2048,1928,2048,2158,2048,1918,2048,2158,2048,1908,2048,2158,2048,1898,2048,2158,2048,1888,2048,2158,2048,1878,2048,2158,2048,1868,2048,2158,2048,1858,2048,2158,2048,1848,2048,2158,2048,1838,2048,2158,2048,1828,2048,2158,2048,1818,2048,2158,2048,1808,2048,2158,2048,1798,2048,2158,2048,1788,2048,2158,2048,1788,2038,2158,2048,1788,2028,2158,2048,1788,2018,2158,2048,1788,2008,2168,2048,1788,2008,2168,2048,1778,2008,2168,2048,1768,2008,2168,2048,1758,2008,2168,2048,1748,2008,2168,2048,1738,2008,2178,2048,1738,2008,2188,2048,1738,2008,2198,2048,1738,2008,2208,2048,1738,2008,2218,2048,1738,2008,2228,2048,1738,2008,2238,2048,1738,2008,2248,2048,1738,2008,2258,2048,1738,2008,2268,2048,1738,2008,2278,2048,1738,2008,2288,2048,1738,2008,2298,2048,1738,2008,2308,2048,1738,2008,2318,2048,1738,2008,2328,2048,1738,2008,2338,2048,1738,2008,2348,2048,1738,2008,2358,2048,1738,2008,2368,2048,1738,2008,2378,2048,1738,2008,2388,2048,1738,2008,2398,2048,1738,2008,2408,2048,1738,2008,2418,2048,1738,2008,2428,2048,1738,2008,2438,2048,1738,2008,2448,2048,1738,2008,2458,2048,1738,2008,2468,2048,1738,2008,2478,2048,1738,2008,2478,2038,1738,2008,2478,2038,1728,2008,2478,2038,1718,2008,2478,2028,1718,2008,2478,2028,1708,2008,2478,2018,1708,2008,2478,2018,1698,2008,2478,2008,1698,2008,2478,2008,1688,2008,2478,1998,1688,2008,2478,1998,1678,2008,2478,1988,1678,2008,2478,1988,1668,2008,2478,1978,1668,2008,2478,1978,1658,2008,2478,1968,1658,2008,2478,1968,1648,2008,2478,1968,1638,2008,2478,1958,1638,2008,2478,1958,1628,2008,2478,1948,1628,2008,2478,1948,1618,2008,2478,1938,1618,2008,2478,1938,1608,2008,2478,1928,1608,2008,2478,1928,1598,2008,2478,1918,1598,2008,2478,1918,1588,2008,2478,1908,1588,2008,2478,1908,1578,2008,2478,1898,1578,2008,2478,1898,1568,2008,2478,1888,1568,2008,2478,1888,1558,2008,2478,1878,1558,2008,2478,1878,1548,2008,2478,1868,1548,2008,2478,1868,1538,2008,2478,1858,1538,2008,2478,1858,1528,2008,2478,1848,1528,2008,2478,1848,1518,2008,2478,1838,1518,2008,2478,1838,1508,2008,2478,1828,1508,2008,2478,1828,1498,2008,2478,1818,1498,2008,2478,1818,1488,2008,2478,1808,1488,2008,2478,1808,1478,2008,2478,1798,1478,2008,2478,1798,1468,2008,2478,1788,1468,2008,2478,1788,1458,2008,2478,1778,1458,2008,2478,1778,1448,2008,2478,1768,1448,2008,2478,1768,1438,2008,2478,1758,1438,2008,2478,1758,1428,2008,2478,1748,1428,2008,2478,1748,1418,2008,2478,1738,1418,2008,2478,1738,1408,2008,2478,1728,1408,2008,2478,1728,1398,2008,2478,1718,1398,2008,2478,1718,1388,2008,2478,1708,1388,2008,2478,1708,1378,2008,2478,1698,1378,2008,2478,1698,1368,2008,2478,1688,1368,2008,2478,1678,1368,2008,2478,1678,1358,2008,2478,1668,1358,2008,2478,1668,1348,2008,2478,1658,1348,2008,2478,1658,1338,2008,2478,1648,1338,2008,2478,1648,1328,2008,2478,1638,1328,2008,2478,1638,1318,2008,2478,1628,1318,2008,2478,1628,1308,2008,2478,1618,1308,2008,2478,1608,1308,2008,2478,1608,1298,2008,2478,1598,1298,2008,2478,1598,1288,2008,2478,1588,1288,2008,2478,1588,1278,2008,2478,1578,1278,2008,2478,1578,1268,2008,2478,1568,1268,2008,2478,1558,1268,2008,2478,1558,1258,2008,2478,1548,1258,2008,2478,1548,1248,2008,2478,1538,1248,2008,2478,1538,1238,2008,2478,1528,1238,2008,2478,1518,1238,2008,2478,1518,1228,2008,2478,1508,1228,2008,2478,1508,1218,2008,2478,1498,1218,2008,2478,1498,1208,2008,2478,1488,1208,2008,2478,1478,1208,2008,2478,1478,1198,2008,2478,1468,1198,2008,2478,1468,1188,2008,2478,1458,1188,2008,2478,1448,1188,2008,2478,1448,1178,2008,2478,1438,1178,2008,2478,1438,1168,2008,2478,1428,1168,2008,2478,1418,1168,2008,2478,1418,1158,2008,2478,1408,1158,2008,2478,1408,1148,2008,2478,1398,1148,2008,2478,1388,1148,2008,2478,1388,1138,2008,2478,1378,1138,2008,2478,1378,1128,2008,2478,1368,1128,2008,2478,1358,1128,2008,2478,1358,1118,2008,2478,1348,1118,2008,2478,1348,1108,2008,2478,1338,1108,2008,2478,1328,1108,2008,2478,1328,1098,2008,2478,1318,1098,2008,2478,1318,1088,2008,2478,1308,1088,2008,2478,1298,1088,2008,2478,1298,1088,2008
2048,2048,2048,2048,512,256,284,-185,317,173,13330,2083,1,167,2038,2048,2048,2048,2028,2048,2048,2048,2018,2048,2048,2048,2008,2048,2048,2048,1998,2048,2048,2048,1988,2048,2048,2048,1978,2048,2048,2048,1968,2048,2048,2048,1958,2048,2048,2048,1948,2048,2048,2048,1938,2048,2048,2048,1928,2048,2048,2048,1918,2048,2048,2048,1908,2048,2048,2048,1898,2048,2048,2048,1888,2048,2048,2048,1878,2048,2048,2048,1868,2048,2048,2048,1858,2048,2048,2048,1848,2048,2048,2048,1838,2048,2048,2048,1828,2048,2048,2048,1818,2048,2048,2048,1808,2048,2048,2048,1798,2048,2048,2048,1788,2048,2048,2048,1778,2048,2048,2048,1768,2048,2048,2048,1758,2048,2048,2048,1748,2048,2048,2048,1738,2048,2048,2048,1728,2048,2048,2048,1718,2048,2048,2048,1708,2048,2048,2048,1698,2048,2048,2048,1688,2048,2048,2048,1678,2048,2048,2048,1668,2048,2048,2048,1658,2048,2048,2048,1648,2048,2048,2048,1638,2048,2048,2048,1628,2048,2048,2048,1618,2048,2048,2048,1608,2048,2048,2048,1598,2048,2048,2048,1588,2048,2048,2048,1578,2048,2048,2048,1568,2048,2048,2048,1558,2048,2048,2048,1548,2048,2048,2048,1538,2048,2048,2048,1528,2048,2048,2048,1518,2048,2048,2048,1508,2048,2048,2048,1498,2048,2048,2048,1488,2048,2048,2048,1478,2048,2048,2048,1468,2048,2048,2048,1458,2048,2048,2048,1448,2048,2048,2048,1438,2048,2048,2048,1428,2048,2048,2048,1418,2048,2048,2048,1418,2038,2048,2048,1408,2038,2048,2048,1408,2028,2048,2048,1398,2028,2048,2048,1398,2018,2048,2048,1398,2008,2048,2048,1388,2008,2048,2048,1388,1998,2048,2048,1378,1998,2048,2048,1378,1988,2048,2048,1368,1988,2048,2048,1368,1978,2048,2048,1358,1978,2048,2048,1358,1968,2048,2048,1348,1968,2048,2048,1338,1968,2048,2048,1328,1968,2048,2048,1318,1968,2048,2048,1308,1968,2048,2048,1298,1968,2048,2048,1288,1968,2048,2048,1278,1968,2048,2048,1268,1968,2048,2048,1258,1968,2048,2048,1248,1968,2048,2048,1238,1968,2048,2048,1228,1968,2048,2048,1218,1968,2048,2048,1208,1968,2048,2048,1198,1968,2048,2048,1188,1968,2048,2048,1178,1968,2048,2048,1168,1968,2048,2048,1158,1968,2048,2048,1148,1968,2048,2048,1138,1968,2048,2048,1128,1968,2048,2048,1118,1968,2048,2048,1108,1968,2048,2048,1098,1968,2048,2048,1088,1968,2048,2048,1088,1958,2048,2048,1078,1958,2048,2048,1068,1958,2048,2048,1058,1958,2048,2048,1048,1958,2048,2048,1038,1958,2048,2048,1028,1958,2048,2048,1018,1958,2048,2048,1018,1958,2058,2048,1008,1958,2058,2048,998,1958,2058,2048,988,1958,2058,2048,978,1958,2058,2048,968,1958,2058,2048,958,1958,2058,2048,948,1958,2058,2048,938,1958,2058,2048,928,1958,2058,2048,918,1958,2058,2048,908,1958,2058,2048,898,1958,2058,2048,888,1958,2058,2048,878,1958,2058,2048,868,1958,2058,2048,858,1958,2058,2048,848,1958,2058,2048,838,1958,2058,2048,828,1958,2058,2048,818,1958,2058,2048,808,1958,2058,2048,798,1958,2058,2048,788,1958,2058,2048,778,1958,2058,2048,768,1958,2058,2048,758,1958,2058,2048,748,1958,2058,2048,738,1958,2058,2048,728,1958,2058,2048,718,1958,2058,2048,708,1958,2058,2048,698,1958,2058,2048,698,1968,2058,2048,698,1968,2068,2048,698,1968,2078,2048,698,1978,2078,2048,698,1978,2088,2048,688,1978,2088,2048,688,1988,2088,2048,688,1988,2098,2048,678,1988,2098,2048,678,1998,2098,2048,678,1998,2108,2048,668,1998,2108,2048,668,2008,2108,2048,668,2008,2118,2048,658,2008,2118,2048,658,2018,2118,2048,668,2018,2118,2048,668,2018,2128,2048,658,2018,2128,2048,658,2028,2128,2048,658,2028,2138,2048,648,2028,2138,2048
2048,2048,2048,2048,512,256,118,336,374,74,-108137,108137,0,24,2038,2048,2048,2048,2028,2048,2048,2048,2018,2048,2048,2048,2008,2048,2048,2048,1998,2048,2048,2048,1988,2048,2048,2048,1978,2048,2048,2048,1968,2048,2048,2048,1958,2048,2048,2048,1948,2048,2048,2048,1938,2048,2048,2048,1928,2048,2048,2048,1918,2048,2048,2048,1908,2048,2048,2048,1898,2048,2048,2048,1888,2048,2048,2048,1878,2048,2048,2048,1868,2048,2048,2048,1858,2048,2048,2048,1848,2048,2048,2048,1838,2048,2048,2048,1828,2048,2048,2048,1838,2048,2048,2048,1828,2048,2048,2048
2048,2048,2048,2048,512,256,162,273,226,64,-25003,25003,0,46,2048,2048,2038,2048,2048,2048,2028,2048,2048,2048,2018,2048,2048,2048,2008,2048,2048,2048,1998,2048,2048,2048,1988,2048,2048,2048,1978,2048,2048,2048,1968,2048,2048,2048,1958,2048,2038,2048,1958,2048,2028,2048,1958,2048,2018,2048,1958,2048,2008,2048,1958,2048,1998,2048,1958,2048,1988,2048,1958,2048,1978,2048,1958,2048,1968,2048,1958,2048,1958,2048,1958,2048,1948,2048,1958,2048,1938,2048,1958,2048,1928,2048,1958,2048,1918,2048,1958,2048,1908,2048,1958,2048,1898,2048,1958,2048,1888,2048,1958,2048,1878,2048,1958,2048,1868,2048,1958,2048,1858,2048,1958,2048,1848,2048,1958,2048,1838,2048,1958,2048,1828,2048,1958,2048,1818,2048,1958,2048,1808,2048,1958,2048,1798,2048,1958,2048,1788,2048,1958,2048,1778,2048,1958,2048,1768,2048,1958,2048,1758,2048,1958,2048,1748,2048,1958,2048,1738,2048,1958,2048,1728,2048,1958,2048,1718,2048,1958,2048,1708,2048,1958,2048,1698,2048,1958,2048,1708,2048,1958,2048,1698,2048,1958,2048
2048,2048,2048,2048,512,256,-26,-156,292,174,-178262,178262,0,200,2058,2048,2048,2048,2068,2048,2048,2048,2078,2048,2048,2048,2088,2048,2048,2048,2098,2048,2048,2048,2108,2048,2048,2048,2118,2048,2048,2048,2128,2048,2048,2048,2138,2048,2048,2048,2148,2048,2048,2048,2158,2048,2048,2048,2168,2048,2048,2048,2178,2048,2048,2048,2188,2048,2048,2048,2198,2048,2048,2048,2208,2048,2048,2048,2218,2048,2048,2048,2228,2048,2048,2048,2238,2048,2048,2048,2248,2048,2048,2048,2258,2048,2048,2048,2268,2048,2048,2048,2278,2048,2048,2048,2288,2048,2048,2048,2298,2048,2048,2048,2308,2048,2048,2048,2318,2048,2048,2048,2328,2048,2048,2048,2338,2048,2048,2048,2348,2048,2048,2048,2358,2048,2048,2048,2368,2048,2048,2048,2378,2048,2048,2048,2388,2048,2048,2048,2398,2048,2048,2048,2408,2048,2048,2048,2418,2048,2048,2048,2428,2048,2048,2048,2438,2048,2048,2048,2448,2048,2048,2048,2458,2048,2048,2048,2468,2048,2048,2048,2478,2048,2048,2048,2488,2048,2048,2048,2498,2048,2048,2048,2508,2048,2048,2048,2518,2048,2048,2048,2528,2048,2048,2048,2538,2048,2048,2048,2548,2048,2048,2048,2558,2048,2048,2048,2568,2048,2048,2048,2578,2048,2048,2048,2588,2048,2048,2048,2598,2048,2048,2048,2608,2048,2048,2048,2618,2048,2048,2048,2628,2048,2048,2048,2638,2048,2048,2048,2648,2048,2048,2048,2658,2048,2048,2048,2668,2048,2048,2048,2678,2048,2048,2048,2688,2048,2048,2048,2698,2048,2048,2048,2708,2048,2048,2048,2718,2048,2048,2048,2728,2048,2048,2048,2738,2048,2048,2048,2748,2048,2048,2048,2758,2048,2048,2048,2768,2048,2048,2048,2778,2048,2048,2048,2788,2048,2048,2048,2798,2048,2048,2048,2808,2048,2048,2048,2818,2048,2048,2048,2828,2048,2048,2048,2838,2048,2048,2048,2848,2048,2048,2048,2858,2048,2048,2048,2868,2048,2048,2048,2878,2048,2048,2048,2888,2048,2048,2048,2898,2048,2048,2048,2908,2048,2048,2048,2918,2048,2048,2048,2928,2048,2048,2048,2938,2048,2048,2048,2948,2048,2048,2048,2958,2048,2048,2048,2968,2048,2048,2048,2978,2048,2048,2048,2988,2048,2048,2048,2998,2048,2048,2048,3008,2048,2048,2048,3018,2048,2048,2048,3028,2048,2048,2048,3038,2048,2048,2048,3048,2048,2048,2048,3058,2048,2048,2048,3068,2048,2048,2048,3078,2048,2048,2048,3088,2048,2048,2048,3098,2048,2048,2048,3108,2048,2048,2048,3118,2048,2048,2048,3128,2048,2048,2048,3138,2048,2048,2048,3148,2048,2048,2048,3158,2048,2048,2048,3168,2048,2048,2048,3178,2048,2048,2048,3188,2048,2048,2048,3198,2048,2048,2048,3208,2048,2048,2048,3218,2048,2048,2048,3228,2048,2048,2048,3238,2048,2048,2048,3248,2048,2048,2048,3258,2048,2048,2048,3268,2048,2048,2048,3278,2048,2048,2048,3288,2048,2048,2048,3298,2048,2048,2048,3308,2048,2048,2048,3318,2048,2048,2048,3328,2048,2048,2048,3338,2048,2048,2048,3348,2048,2048,2048,3358,2048,2048,2048,3368,2048,2048,2048,3378,2048,2048,2048,3388,2048,2048,2048,3398,2048,2048,2048,3408,2048,2048,2048,3408,2038,2048,2048,3418,2038,2048,2048,3418,2028,2048,2048,3418,2018,2048,2048,3428,2018,2048,2048,3438,2018,2048,2048,3448,2018,2048,2048,3458,2018,2048,2048,3468,2018,2048,2048,3478,2018,2048,2048,3488,2018,2048,2048,3498,2018,2048,2048,3508,2018,2048,2048,3518,2018,2048,2048,3528,2018,2048,2048,3538,2018,2048,2048,3548,2018,2048,2048,3558,2018,2048,2048,3568,2018,2048,2048,3578,2018,2048,2048,3588,2018,2048,2048,3598,2018,2048,2048,3608,2018,2048,2048,3618,2018,2048,2048,3628,2018,2048,2048,3638,2018,2048,2048,3648,2018,2048,2048,3658,2018,2048,2048,3668,2018,2048,2048,3678,2018,2048,2048,3688,2018,2048,2048,3698,2018,2048,2048,3708,2018,2048,2048,3718,2018,2048,2048,3728,2018,2048,2048,3738,2018,2048,2048,3748,2018,2048,2048,3758,2018,2048,2048,3768,2018,2048,2048,3778,2018,2048,2048,3788,2018,2048,2048,3798,2018,2048,2048,3808,2018,2048,2048,3818,2018,2048,2048,3828,2018,2048,2048,3838,2018,2048,2048,3848,2018,2048,2048,3858,2018,2048,2048,3858,2008,2048,2048,3868,2008,2048,2048,3878,2008,2048,2048,3888,2008,2048,2048,3898,2008,2048,2048,3908,2008,2048,2048,3918,2008,2048,2048,3928,2008,2048,2048,3938,2008,2048,2048,3948,2008,2048,2048,3958,2008,2048,2048,3968,2008,2048,2048,3978,2008,2048,2048,3988,2008,2048,2048,3978,2008,2048,2048,3988,2008,2048,2048
2048,2048,2048,2048,512,256,-260,-58,473,133,-105378,105378,0,141,2058,2048,2048,2048,2068,2048,2048,2048,2078,2048,2048,2048,2088,2048,2048,2048,2098,2048,2048,2048,2108,2048,2048,2048,2118,2048,2048,2048,2128,2048,2048,2048,2138,2048,2048,2048,2148,2048,2048,2048,2158,2048,2048,2048,2168,2048,2048,2048,2178,2048,2048,2048,2188,2048,2048,2048,2198,2048,2048,2048,2208,2048,2048,2048,2218,2048,2048,2048,2228,2048,2048,2048,2238,2048,2048,2048,2248,2048,2048,2048,2258,2048,2048,2048,2268,2048,2048,2048,2278,2048,2048,2048,2288,2048,2048,2048,2298,2048,2048,2048,2308,2048,2048,2048,2318,2048,2048,2048,2328,2048,2048,2048,2338,2048,2048,2048,2348,2048,2048,2048,2358,2048,2048,2048,2368,2048,2048,2048,2378,2048,2048,2048,2388,2048,2048,2048,2398,2048,2048,2048,2408,2048,2048,2048,2418,2048,2048,2048,2428,2048,2048,2048,2438,2048,2048,2048,2448,2048,2048,2048,2458,2048,2048,2048,2468,2048,2048,2048,2478,2048,2048,2048,2488,2048,2048,2048,2498,2048,2048,2048,2508,2048,2048,2048,2518,2048,2048,2048,2528,2048,2048,2048,2538,2048,2048,2048,2548,2048,2048,2048,2558,2048,2048,2048,2568,2048,2048,2048,2578,2048,2048,2048,2588,2048,2048,2048,2598,2048,2048,2048,2608,2048,2048,2048,2618,2048,2048,2048,2628,2048,2048,2048,2638,2048,2048,2048,2648,2048,2048,2048,2658,2048,2048,2048,2668,2048,2048,2048,2678,2048,2048,2048,2688,2048,2048,2048,2698,2048,2048,2048,2708,2048,2048,2048,2718,2048,2048,2048,2728,2048,2048,2048,2738,2048,2048,2048,2748,2048,2048,2048,2758,2048,2048,2048,2768,2048,2048,2048,2778,2048,2048,2048,2788,2048,2048,2048,2798,2048,2048,2048,2808,2048,2048,2048,2818,2048,2048,2048,2828,2048,2048,2048,2838,2048,2048,2048,2848,2048,2048,2048,2858,2048,2048,2048,2868,2048,2048,2048,2878,2048,2048,2048,2888,2048,2048,2048,2898,2048,2048,2048,2908,2048,2048,2048,2918,2048,2048,2048,2928,2048,2048,2048,2938,2048,2048,2048,2948,2048,2048,2048,2958,2048,2048,2048,2968,2048,2048,2048,2978,2048,2048,2048,2988,2048,2048,2048,2998,2048,2048,2048,3008,2048,2048,2048,3018,2048,2048,2048,3028,2048,2048,2048,3038,2048,2048,2048,3048,2048,2048,2048,3058,2048,2048,2048,3068,2048,2048,2048,3078,2048,2048,2048,3088,2048,2048,2048,3098,2048,2048,2048,3108,2048,2048,2048,3118,2048,2048,2048,3128,2048,2048,2048,3138,2048,2048,2048,3148,2048,2048,2048,3158,2048,2048,2048,3168,2048,2048,2048,3178,2048,2048,2048,3188,2048,2048,2048,3198,2048,2048,2048,3198,2038,2048,2048,3198,2028,2048,2048,3198,2018,2048,2048,3198,2008,2048,2048,3198,1998,2048,2048,3208,1998,2048,2048,3208,1988,2048,2048,3208,1978,2048,2048,3208,1968,2048,2048,3208,1958,2048,2048,3208,1948,2048,2048,3208,1938,2048,2048,3208,1928,2048,2048,3208,1918,2048,2048,3208,1908,2048,2048,3218,1908,2048,2048,3218,1898,2048,2048,3218,1888,2048,2048,3218,1878,2048,2048,3218,1868,2048,2048,3218,1858,2048,2048,3218,1848,2048,2048,3218,1838,2048,2048,3208,1838,2048,2048,3218,1838,2048,2048,3208,1838,2048,2048
2048,2048,2048,2048,512,256,-120,-138,418,171,-59654,59654,0,191,2058,2048,2048,2048,2068,2048,2048,2048,2078,2048,2048,2048,2088,2048,2048,2048,2098,2048,2048,2048,2108,2048,2048,2048,2118,2048,2048,2048,2128,2048,2048,2048,2138,2048,2048,2048,2148,2048,2048,2048,2158,2048,2048,2048,2168,2048,2048,2048,2178,2048,2048,2048,2188,2048,2048,2048,2198,2048,2048,2048,2208,2048,2048,2048,2218,2048,2048,2048,2228,2048,2048,2048,2238,2048,2048,2048,2248,2048,2048,2048,2258,2048,2048,2048,2268,2048,2048,2048,2278,2048,2048,2048,2288,2048,2048,2048,2298,2048,2048,2048,2308,2048,2048,2048,2318,2048,2048,2048,2328,2048,2048,2048,2338,2048,2048,2048,2348,2048,2048,2048,2358,2048,2048,2048,2368,2048,2048,2048,2378,2048,2048,2048,2388,2048,2048,2048,2398,2048,2048,2048,2408,2048,2048,2048,2418,2048,2048,2048,2428,2048,2048,2048,2438,2048,2048,2048,2448,2048,2048,2048,2458,2048,2048,2048,2468,2048,2048,2048,2478,2048,2048,2048,2488,2048,2048,2048,2498,2048,2048,2048,2508,2048,2048,2048,2518,2048,2048,2048,2528,2048,2048,2048,2538,2048,2048,2048,2548,2048,2048,2048,2558,2048,2048,2048,2568,2048,2048,2048,2578,2048,2048,2048,2588,2048,2048,2048,2598,2048,2048,2048,2608,2048,2048,2048,2618,2048,2048,2048,2628,2048,2048,2048,2638,2048,2048,2048,2648,2048,2048,2048,2658,2048,2048,2048,2668,2048,2048,2048,2678,2048,2048,2048,2688,2048,2048,2048,2698,2048,2048,2048,2708,2048,2048,2048,2718,2048,2048,2048,2728,2048,2048,2048,2738,2048,2048,2048,2748,2048,2048,2048,2758,2048,2048,2048,2768,2048,2048,2048,2778,2048,2048,2048,2788,2048,2048,2048,2798,2048,2048,2048,2808,2048,2048,2048,2818,2048,2048,2048,2828,2048,2048,2048,2838,2048,2048,2048,2848,2048,2048,2048,2858,2048,2048,2048,2868,2048,2048,2048,2878,2048,2048,2048,2888,2048,2048,2048,2898,2048,2048,2048,2908,2048,2048,2048,2918,2048,2048,2048,2928,2048,2048,2048,2938,2048,2048,2048,2948,2048,2048,2048,2958,2048,2048,2048,2968,2048,2048,2048,2978,2048,2048,2048,2988,2048,2048,2048,2998,2048,2048,2048,3008,2048,2048,2048,3018,2048,2048,2048,3028,2048,2048,2048,3038,2048,2048,2048,3048,2048,2048,2048,3058,2048,2048,2048,3068,2048,2048,2048,3078,2048,2048,2048,3088,2048,2048,2048,3098,2048,2048,2048,3108,2048,2048,2048,3118,2048,2048,2048,3128,2048,2048,2048,3138,2048,2048,2048,3148,2048,2048,2048,3158,2048,2048,2048,3168,2048,2048,2048,3178,2048,2048,2048,3188,2048,2048,2048,3198,2048,2048,2048,3208,2048,2048,2048,3218,2048,2048,2048,3228,2048,2048,2048,3238,2048,2048,2048,3248,2048,2048,2048,3258,2048,2048,2048,3268,2048,2048,2048,3278,2048,2048,2048,3288,2048,2048,2048,3298,2048,2048,2048,3308,2048,2048,2048,3318,2048,2048,2048,3328,2048,2048,2048,3338,2048,2048,2048,3348,2048,2048,2048,3358,2048,2048,2048,3368,2048,2048,2048,3368,2038,2048,2048,3378,2038,2048,2048,3378,2028,2048,2048,3378,2018,2048,2048,3378,2008,2048,2048,3378,1998,2048,2048,3378,1988,2048,2048,3388,1988,2048,2048,3388,1978,2048,2048,3388,1968,2048,2048,3388,1958,2048,2048,3388,1948,2048,2048,3398,1948,2048,2048,3398,1938,2048,2048,3398,1928,2048,2048,3398,1918,2048,2048,3408,1918,2048,2048,3408,1908,2048,2048,3408,1898,2048,2048,3408,1888,2048,2048,3418,1888,2048,2048,3418,1878,2048,2048,3418,1868,2048,2048,3418,1858,2048,2048,3428,1858,2048,2048,3428,1848,2048,2048,3428,1838,2048,2048,3438,1838,2048,2048,3438,1828,2048,2048,3438,1818,2048,2048,3448,1818,2048,2048,3448,1808,2048,2048,3448,1798,2048,2048,3458,1798,2048,2048,3458,1788,2048,2048,3458,1778,2048,2048,3468,1778,2048,2048,3468,1768,2048,2048,3478,1768,2048,2048,3478,1758,2048,2048,3478,1748,2048,2048,3488,1748,2048,2048,3488,1738,2048,2048,3498,1738,2048,2048,3508,1738,2048,2048,3518,1738,2048,2048,3528,1738,2048,2048,3538,1738,2048,2048,3548,1738,2048,2048,3558,1738,2048,2048,3568,1738,2048,2048,3578,1738,2048,2048,3588,1738,2048,2048,3598,1738,2048,2048,3608,1738,2048,2048,3618,1738,2048,2048,3628,1738,2048,2048,3618,1738,2048,2048,3628,1738,2048,2048
2048,2048,2048,2048,512,256,30,-346,133,235,12210,4167,1,279,2048,2048,2038,2048,2048,2048,2028,2048,2048,2048,2018,2048,2048,2048,2008,2048,2048,2048,1998,2048,2048,2048,1988,2048,2048,2048,1978,2048,2048,2048,1968,2048,2048,2048,1958,2048,2048,2048,1948,2048,2048,2048,1938,2048,2048,2048,1928,2048,2048,2048,1918,2048,2048,2048,1908,2048,2048,2048,1898,2048,2048,2048,1888,2048,2048,2048,1878,2048,2048,2048,1868,2048,2048,2048,1858,2048,2048,2048,1848,2048,2048,2048,1838,2048,2048,2048,1828,2048,2048,2048,1818,2048,2048,2048,1808,2048,2048,2048,1798,2048,2048,2048,1788,2048,2048,2048,1778,2048,2048,2048,1768,2048,2048,2048,1758,2048,2048,2048,1748,2048,2048,2048,1738,2048,2038,2048,1738,2048,2028,2048,1738,2048,2018,2048,1738,2048,2008,2048,1738,2048,1998,2048,1738,2048,1988,2048,1738,2048,1978,2048,1738,2048,1968,2048,1738,2048,1958,2048,1738,2048,1948,2048,1738,2048,1938,2048,1738,2048,1928,2048,1738,2048,1918,2048,1738,2048,1908,2048,1738,2048,1898,2048,1738,2048,1888,2048,1738,2048,1878,2048,1738,2048,1868,2048,1738,2048,1858,2048,1738,2048,1848,2048,1738,2048,1838,2048,1738,2048,1828,2048,1738,2048,1818,2048,1738,2048,1808,2048,1738,2048,1798,2048,1738,2048,1788,2048,1738,2048,1778,2048,1738,2048,1768,2048,1738,2048,1758,2048,1738,2048,1748,2048,1738,2048,1738,2048,1738,2048,1728,2048,1738,2048,1718,2048,1738,2048,1708,2048,1738,2048,1698,2048,1738,2048,1688,2048,1738,2048,1678,2048,1738,2048,1668,2048,1738,2048,1658,2048,1738,2048,1648,2048,1738,2048,1638,2048,1738,2048,1628,2048,1738,2048,1618,2048,1738,2048,1608,2048,1738,2048,1598,2048,1738,2048,1588,2048,1738,2048,1578,2048,1738,2048,1568,2048,1738,2048,1558,2048,1738,2048,1548,2048,1738,2048,1538,2048,1738,2048,1528,2048,1738,2048,1518,2048,1738,2048,1508,2048,1738,2048,1498,2048,1738,2048,1488,2048,1738,2048,1478,2048,1738,2048,1468,2048,1738,2048,1458,2048,1738,2048,1448,2048,1738,2048,1438,2048,1738,2048,1428,2048,1738,2048,1418,2048,1738,2048,1408,2048,1738,2048,1398,2048,1738,2048,1388,2048,1738,2048,1378,2048,1738,2048,1368,2048,1738,2048,1358,2048,1738,2048,1348,2048,1738,2048,1338,2048,1738,2048,1328,2048,1738,2048,1318,2048,1738,2048,1308,2048,1738,2048,1298,2048,1738,2048,1288,2048,1738,2048,1278,2048,1738,2048,1268,2048,1738,2048,1258,2048,1738,2048,1248,2048,1738,2048,1238,2048,1738,2048,1228,2048,1738,2048,1218,2048,1738,2048,1208,2048,1738,2048,1198,2048,1738,2048,1188,2048,1738,2048,1178,2048,1738,2048,1168,2048,1738,2048,1158,2048,1738,2048,1148,2048,1738,2048,1138,2048,1738,2048,1128,2048,1738,2048,1118,2048,1738,2048,1108,2048,1738,2048,1098,2048,1738,2048,1088,2048,1738,2048,1078,2048,1738,2048,1068,2048,1738,2048,1058,2048,1738,2048,1048,2048,1738,2048,1038,2048,1738,2048,1028,2048,1738,2048,1018,2048,1738,2048,1018,2048,1748,2048,1008,2048,1748,2048,998,2048,1748,2048,988,2048,1748,2048,978,2048,1748,2048,968,2048,1748,2048,958,2048,1748,2048,948,2048,1748,2048,938,2048,1748,2048,928,2048,1748,2048,918,2048,1748,2048,908,2048,1748,2048,898,2048,1748,2048,888,2048,1748,2048,878,2048,1748,2048,868,2048,1748,2048,858,2048,1748,2048,848,2048,1748,2048,838,2048,1748,2048,828,2048,1748,2048,818,2048,1748,2048,808,2048,1748,2048,798,2048,1748,2048,788,2048,1748,2048,778,2048,1748,2048,768,2048,1748,2048,758,2048,1748,2048,748,2048,1748,2048,738,2048,1748,2048,728,2048,1748,2048,718,2048,1748,2048,708,2048,1748,2048,698,2048,1748,2048,688,2048,1748,2048,678,2048,1748,2048,668,2048,1748,2048,658,2048,1748,2048,648,2048,1748,2048,638,2048,1748,2048,628,2048,1748,2048,618,2048,1748,2048,608,2048,1748,2048,598,2048,1748,2048,588,2048,1748,2048,578,2048,1748,2048,568,2048,1748,2048,558,2048,1748,2048,548,2048,1748,2048,538,2048,1748,2048,528,2048,1748,2048,518,2048,1748,2048,508,2048,1748,2048,498,2048,1748,2048,488,2048,1748,2048,478,2048,1748,2048,468,2048,1748,2048,458,2048,1748,2048,448,2048,1748,2048,438,2048,1748,2048,428,2048,1748,2048,418,2048,1748,2048,408,2048,1748,2048,398,2048,1748,2048,388,2048,1748,2048,378,2048,1748,2048,368,2048,1748,2048,358,2048,1748,2048,348,2048,1748,2048,338,2048,1748,2048,328,2048,1748,2048,318,2048,1748,2048,308,2048,1748,2048,298,2048,1748,2048,288,2048,1748,2048,278,2048,1748,2048,268,2048,1748,2048,258,2048,1748,2048,248,2048,1748,2048,238,2048,1748,2048,228,2048,1748,2048,218,2048,1748,2048,208,2048,1748,2048,198,2048,1748,2048,188,2048,1748,2048,178,2048,1748,2048,168,2048,1748,2048,158,2048,1748,2048,148,2048,1748,2048,138,2048,1748,2048,128,2048,1748,2048,118,2048,1748,2048,108,2048,1748,2048,98,2048,1748,2048,88,2048,1748,2048,78,2048,1748,2048,68,2048,1748,2048,58,2048,1748,2048,58,2058,1748,2048,68,2058,1748,2048,68,2058,1758,2048,58,2058,1758,2048,58,2068,1758,2048,68,2068,1758,2048,68,2068,1768,2048,58,2068,1768,2048,58,2078,1768,2048,68,2078,1768,2048,68,2078,1778,2048,68,2078,1788,2048,58,2078,1788,2048,58,2088,1788,2048,68,2088,1788,2048,68,2088,1798,2048,58,2088,1798,2048,58,2098,1798,2048,68,2098,1798,2048,68,2098,1808,2048,58,2098,1808,2048,58,2108,1808,2048,68,2108,1808,2048,68,2108,1818,2048,58,2108,1818,2048,58,2118,1818,2048,68,2118,1818,2048,68,2118,1828,2048,68,2118,1838,2048,58,2118,1838,2048,58,2128,1838,2048,68,2128,1838,2048,68,2128,1848,2048,58,2128,1848,2048,58,2138,1848,2048,68,2138,1848,2048,68,2138,1858,2048,58,2138,1858,2048,58,2148,1858,2048,68,2148,1858,2048,68,2148,1868,2048,58,2148,1868,2048,58,2158,1868,2048,68,2158,1868,2048,68,2158,1878,2048,68,2158,1888,2048,58,2158,1888,2048,58,2168,1888,2048
2048,2048,2048,2048,512,256,-402,-33,207,353,10290,2900,1,471,2058,2048,2048,2048,2068,2048,2048,2048,2078,2048,2048,2048,2088,2048,2048,2048,2098,2048,2048,2048,2108,2048,2048,2048,2118,2048,2048,2048,2128,2048,2048,2048,2138,2048,2048,2048,2148,2048,2048,2048,2158,2048,2048,2048,2168,2048,2048,2048,2178,2048,2048,2048,2188,2048,2048,2048,2198,2048,2048,2048,2208,2048,2048,2048,2218,2048,2048,2048,2228,2048,2048,2048,2238,2048,2048,2048,2248,2048,2048,2048,2258,2048,2048,2048,2268,2048,2048,2048,2278,2048,2048,2048,2288,2048,2048,2048,2298,2048,2048,2048,2308,2048,2048,2048,2318,2048,2048,2048,2328,2048,2048,2048,2338,2048,2048,2048,2348,2048,2048,2048,2358,2048,2048,2048,2368,2048,2048,2048,2378,2048,2048,2048,2388,2048,2048,2048,2398,2048,2048,2048,2408,2048,2048,2048,2418,2048,2048,2048,2428,2048,2048,2048,2438,2048,2048,2048,2448,2048,2048,2048,2458,2048,2048,2048,2468,2048,2048,2048,2478,2048,2048,2048,2488,2048,2048,2048,2498,2048,2048,2048,2508,2048,2048,2048,2518,2048,2048,2048,2528,2048,2048,2048,2538,2048,2048,2048,2548,2048,2048,2048,2558,2048,2048,2048,2568,2048,2048,2048,2578,2048,2048,2048,2588,2048,2048,2048,2598,2048,2048,2048,2608,2048,2048,2048,2618,2048,2048,2048,2628,2048,2048,2048,2638,2048,2048,2048,2648,2048,2048,2048,2658,2048,2048,2048,2668,2048,2048,2048,2678,2048,2048,2048,2688,2048,2048,2048,2688,2048,2048,2038,2688,2048,2048,2028,2698,2048,2048,2028,2698,2048,2048,2018,2698,2048,2048,2008,2708,2048,2048,2008,2708,2048,2048,1998,2708,2048,2048,1988,2718,2048,2048,1988,2718,2048,2048,1978,2718,2048,2048,1968,2728,2048,2048,1968,2728,2048,2048,1958,2728,2048,2048,1948,2738,2048,2048,1948,2738,2048,2048,1938,2738,2048,2048,1928,2748,2048,2048,1928,2748,2048,2048,1918,2748,2048,2048,1908,2758,2048,2048,1908,2758,2048,2048,1898,2758,2048,2048,1888,2758,2048,2048,1878,2768,2048,2048,1878,2768,2048,2048,1868,2768,2048,2048,1858,2778,2048,2048,1858,2778,2048,2048,1848,2778,2048,2048,1838,2788,2048,2048,1838,2788,2048,2048,1828,2788,2048,2048,1818,2788,2048,2048,1808,2798,2048,2048,1808,2798,2048,2048,1798,2798,2048,2048,1788,2808,2048,2048,1788,2818,2048,2048,1788,2828,2048,2048,1788,2838,2048,2048,1788,2848,2048,2048,1788,2858,2048,2048,1788,2868,2048,2048,1788,2878,2048,2048,1788,2888,2048,2048,1788,2898,2048,2048,1788,2908,2048,2048,1788,2918,2048,2048,1788,2928,2048,2048,1788,2938,2048,2048,1788,2948,2048,2048,1788,2958,2048,2048,1788,2968,2048,2048,1788,2978,2048,2048,1788,2988,2048,2048,1788,2998,2048,2048,1788,3008,2048,2048,1788,3018,2048,2048,1788,3028,2048,2048,1788,3038,2048,2048,1788,3048,2048,2048,1788,3058,2048,2048,1788,3068,2048,2048,1788,3078,2048,2048,1788,3078,2048,2058,1788,3078,2058,2058,1788,3078,2058,2068,1788,3078,2068,2068,1788,3078,2068,2078,1788,3078,2078,2078,1788,3078,2078,2088,1788,3078,2088,2088,1788,3078,2088,2098,1788,3078,2098,2098,1788,3078,2098,2108,1788,3078,2098,2118,1788,3078,2108,2118,1788,3078,2108,2128,1788,3078,2118,2128,1788,3078,2118,2138,1788,3078,2128,2138,1788,3078,2128,2148,1788,3078,2138,2148,1788,3078,2138,2158,1788,3078,2148,2158,1788,3078,2148,2168,1788,3078,2148,2178,1788,3078,2158,2178,1788,3078,2158,2188,1788,3078,2168,2188,1788,3078,2168,2198,1788,3078,2178,2198,1788,3078,2178,2208,1788,3078,2188,2208,1788,3078,2188,2218,1788,3078,2188,2228,1788,3078,2198,2228,1788,3078,2198,2238,1788,3078,2208,2238,1788,3078,2208,2248,1788,3078,2218,2248,1788,3078,2218,2258,1788,3078,2218,2268,1788,3078,2228,2268,1788,3078,2228,2278,1788,3088,2228,2278,1788,3098,2228,2278,1788,3098,2238,2278,1788,3098,2238,2288,1788,3108,2238,2288,1788,3108,2248,2288,1788,3108,2248,2298,1788,3118,2248,2298,1788,3128,2248,2298,1788,3128,2258,2298,1788,3128,2258,2308,1788,3128,2258,2318,1788,3138,2258,2318,1788,3148,2258,2318,1788,3148,2268,2318,1788,3138,2268,2318,1788,3128,2268,2318,1788,3128,2268,2328,1788,3138,2268,2328,1788,3148,2268,2328,1788,3158,2268,2328,1788,3158,2278,2328,1788,3148,2278,2328,1788,3138,2278,2328,1788,3128,2278,2328,1788,3128,2278,2338,1788,3138,2278,2338,1788,3148,2278,2338,1788,3158,2278,2338,1788,3168,2278,2338,1788,3178,2278,2338,1788,3178,2288,2338,1788,3168,2288,2338,1788,3158,2288,2338,1788,3148,2288,2338,1788,3138,2288,2338,1788,3128,2288,2338,1788,3128,2288,2348,1788,3128,2288,2358,1788,3138,2288,2358,1788,3148,2288,2358,1788,3158,2288,2358,1788,3168,2288,2358,1788,3178,2288,2358,1788,3188,2288,2358,1788,3198,2288,2358,1788,3198,2298,2358,1788,3188,2298,2358,1788,3178,2298,2358,1788,3168,2298,2358,1788,3158,2298,2358,1788,3148,2298,2358,1788,3138,2298,2358,1788,3128,2298,2358,1788,3128,2298,2368,1788,3138,2298,2368,1788,3148,2298,2368,1788,3158,2298,2368,1788,3168,2298,2368,1788,3178,2298,2368,1788,3188,2298,2368,1788,3198,2298,2368,1788,3208,2298,2368,1788,3208,2308,2368,1788,3198,2308,2368,1788,3188,2308,2368,1788,3178,2308,2368,1788,3168,2308,2368,1788,3158,2308,2368,1788,3148,2308,2368,1788,3138,2308,2368,1788,3128,2308,2368,1788,3118,2308,2368,1788,3118,2308,2378,1788,3128,2308,2378,1788,3138,2308,2378,1788,3148,2308,2378,1788,3158,2308,2378,1788,3168,2308,2378,1788,3178,2308,2378,1788,3188,2308,2378,1788,3198,2308,2378,1788,3208,2308,2378,1788,3218,2308,2378,1788,3218,2318,2378,1788,3208,2318,2378,1788,3198,2318,2378,1788,3188,2318,2378,1788,3178,2318,2378,1788,3168,2318,2378,1788,3158,2318,2378,1788,3148,2318,2378,1788,3138,2318,2378,1788,3128,2318,2378,1788,3118,2318,2378,1788,3118,2318,2388,1788,3118,2318,2398,1788,3128,2318,2398,1788,3138,2318,2398,1788,3148,2318,2398,1788,3158,2318,2398,1788,3168,2318,2398,1788,3178,2318,2398,1788,3188,2318,2398,1788,3198,2318,2398,1788,3208,2318,2398,1788,3218,2318,2398,1788,3228,2318,2398,1788,3238,2318,2398,1788,3238,2328,2398,1788,3228,2328,2398,1788,3218,2328,2398,1788,3208,2328,2398,1788,3198,2328,2398,1788,3188,2328,2398,1788,3178,2328,2398,1788,3168,2328,2398,1788,3158,2328,2398,1788,3148,2328,2398,1788,3138,2328,2398,1788,3128,2328,2398,1788,3118,2328,2398,1788,3118,2328,2408,1788,3128,2328,2408,1788,3138,2328,2408,1788,3148,2328,2408,1788,3158,2328,2408,1788,3168,2328,2408,1788,3178,2328,2408,1788,3188,2328,2408,1788,3198,2328,2408,1788,3208,2328,2408,1788,3218,2328,2408,1788,3228,2328,2408,1788,3238,2328,2408,1788,3248,2328,2408,1788,3258,2328,2408,1788,3258,2338,2408,1788,3248,2338,2408,1788,3238,2338,2408,1788,3228,2338,2408,1788,3218,2338,2408,1788,3208,2338,2408,1788,3198,2338,2408,1788,3188,2338,2408,1788,3178,2338,2408,1788,3168,2338,2408,1788,3158,2338,2408,1788,3148,2338,2408,1788,3138,2338,2408,1788,3128,2338,2408,1788,3118,2338,2408,1788,3118,2338,2418,1788,3128,2338,2418,1788,3138,2338,2418,1788,3148,2338,2418,1788,3158,2338,2418,1788,3168,2338,2418,1788,3178,2338,2418,1788,3188,2338,2418,1788,3198,2338,2418,1788,3208,2338,2418,1788,3218,2338,2418,1788,3228,2338,2418,1788,3238,2338,2418,1788,3248,2338,2418,1788,3258,2338,2418,1788,3268,2338,2418,1788,3268,2348,2418,1788,3258,2348,2418,1788,3248,2348,2418,1788,3238,2348,2418,1788,3228,2348,2418,1788,3218,2348,2418,1788,3208,2348,2418,1788,3198,2348,2418,1788,3188,2348,2418,1788,3178,2348,2418,1788,3168,2348,2418,1788,3158,2348,2418,1788,3148,2348,2418,1788,3138,2348,2418,1788,3128,2348,2418,1788,3118,2348,2418,1788,3118,2348,2428,1788,3118,2348,2438,1788,3128,2348,2438,1788,3138,2348,2438,1788,3148,2348,2438,1788,3158,2348,2438,1788,3168,2348,2438,1788,3178,2348,2438,1788,3188,2348,2438,1788,3198,2348,2438,1788,3208,2348,2438,1788,3218,2348,2438,1788,3228,2348,2438,1788,3238,2348,2438,1788,3248,2348,2438,1788,3258,2348,2438,1788,3268,2348,2438,1788,3278,2348,2438,1788,3288,2348,2438,1788,3288,2358,2438,1788,3278,2358,2438,1788,3268,2358,2438,1788,3258,2358,2438,1788,3248,2358,2438,1788,3238,2358,2438,1788,3228,2358,2438,1788,3218,2358,2438,1788,3208,2358,2438,1788,3198,2358,2438,1788,3188,2358,2438,1788,3178,2358,2438,1788,3168,2358,2438,1788,3158,2358,2438,1788,3148,2358,2438,1788,3138,2358,2438,1788,3128,2358,2438,1788,3118,2358,2438,1788,3118,2358,2448,1788,3128,2358,2448,1788,3138,2358,2448,1788,3148,2358,2448,1788,3158,2358,2448,1788,3168,2358,2448,1788,3178,2358,2448,1788,3188,2358,2448,1788,3198,2358,2448,1788,3208,2358,2448,1788,3218,2358,2448,1788,3228,2358,2448,1788,3238,2358,2448,1788,3248,2358,2448,1788,3258,2358,2448,1788,3268,2358,2448,1788,3278,2358,2448,1788,3288,2358,2448,1788,3298,2358,2448,1788,3298,2368,2448,1788,3288,2368,2448,1788,3278,2368,2448,1788,3268,2368,2448,1788,3258,2368,2448,1788,3248,2368,2448,1788,3238,2368,2448,1788,3228,2368,2448,1788,3218,2368,2448,1788,3208,2368,2448,1788,3198,2368,2448,1788,3188,2368,2448,1788,3178,2368,2448,1788,3168,2368,2448,1788,3158,2368,2448,1788,3148,2368,2448,1788,3138,2368,2448,1788,3128,2368,2448,1788,3118,2368,2448,1788,3118,2368,2458,1788,3118,2368,2468,1788,3128,2368,2468,1788,3138,2368,2468,1788,3148,2368,2468,1788,3158,2368,2468,1788,3168,2368,2468,1788,3178,2368,2468,1788,3188,2368,2468,1788,3198,2368,2468,1788,3208,2368,2468,1788,3218,2368,2468,1788,3228,2368,2468,1788,3238,2368,2468,1788,3248,2368,2468,1788,3258,2368,2468,1788,3268,2368,2468,1788,3278,2368,2468,1788,3288,2368,2468,1788,3298,2368,2468,1788,3308,2368,2468,1788,3318,2368,2468,1788,3318,2378,2468,1788,3308,2378,2468,1788,3298,2378,2468,1788,3288,2378,2468,1788,3278,2378,2468,1788,3268,2378,2468,1788,3258,2378,2468,1788,3248,2378,2468,1788,3238,2378,2468,1788,3228,2378,2468,1788,3218,2378,2468,1788,3208,2378,2468,1788,3198,2378,2468,1788,3188,2378,2468,1788,3178,2378,2468,1788,3168,2378,2468,1788,3158,2378,2468,1788,3148,2378,2468,1788,3138,2378,2468,1788,3128,2378,2468,1788
2048,2048,2048,2048,512,256,285,238,73,104,-99893,99893,0,106,2048,2048,2038,2048,2048,2048,2028,2048,2048,2048,2018,2048,2048,2048,2008,2048,2048,2048,1998,2048,2048,2048,1988,2048,2048,2048,1978,2048,2048,2048,1968,2048,2048,2048,1958,2048,2048,2048,1948,2048,2048,2048,1938,2048,2048,2048,1928,2048,2048,2048,1918,2048,2048,2048,1908,2048,2048,2048,1898,2048,2048,2048,1888,2048,2048,2048,1878,2048,2048,2048,1868,2048,2048,2048,1858,2048,2048,2048,1848,2048,2048,2048,1838,2048,2048,2048,1828,2048,2048,2048,1818,2048,2048,2048,1808,2048,2048,2048,1798,2048,2048,2048,1788,2048,2048,2048,1778,2048,2048,2048,1768,2048,2048,2048,1758,2048,2048,2048,1748,2048,2048,2048,1738,2048,2048,2048,1728,2048,2048,2048,1718,2048,2048,2048,1708,2048,2048,2048,1698,2048,2048,2048,1688,2048,2048,2048,1678,2048,2048,2048,1668,2048,2048,2048,1658,2048,2048,2048,1648,2048,2048,2048,1638,2048,2048,2048,1628,2048,2048,2048,1618,2048,2048,2048,1608,2048,2048,2048,1598,2048,2048,2048,1588,2048,2048,2048,1578,2048,2038,2048,1578,2048,2028,2048,1578,2048,2018,2048,1578,2048,2008,2048,1578,2048,1998,2048,1578,2048,1988,2048,1578,2048,1978,2048,1578,2048,1968,2048,1578,2048,1958,2048,1578,2048,1948,2048,1578,2048,1938,2048,1578,2048,1928,2048,1578,2048,1918,2048,1578,2048,1908,2048,1578,2048,1898,2048,1578,2048,1888,2048,1578,2048,1878,2048,1578,2048,1868,2048,1578,2048,1858,2048,1578,2048,1848,2048,1578,2048,1838,2048,1578,2048,1828,2048,1578,2048,1818,2048,1578,2048,1808,2048,1578,2048,1798,2048,1578,2048,1788,2048,1578,2048,1778,2048,1578,2048,1768,2048,1578,2048,1758,2048,1578,2048,1748,2048,1578,2048,1738,2048,1578,2048,1728,2048,1578,2048,1718,2048,1578,2048,1708,2048,1578,2048,1698,2048,1578,2048,1688,2048,1578,2048,1678,2048,1578,2048,1668,2048,1578,2048,1658,2048,1578,2048,1648,2048,1578,2048,1638,2048,1578,2048,1628,2048,1578,2048,1618,2048,1578,2048,1608,2048,1578,2048,1598,2048,1578,2048,1588,2048,1578,2048,1578,2048,1578,2048,1568,2048,1578,2048,1558,2048,1578,2048,1548,2048,1578,2048,1538,2048,1578,2048,1528,2048,1578,2048,1518,2048,1578,2048,1508,2048,1578,2048,1498,2048,1578,2048,1488,2048,1578,2048,1478,2048,1578,2048,1488,2048,1578,2048,1478,2048,1578,2048
2048,2048,2048,2048,512,256,-19,177,353,110,13880,4831,1,112,2048,2038,2048,2048,2048,2028,2048,2048,2048,2018,2048,2048,2048,2008,2048,2048,2048,1998,2048,2048,2048,1988,2048,2048,2048,1978,2048,2048,2048,1968,2048,2048,2048,1958,2048,2048,2048,1948,2048,2048,2048,1938,2048,2048,2048,1928,2048,2048,2048,1918,2048,2048,2048,1908,2048,2048,2048,1898,2048,2048,2048,1888,2048,2048,2048,1878,2048,2048,2048,1868,2048,2048,2058,1868,2048,2048,2068,1868,2048,2048,2078,1868,2048,2048,2088,1868,2048,2048,2098,1868,2048,2048,2098,1868,2038,2048,2108,1868,2038,2048,2118,1868,2038,2048,2118,1858,2038,2048,2118,1858,2028,2048,2118,1848,2028,2048,2118,1848,2018,2048,2118,1838,2018,2048,2118,1838,2008,2048,2118,1828,2008,2048,2118,1828,1998,2048,2118,1818,1998,2048,2118,1818,1988,2048,2118,1808,1988,2048,2118,1808,1978,2048,2118,1798,1978,2048,2118,1798,1968,2048,2118,1788,1968,2048,2118,1788,1958,2048,2118,1778,1958,2048,2118,1778,1948,2048,2118,1768,1948,2048,2118,1768,1938,2048,2118,1758,1938,2048,2118,1758,1928,2048,2118,1748,1928,2048,2118,1748,1918,2048,2118,1738,1918,2048,2118,1738,1908,2048,2118,1728,1908,2048,2118,1728,1898,2048,2118,1718,1898,2048,2118,1718,1888,2048,2118,1708,1888,2048,2118,1708,1878,2048,2118,1698,1878,2048,2118,1698,1868,2048,2118,1688,1868,2048,2118,1678,1868,2048,2118,1678,1858,2048,2118,1668,1858,2048,2118,1668,1848,2048,2118,1658,1848,2048,2118,1658,1838,2048,2118,1648,1838,2048,2118,1648,1828,2048,2118,1638,1828,2048,2118,1638,1818,2048,2118,1628,1818,2048,2118,1628,1808,2048,2118,1618,1808,2048,2118,1608,1808,2048,2118,1608,1798,2048,2118,1598,1798,2048,2118,1598,1788,2048,2118,1588,1788,2048,2118,1588,1778,2048,2118,1578,1778,2048,2118,1578,1768,2048,2118,1568,1768,2048,2118,1558,1768,2048,2118,1558,1758,2048,2118,1548,1758,2048,2118,1548,1748,2048,2118,1538,1748,2048,2118,1538,1738,2048,2118,1528,1738,2048,2118,1528,1728,2048,2118,1518,1728,2048,2118,1508,1728,2048,2118,1508,1718,2048,2118,1498,1718,2048,2118,1498,1708,2048,2118,1488,1708,2048,2118,1488,1698,2048,2118,1478,1698,2048,2118,1468,1698,2048,2118,1468,1688,2048,2118,1458,1688,2048,2118,1458,1678,2048,2118,1448,1678,2048,2118,1438,1678,2048,2118,1438,1668,2048,2118,1428,1668,2048,2118,1428,1658,2048,2118,1418,1658,2048,2118,1408,1658,2048,2118,1408,1648,2048,2118,1398,1648,2048
2048,2048,2048,2048,512,256,81,-158,376,158,-145431,145431,0,170,2038,2048,2048,2048,2028,2048,2048,2048,2018,2048,2048,2048,2008,2048,2048,2048,1998,2048,2048,2048,1988,2048,2048,2048,1978,2048,2048,2048,1968,2048,2048,2048,1958,2048,2048,2048,1948,2048,2048,2048,1938,2048,2048,2048,1928,2048,2048,2048,1918,2048,2048,2048,1908,2048,2048,2048,1898,2048,2048,2048,1888,2048,2048,2048,1888,2038,2048,2048,1888,2028,2048,2048,1888,2018,2048,2048,1888,2008,2048,2048,1888,1998,2048,2048,1878,1998,2048,2048,1878,1988,2048,2048,1878,1978,2048,2048,1878,1968,2048,2048,1878,1958,2048,2048,1878,1948,2048,2048,1878,1938,2048,2048,1878,1928,2048,2048,1868,1928,2048,2048,1868,1918,2048,2048,1868,1908,2048,2048,1868,1898,2048,2048,1868,1888,2048,2048,1868,1878,2048,2048,1858,1878,2048,2048,1858,1868,2048,2048,1858,1858,2048,2048,1858,1848,2048,2048,1858,1838,2048,2048,1848,1838,2048,2048,1838,1838,2048,2048,1828,1838,2048,2048,1818,1838,2048,2048,1808,1838,2048,2048,1798,1838,2048,2048,1788,1838,2048,2048,1778,1838,2048,2048,1768,1838,2048,2048,1758,1838,2048,2048,1748,1838,2048,2048,1738,1838,2048,2048,1728,1838,2048,2048,1718,1838,2048,2048,1708,1838,2048,2048,1698,1838,2048,2048,1688,1838,2048,2048,1678,1838,2048,2048,1668,1838,2048,2048,1658,1838,2048,2048,1648,1838,2048,2048,1638,1838,2048,2048,1628,1838,2048,2048,1618,1838,2048,2048,1608,1838,2048,2048,1598,1838,2048,2048,1588,1838,2048,2048,1578,1838,2048,2048,1568,1838,2048,2048,1558,1838,2048,2048,1548,1838,2048,2048,1538,1838,2048,2048,1528,1838,2048,2048,1518,1838,2048,2048,1508,1838,2048,2048,1498,1838,2048,2048,1488,1838,2048,2048,1478,1838,2048,2048,1468,1838,2048,2048,1458,1838,2048,2048,1448,1838,2048,2048,1438,1838,2048,2048,1428,1838,2048,2048,1418,1838,2048,2048,1408,1838,2048,2048,1398,1838,2048,2048,1388,1838,2048,2048,1378,1838,2048,2048,1368,1838,2048,2048,1358,1838,2048,2048,1348,1838,2048,2048,1338,1838,2048,2048,1328,1838,2048,2048,1318,1838,2048,2048,1308,1838,2048,2048,1298,1838,2048,2048,1288,1838,2048,2048,1278,1838,2048,2048,1268,1838,2048,2048,1258,1838,2048,2048,1248,1838,2048,2048,1238,1838,2048,2048,1228,1838,2048,2048,1218,1838,2048,2048,1208,1838,2048,2048,1198,1838,2048,2048,1188,1838,2048,2048,1178,1838,2048,2048,1168,1838,2048,2048,1158,1838,2048,2048,1148,1838,2048,2048,1138,1838,2048,2048,1128,1838,2048,2048,1118,1838,2048,2048,1108,1838,2048,2048,1098,1838,2048,2048,1088,1838,2048,2048,1078,1838,2048,2048,1068,1838,2048,2048,1058,1838,2048,2048,1048,1838,2048,2048,1038,1838,2048,2048,1028,1838,2048,2048,1018,1838,2048,2048,1018,1838,2058,2048,1018,1838,2068,2048,1008,1838,2068,2048,998,1838,2068,2048,988,1838,2068,2048,978,1838,2068,2048,968,1838,2068,2048,958,1838,2068,2048,948,1838,2068,2048,938,1838,2068,2048,928,1838,2068,2048,918,1838,2068,2048,908,1838,2068,2048,898,1838,2068,2048,888,1838,2068,2048,878,1838,2068,2048,868,1838,2068,2048,858,1838,2068,2048,848,1838,2068,2048,838,1838,2068,2048,828,1838,2068,2048,818,1838,2068,2048,808,1838,2068,2048,798,1838,2068,2048,788,1838,2068,2048,778,1838,2068,2048,768,1838,2068,2048,758,1838,2068,2048,748,1838,2068,2048,738,1838,2068,2048,728,1838,2068,2048,718,1838,2068,2048,708,1838,2068,2048,698,1838,2068,2048,688,1838,2068,2048,678,1838,2068,2048,668,1838,2068,2048,658,1838,2068,2048,648,1838,2068,2048,638,1838,2068,2048,628,1838,2068,2048,628,1838,2058,2048,618,1838,2058,2048,608,1838,2058,2048,618,1838,2058,2048,608,1838,2058,2048
2048,2048,2048,2048,512,256,378,37,105,132,-83414,83414,0,137,2048,2048,2038,2048,2048,2048,2028,2048,2048,2048,2018,2048,2048,2048,2008,2048,2048,2048,1998,2048,2048,2048,1988,2048,2048,2048,1978,2048,2048,2048,1968,2048,2048,2048,1958,2048,2048,2048,1948,2048,2048,2048,1938,2048,2048,2048,1928,2048,2048,2048,1918,2048,2048,2048,1908,2048,2048,2048,1898,2048,2048,2048,1888,2048,2048,2048,1878,2048,2048,2048,1868,2048,2048,2048,1858,2048,2048,2048,1848,2048,2048,2048,1838,2048,2048,2048,1828,2048,2048,2048,1818,2048,2048,2048,1808,2048,2048,2048,1798,2048,2048,2048,1788,2048,2048,2048,1778,2048,2048,2048,1768,2048,2048,2048,1758,2048,2048,2048,1748,2048,2048,2048,1738,2048,2048,2048,1728,2048,2048,2048,1718,2048,2048,2048,1708,2048,2048,2048,1698,2048,2048,2048,1688,2048,2048,2048,1678,2048,2048,2048,1668,2048,2038,2048,1668,2048,2028,2048,1668,2048,2018,2048,1668,2048,2008,2048,1668,2048,1998,2048,1668,2048,1988,2048,1668,2048,1978,2048,1668,2048,1968,2048,1668,2048,1958,2048,1668,2048,1948,2048,1668,2048,1938,2048,1668,2048,1928,2048,1668,2048,1918,2048,1668,2048,1908,2048,1668,2048,1898,2048,1668,2048,1888,2048,1668,2048,1878,2048,1668,2048,1868,2048,1668,2048,1858,2048,1668,2048,1848,2048,1668,2048,1838,2048,1668,2048,1828,2048,1668,2048,1818,2048,1668,2048,1808,2048,1668,2048,1798,2048,1668,2048,1788,2048,1668,2048,1778,2048,1668,2048,1768,2048,1668,2048,1758,2048,1668,2048,1748,2048,1668,2048,1738,2048,1668,2048,1728,2048,1668,2048,1718,2048,1668,2048,1708,2048,1668,2048,1698,2048,1668,2048,1688,2048,1668,2048,1678,2048,1668,2048,1668,2048,1668,2048,1658,2048,1668,2048,1648,2048,1668,2048,1638,2048,1668,2048,1628,2048,1668,2048,1618,2048,1668,2048,1608,2048,1668,2048,1598,2048,1668,2048,1588,2048,1668,2048,1578,2048,1668,2048,1568,2048,1668,2048,1558,2048,1668,2048,1548,2048,1668,2048,1538,2048,1668,2048,1528,2048,1668,2048,1518,2048,1668,2048,1508,2048,1668,2048,1498,2048,1668,2048,1488,2048,1668,2048,1478,2048,1668,2048,1468,2048,1668,2048,1458,2048,1668,2048,1448,2048,1668,2048,1438,2048,1668,2048,1428,2048,1668,2048,1418,2048,1668,2048,1408,2048,1668,2048,1398,2048,1668,2048,1388,2048,1668,2048,1378,2048,1668,2048,1368,2048,1668,2048,1358,2048,1668,2048,1348,2048,1668,2048,1338,2048,1668,2048,1328,2048,1668,2048,1318,2048,1668,2048,1308,2048,1668,2048,1298,2048,1668,2048,1288,2048,1668,2048,1278,2048,1668,2048,1268,2048,1668,2048,1258,2048,1668,2048,1248,2048,1668,2048,1238,2048,1668,2048,1228,2048,1668,2048,1218,2048,1668,2048,1208,2048,1668,2048,1198,2048,1668,2048,1188,2048,1668,2048,1178,2048,1668,2048,1168,2048,1668,2048,1158,2048,1668,2048,1148,2048,1668,2048,1138,2048,1668,2048,1128,2048,1668,2048,1118,2048,1668,2048,1108,2048,1668,2048,1098,2048,1668,2048,1088,2048,1668,2048,1078,2048,1668,2048,1088,2048,1668,2048,1078,2048,1668,2048
2048,2048,2048,2048,512,256,392,126,76,119,-137120,137120,0,130,2048,2048,2038,2048,2048,2048,2028,2048,2048,2048,2018,2048,2048,2048,2008,2048,2048,2048,1998,2048,2048,2048,1988,2048,2048,2048,1978,2048,2048,2048,1968,2048,2048,2048,1958,2048,2048,2048,1948,2048,2048,2048,1938,2048,2048,2048,1928,2048,2048,2048,1918,2048,2048,2048,1908,2048,2048,2048,1898,2048,2048,2048,1888,2048,2048,2048,1878,2048,2048,2048,1868,2048,2048,2048,1858,2048,2048,2048,1848,2048,2048,2048,1838,2048,2048,2048,1828,2048,2048,2048,1818,2048,2048,2048,1808,2048,2048,2048,1798,2048,2048,2048,1788,2048,2048,2048,1778,2048,2048,2048,1768,2048,2048,2048,1758,2048,2048,2048,1748,2048,2048,2048,1738,2048,2048,2048,1728,2048,2048,2048,1718,2048,2048,2048,1708,2048,2048,2048,1698,2048,2048,2048,1688,2048,2048,2048,1678,2048,2048,2048,1668,2048,2048,2048,1658,2048,2048,2048,1648,2048,2048,2048,1638,2048,2048,2048,1628,2048,2048,2048,1618,2048,2048,2048,1608,2048,2048,2048,1598,2048,2048,2048,1588,2048,2038,2048,1588,2048,2028,2048,1588,2048,2018,2048,1588,2048,2008,2048,1588,2048,1998,2048,1588,2048,1988,2048,1588,2048,1978,2048,1588,2048,1968,2048,1588,2048,1958,2048,1588,2048,1948,2048,1588,2048,1938,2048,1588,2048,1928,2048,1588,2048,1918,2048,1588,2048,1908,2048,1588,2048,1898,2048,1588,2048,1888,2048,1588,2048,1878,2048,1588,2048,1868,2048,1588,2048,1858,2048,1588,2048,1848,2048,1588,2048,1838,2048,1588,2048,1828,2048,1588,2048,1818,2048,1588,2048,1808,2048,1588,2048,1798,2048,1588,2048,1788,2048,1588,2048,1778,2048,1588,2048,1768,2048,1588,2048,1758,2048,1588,2048,1748,2048,1588,2048,1738,2048,1588,2048,1728,2048,1588,2048,1718,2048,1588,2048,1708,2048,1588,2048,1698,2048,1588,2048,1688,2048,1588,2048,1678,2048,1588,2048,1668,2048,1588,2048,1658,2048,1588,2048,1648,2048,1588,2048,1638,2048,1588,2048,1628,2048,1588,2048,1618,2048,1588,2048,1608,2048,1588,2048,1598,2048,1588,2048,1588,2048,1588,2048,1578,2048,1588,2048,1568,2048,1588,2048,1558,2048,1588,2048,1548,2048,1588,2048,1538,2048,1588,2048,1528,2048,1588,2048,1518,2048,1588,2048,1508,2048,1588,2048,1498,2048,1588,2048,1488,2048,1588,2048,1478,2048,1588,2048,1468,2048,1588,2048,1458,2048,1588,2048,1448,2048,1588,2048,1438,2048,1588,2048,1428,2048,1588,2048,1418,2048,1588,2048,1408,2048,1588,2048,1398,2048,1588,2048,1388,2048,1588,2048,1378,2048,1588,2048,1368,2048,1588,2048,1358,2048,1588,2048,1348,2048,1588,2048,1338,2048,1588,2048,1328,2048,1588,2048,1318,2048,1588,2048,1308,2048,1588,2048,1298,2048,1588,2048,1288,2048,1588,2048,1278,2048,1588,2048,1268,2048,1588,2048,1258,2048,1588,2048,1248,2048,1588,2048,1238,2048,1588,2048,1228,2048,1588,2048,1238,2048,1588,2048,1228,2048,1588,2048
2048,2048,2048,2048,512,256,296,-139,41,143,-148231,148231,0,162,2048,2048,2038,2048,2048,2048,2028,2048,2048,2048,2018,2048,2048,2048,2008,2048,2048,2048,1998,2048,2048,2048,1988,2048,2048,2048,1978,2048,2048,2048,1968,2048,2048,2048,1958,2048,2048,2048,1948,2048,2048,2048,1938,2048,2048,2048,1928,2048,2048,2048,1918,2048,2048,2048,1908,2048,2048,2048,1898,2048,2048,2048,1888,2048,2048,2048,1878,2048,2048,2048,1868,2048,2048,2048,1858,2048,2048,2048,1848,2048,2048,2048,1838,2048,2048,2048,1828,2048,2048,2048,1818,2048,2048,2048,1808,2048,2048,2048,1798,2048,2048,2048,1788,2048,2048,2048,1778,2048,2048,2048,1768,2048,2048,2048,1758,2048,2048,2048,1748,2048,2048,2048,1738,2048,2048,2048,1728,2048,2048,2048,1718,2048,2048,2048,1708,2048,2048,2048,1698,2048,2048,2048,1688,2048,2048,2048,1678,2048,2048,2048,1668,2048,2048,2048,1658,2048,2048,2048,1648,2048,2048,2048,1638,2048,2048,2048,1628,2048,2048,2048,1618,2048,2048,2048,1608,2048,2048,2048,1598,2048,2048,2048,1588,2048,2048,2048,1578,2048,2048,2048,1568,2048,2048,2048,1558,2048,2048,2048,1548,2048,2048,2048,1538,2048,2048,2048,1528,2048,2048,2048,1518,2048,2048,2048,1508,2048,2048,2048,1498,2048,2048,2048,1488,2048,2048,2048,1478,2048,2038,2048,1478,2048,2028,2048,1478,2048,2018,2048,1478,2048,2008,2048,1478,2048,1998,2048,1478,2048,1988,2048,1478,2048,1978,2048,1478,2048,1968,2048,1478,2048,1958,2048,1478,2048,1948,2048,1478,2048,1938,2048,1478,2048,1928,2048,1478,2048,1918,2048,1478,2048,1908,2048,1478,2048,1898,2048,1478,2048,1888,2048,1478,2048,1878,2048,1478,2048,1868,2048,1478,2048,1858,2048,1478,2048,1848,2048,1478,2048,1838,2048,1478,2048,1828,2048,1478,2048,1818,2048,1478,2048,1808,2048,1478,2048,1798,2048,1478,2048,1788,2048,1478,2048,1778,2048,1478,2048,1768,2048,1478,2048,1758,2048,1478,2048,1748,2048,1478,2048,1738,2048,1478,2048,1728,2048,1478,2048,1718,2048,1478,2048,1708,2048,1478,2048,1698,2048,1478,2048,1688,2048,1478,2048,1678,2048,1478,2048,1668,2048,1478,2048,1658,2048,1478,2048,1648,2048,1478,2048,1638,2048,1478,2048,1628,2048,1478,2048,1618,2048,1478,2048,1608,2048,1478,2048,1598,2048,1478,2048,1588,2048,1478,2048,1578,2048,1478,2048,1568,2048,1478,2048,1558,2048,1478,2048,1548,2048,1478,2048,1538,2048,1478,2048,1528,2048,1478,2048,1518,2048,1478,2048,1508,2048,1478,2048,1498,2048,1478,2048,1488,2048,1478,2048,1478,2048,1478,2048,1468,2048,1478,2048,1458,2048,1478,2048,1448,2048,1478,2048,1438,2048,1478,2048,1428,2048,1478,2048,1418,2048,1478,2048,1408,2048,1478,2048,1398,2048,1478,2048,1388,2048,1478,2048,1378,2048,1478,2048,1368,2048,1478,2048,1358,2048,1478,2048,1348,2048,1478,2048,1338,2048,1478,2048,1328,2048,1478,2048,1318,2048,1478,2048,1308,2048,1478,2048,1298,2048,1478,2048,1288,2048,1478,2048,1278,2048,1478,2048,1268,2048,1478,2048,1258,2048,1478,2048,1248,2048,1478,2048,1238,2048,1478,2048,1228,2048,1478,2048,1218,2048,1478,2048,1208,2048,1478,2048,1198,2048,1478,2048,1188,2048,1478,2048,1178,2048,1478,2048,1168,2048,1478,2048,1158,2048,1478,2048,1148,2048,1478,2048,1138,2048,1478,2048,1128,2048,1478,2048,1118,2048,1478,2048,1108,2048,1478,2048,1098,2048,1478,2048,1088,2048,1478,2048,1078,2048,1478,2048,1068,2048,1478,2048,1058,2048,1478,2048,1048,2048,1478,2048,1038,2048,1478,2048,1028,2048,1478,2048,1018,2048,1478,2048,1028,2048,1478,2048,1018,2048,1478,2048
2048,2048,2048,2048,512,256,74,-213,376,174,-95274,95274,0,189,2038,2048,2048,2048,2028,2048,2048,2048,2018,2048,2048,2048,2008,2048,2048,2048,1998,2048,2048,2048,1988,2048,2048,2048,1978,2048,2048,2048,1968,2048,2048,2048,1958,2048,2048,2048,1948,2048,2048,2048,1938,2048,2048,2048,1928,2048,2048,2048,1918,2048,2048,2048,1908,2048,2048,2048,1898,2048,2048,2048,1898,2038,2048,2048,1898,2028,2048,2048,1898,2018,2048,2048,1898,2008,2048,2048,1898,1998,2048,2048,1898,1988,2048,2048,1898,1978,2048,2048,1898,1968,2048,2048,1898,1958,2048,2048,1888,1958,2048,2048,1888,1948,2048,2048,1888,1938,2048,2048,1888,1928,2048,2048,1888,1918,2048,2048,1888,1908,2048,2048,1888,1898,2048,2048,1878,1898,2048,2048,1878,1888,2048,2048,1878,1878,2048,2048,1878,1868,2048,2048,1878,1858,2048,2048,1878,1848,2048,2048,1868,1848,2048,2048,1868,1838,2048,2048,1858,1838,2048,2048,1848,1838,2048,2048,1838,1838,2048,2048,1828,1838,2048,2048,1818,1838,2048,2048,1808,1838,2048,2048,1798,1838,2048,2048,1788,1838,2048,2048,1778,1838,2048,2048,1768,1838,2048,2048,1758,1838,2048,2048,1748,1838,2048,2048,1738,1838,2048,2048,1728,1838,2048,2048,1718,1838,2048,2048,1708,1838,2048,2048,1698,1838,2048,2048,1688,1838,2048,2048,1678,1838,2048,2048,1668,1838,2048,2048,1658,1838,2048,2048,1648,1838,2048,2048,1638,1838,2048,2048,1628,1838,2048,2048,1618,1838,2048,2048,1608,1838,2048,2048,1598,1838,2048,2048,1588,1838,2048,2048,1578,1838,2048,2048,1568,1838,2048,2048,1558,1838,2048,2048,1548,1838,2048,2048,1538,1838,2048,2048,1528,1838,2048,2048,1518,1838,2048,2048,1508,1838,2048,2048,1498,1838,2048,2048,1488,1838,2048,2048,1478,1838,2048,2048,1468,1838,2048,2048,1458,1838,2048,2048,1448,1838,2048,2048,1438,1838,2048,2048,1428,1838,2048,2048,1418,1838,2048,2048,1408,1838,2048,2048,1398,1838,2048,2048,1388,1838,2048,2048,1378,1838,2048,2048,1368,1838,2048,2048,1358,1838,2048,2048,1348,1838,2048,2048,1338,1838,2048,2048,1328,1838,2048,2048,1318,1838,2048,2048,1308,1838,2048,2048,1298,1838,2048,2048,1288,1838,2048,2048,1278,1838,2048,2048,1268,1838,2048,2048,1258,1838,2048,2048,1248,1838,2048,2048,1238,1838,2048,2048,1228,1838,2048,2048,1218,1838,2048,2048,1208,1838,2048,2048,1198,1838,2048,2048,1188,1838,2048,2048,1178,1838,2048,2048,1168,1838,2048,2048,1158,1838,2048,2048,1148,1838,2048,2048,1138,1838,2048,2048,1128,1838,2048,2048,1118,1838,2048,2048,1108,1838,2048,2048,1098,1838,2048,2048,1088,1838,2048,2048,1078,1838,2048,2048,1068,1838,2048,2048,1058,1838,2048,2048,1048,1838,2048,2048,1038,1838,2048,2048,1028,1838,2048,2048,1018,1838,2048,2048,1018,1838,2058,2048,1018,1838,2068,2048,1008,1838,2068,2048,998,1838,2068,2048,988,1838,2068,2048,978,1838,2068,2048,968,1838,2068,2048,958,1838,2068,2048,948,1838,2068,2048,938,1838,2068,2048,928,1838,2068,2048,918,1838,2068,2048,908,1838,2068,2048,898,1838,2068,2048,888,1838,2068,2048,878,1838,2068,2048,868,1838,2068,2048,858,1838,2068,2048,848,1838,2068,2048,838,1838,2068,2048,828,1838,2068,2048,818,1838,2068,2048,808,1838,2068,2048,798,1838,2068,2048,788,1838,2068,2048,778,1838,2068,2048,768,1838,2068,2048,758,1838,2068,2048,748,1838,2068,2048,738,1838,2068,2048,728,1838,2068,2048,718,1838,2068,2048,708,1838,2068,2048,698,1838,2068,2048,688,1838,2068,2048,678,1838,2068,2048,668,1838,2068,2048,658,1838,2068,2048,648,1838,2068,2048,638,1838,2068,2048,628,1838,2068,2048,618,1838,2068,2048,608,1838,2068,2048,598,1838,2068,2048,588,1838,2068,2048,578,1838,2068,2048,568,1838,2068,2048,558,1838,2068,2048,548,1838,2068,2048,538,1838,2068,2048,528,1838,2068,2048,518,1838,2068,2048,508,1838,2068,2048,498,1838,2068,2048,488,1838,2068,2048,478,1838,2068,2048,468,1838,2068,2048,458,1838,2068,2048,458,1838,2058,2048,448,1838,2058,2048,438,1838,2058,2048,428,1838,2058,2048,418,1838,2058,2048,428,1838,2058,2048,418,1838,2058,2048
2048,2048,2048,2048,512,256,242,-59,411,144,13440,3576,1,156,2038,2048,2048,2048,2028,2048,2048,2048,2018,2048,2048,2048,2008,2048,2048,2048,1998,2048,2048,2048,1988,2048,2048,2048,1978,2048,2048,2048,1968,2048,2048,2048,1958,2048,2048,2048,1948,2048,2048,2048,1938,2048,2048,2048,1928,2048,2048,2048,1918,2048,2048,2048,1908,2048,2048,2048,1898,2048,2048,2048,1888,2048,2048,2048,1878,2048,2048,2048,1868,2048,2048,2048,1858,2048,2048,2048,1848,2048,2048,2048,1838,2048,2048,2048,1828,2048,2048,2048,1818,2048,2048,2048,1808,2048,2048,2048,1798,2048,2048,2048,1788,2048,2048,2048,1778,2048,2048,2048,1768,2048,2048,2048,1758,2048,2048,2048,1748,2048,2048,2048,1738,2048,2048,2048,1728,2048,2048,2048,1718,2048,2048,2048,1708,2048,2048,2048,1698,2048,2048,2048,1688,2048,2048,2048,1678,2048,2048,2048,1668,2048,2048,2048,1658,2048,2048,2048,1648,2048,2048,2048,1638,2048,2048,2048,1628,2048,2048,2048,1618,2048,2048,2048,1608,2048,2048,2048,1598,2048,2048,2048,1588,2048,2048,2048,1578,2048,2048,2048,1568,2048,2048,2048,1558,2048,2048,2048,1548,2048,2048,2048,1538,2048,2048,2048,1538,2038,2048,2048,1528,2038,2048,2048,1528,2028,2048,2048,1528,2018,2048,2048,1518,2018,2048,2048,1518,2008,2048,2048,1518,1998,2048,2048,1508,1998,2048,2048,1508,1988,2048,2048,1508,1978,2048,2048,1498,1978,2048,2048,1498,1968,2048,2048,1498,1958,2048,2048,1488,1958,2048,2048,1488,1948,2048,2048,1478,1948,2048,2048,1478,1938,2048,2048,1478,1928,2048,2048,1468,1928,2048,2048,1468,1918,2048,2048,1458,1918,2048,2048,1458,1908,2048,2048,1448,1908,2048,2048,1448,1898,2048,2048,1438,1898,2048,2048,1438,1888,2048,2048,1428,1888,2048,2048,1428,1878,2048,2048,1418,1878,2048,2048,1418,1868,2048,2048,1408,1868,2048,2048,1408,1858,2048,2048,1398,1858,2048,2048,1398,1848,2048,2048,1388,1848,2048,2048,1388,1838,2048,2048,1378,1838,2048,2048,1368,1838,2048,2048,1368,1828,2048,2048,1358,1828,2048,2048,1358,1818,2048,2048,1348,1818,2048,2048,1338,1818,2048,2048,1338,1808,2048,2048,1328,1808,2048,2048,1318,1808,2048,2048,1318,1798,2048,2048,1308,1798,2048,2048,1298,1798,2048,2048,1298,1788,2048,2048,1288,1788,2048,2048,1278,1788,2048,2048,1278,1778,2048,2048,1268,1778,2048,2048,1258,1778,2048,2048,1258,1768,2048,2048,1248,1768,2048,2048,1238,1768,2048,2048,1228,1768,2048,2048,1228,1758,2048,2048,1218,1758,2048,2048,1208,1758,2048,2048,1198,1758,2048,2048,1188,1758,2048,2048,1178,1758,2048,2048,1168,1758,2048,2048,1158,1758,2048,2048,1148,1758,2048,2048,1138,1758,2048,2048,1128,1758,2048,2048,1118,1758,2048,2048,1118,1748,2048,2048,1108,1748,2048,2048,1098,1748,2048,2048,1088,1748,2048,2048,1078,1748,2048,2048,1068,1748,2048,2048,1058,1748,2048,2048,1048,1748,2048,2048,1038,1748,2048,2048,1028,1748,2048,2048,1018,1748,2048,2048,1018,1748,2058,2048,1018,1748,2068,2048,1018,1758,2068,2048,1018,1758,2078,2048,1008,1758,2078,2048,998,1758,2078,2048,988,1758,2078,2048,978,1758,2078,2048,968,1758,2078,2048,958,1758,2078,2048,948,1758,2078,2048,938,1758,2078,2048,938,1768,2078,2048,938,1768,2088,2048,928,1768,2088,2048,918,1768,2088,2048,908,1768,2088,2048,898,1768,2088,2048,898,1778,2088,2048,898,1778,2098,2048,888,1778,2098,2048,878,1778,2098,2048,868,1778,2098,2048
2048,2048,2048,2048,512,256,97,121,482,103,-14660,14660,0,97,2038,2048,2048,2048,2028,2048,2048,2048,2018,2048,2048,2048,2008,2048,2048,2048,1998,2048,2048,2048,1988,2048,2048,2048,1978,2048,2048,2048,1968,2048,2048,2048,1958,2048,2048,2048,1948,2048,2048,2048,1938,2048,2048,2048,1928,2048,2048,2048,1918,2048,2048,2048,1908,2048,2048,2048,1898,2048,2048,2048,1888,2048,2048,2048,1878,2048,2048,2048,1868,2048,2048,2048,1858,2048,2048,2048,1858,2038,2048,2048,1858,2028,2048,2048,1858,2018,2048,2048,1858,2008,2048,2048,1848,2008,2048,2048,1848,1998,2048,2048,1848,1988,2048,2048,1848,1978,2048,2048,1848,1968,2048,2048,1848,1958,2048,2048,1848,1948,2048,2048,1838,1948,2048,2048,1838,1938,2048,2048,1838,1928,2048,2048,1838,1918,2048,2048,1838,1908,2048,2048,1838,1898,2048,2048,1828,1898,2048,2048,1828,1888,2048,2048,1828,1878,2048,2048,1828,1868,2048,2048,1828,1858,2048,2048,1818,1858,2048,2048,1818,1848,2048,2048,1818,1838,2048,2048,1818,1828,2048,2048,1808,1828,2048,2048,1808,1818,2048,2048,1808,1808,2048,2048,1808,1798,2048,2048,1798,1798,2048,2048,1798,1788,2048,2048,1798,1778,2048,2048,1798,1768,2048,2048,1788,1768,2048,2048,1788,1758,2048,2048,1788,1748,2048,2048,1778,1748,2048,2048,1778,1738,2048,2048,1778,1728,2048,2048,1768,1728,2048,2048,1768,1718,2048,2048,1768,1708,2048,2048,1758,1708,2048,2048,1758,1698,2048,2048,1748,1698,2048,2048,1748,1688,2048,2048,1748,1678,2048,2048,1738,1678,2048,2048,1738,1668,2048,2048,1728,1668,2048,2048,1728,1658,2048,2048,1728,1648,2048,2048,1718,1648,2048,2048,1718,1638,2048,2048,1708,1638,2048,2048,1708,1628,2048,2048,1698,1628,2048,2048,1698,1618,2048,2048,1688,1618,2048,2048,1688,1608,2048,2048,1678,1608,2048,2048,1678,1598,2048,2048,1668,1598,2048,2048,1668,1588,2048,2048,1658,1588,2048,2048,1648,1588,2048,2048,1648,1578,2048,2048,1638,1578,2048,2048,1638,1568,2048,2048,1628,1568,2048,2048,1618,1568,2048,2048,1618,1558,2048,2048,1608,1558,2048,2048,1608,1558,2058,2048,1618,1558,2058,2048,1608,1558,2058,2048,1618,1558,2058,2048
2048,2048,2048,2048,512,256,228,-30,107,139,-69702,69702,0,150,2048,2048,2038,2048,2048,2048,2028,2048,2048,2048,2018,2048,2048,2048,2008,2048,2048,2048,1998,2048,2048,2048,1988,2048,2048,2048,1978,2048,2048,2048,1968,2048,2048,2048,1958,2048,2048,2048,1948,2048,2048,2048,1938,2048,2048,2048,1928,2048,2048,2048,1918,2048,2048,2048,1908,2048,2048,2048,1898,2048,2048,2048,1888,2048,2048,2048,1878,2048,2048,2048,1868,2048,2048,2048,1858,2048,2048,2048,1848,2048,2048,2048,1838,2048,2048,2048,1828,2048,2048,2048,1818,2048,2048,2048,1808,2048,2048,2048,1798,2048,2048,2048,1788,2048,2048,2048,1778,2048,2048,2048,1768,2048,2048,2048,1758,2048,2048,2048,1748,2048,2048,2048,1738,2048,2048,2048,1728,2048,2048,2048,1718,2048,2048,2048,1708,2048,2048,2048,1698,2048,2048,2048,1688,2048,2048,2048,1678,2048,2038,2048,1678,2048,2028,2048,1678,2048,2018,2048,1678,2048,2008,2048,1678,2048,1998,2048,1678,2048,1988,2048,1678,2048,1978,2048,1678,2048,1968,2048,1678,2048,1958,2048,1678,2048,1948,2048,1678,2048,1938,2048,1678,2048,1928,2048,1678,2048,1918,2048,1678,2048,1908,2048,1678,2048,1898,2048,1678,2048,1888,2048,1678,2048,1878,2048,1678,2048,1868,2048,1678,2048,1858,2048,1678,2048,1848,2048,1678,2048,1838,2048,1678,2048,1828,2048,1678,2048,1818,2048,1678,2048,1808,2048,1678,2048,1798,2048,1678,2048,1788,2048,1678,2048,1778,2048,1678,2048,1768,2048,1678,2048,1758,2048,1678,2048,1748,2048,1678,2048,1738,2048,1678,2048,1728,2048,1678,2048,1718,2048,1678,2048,1708,2048,1678,2048,1698,2048,1678,2048,1688,2048,1678,2048,1678,2048,1678,2048,1668,2048,1678,2048,1658,2048,1678,2048,1648,2048,1678,2048,1638,2048,1678,2048,1628,2048,1678,2048,1618,2048,1678,2048,1608,2048,1678,2048,1598,2048,1678,2048,1588,2048,1678,2048,1578,2048,1678,2048,1568,2048,1678,2048,1558,2048,1678,2048,1548,2048,1678,2048,1538,2048,1678,2048,1528,2048,1678,2048,1518,2048,1678,2048,1508,2048,1678,2048,1498,2048,1678,2048,1488,2048,1678,2048,1478,2048,1678,2048,1468,2048,1678,2048,1458,2048,1678,2048,1448,2048,1678,2048,1438,2048,1678,2048,1428,2048,1678,2048,1418,2048,1678,2048,1408,2048,1678,2048,1398,2048,1678,2048,1388,2048,1678,2048,1378,2048,1678,2048,1368,2048,1678,2048,1358,2048,1678,2048,1348,2048,1678,2048,1338,2048,1678,2048,1328,2048,1678,2048,1318,2048,1678,2048,1308,2048,1678,2048,1298,2048,1678,2048,1288,2048,1678,2048,1278,2048,1678,2048,1268,2048,1678,2048,1258,2048,1678,2048,1248,2048,1678,2048,1238,2048,1678,2048,1228,2048,1678,2048,1218,2048,1678,2048,1208,2048,1678,2048,1198,2048,1678,2048,1188,2048,1678,2048,1178,2048,1678,2048,1168,2048,1678,2048,1158,2048,1678,2048,1148,2048,1678,2048,1138,2048,1678,2048,1128,2048,1678,2048,1118,2048,1678,2048,1108,2048,1678,2048,1098,2048,1678,2048,1088,2048,1678,2048,1078,2048,1678,2048,1068,2048,1678,2048,1058,2048,1678,2048,1048,2048,1678,2048,1038,2048,1678,2048,1028,2048,1678,2048,1018,2048,1678,2048,1018,2048,1688,2048,1008,2048,1688,2048,998,2048,1688,2048,988,2048,1688,2048,978,2048,1688,2048,968,2048,1688,2048,958,2048,1688,2048,958,2048,1678,2048,958,2048,1688,2048,958,2048,1678,2048
2048,2048,2048,2048,512,256,-102,192,340,115,13830,4123,1,117,2048,2038,2048,2048,2048,2028,2048,2048,2048,2018,2048,2048,2048,2008,2048,2048,2048,1998,2048,2048,2048,1988,2048,2048,2048,1978,2048,2048,2048,1968,2048,2048,2048,1958,2048,2048,2048,1948,2048,2048,2048,1938,2048,2048,2048,1928,2048,2048,2048,1918,2048,2048,2048,1908,2048,2048,2048,1898,2048,2048,2058,1898,2048,2048,2068,1898,2048,2048,2078,1898,2048,2048,2088,1898,2048,2048,2098,1898,2048,2048,2108,1898,2048,2048,2118,1898,2048,2048,2128,1898,2048,2048,2138,1898,2048,2048,2148,1898,2048,2048,2158,1898,2048,2048,2168,1898,2048,2048,2178,1898,2048,2048,2188,1898,2048,2048,2198,1898,2048,2048,2208,1898,2048,2048,2218,1898,2048,2048,2228,1898,2048,2048,2238,1898,2048,2048,2248,1898,2048,2048,2258,1898,2048,2048,2268,1898,2048,2048,2278,1898,2048,2048,2278,1898,2038,2048,2288,1898,2038,2048,2298,1898,2038,2048,2308,1898,2038,2048,2318,1898,2038,2048,2328,1898,2038,2048,2338,1898,2038,2048,2348,1898,2038,2048,2358,1898,2038,2048,2368,1898,2038,2048,2378,1898,2038,2048,2378,1888,2038,2048,2378,1888,2028,2048,2378,1878,2028,2048,2378,1878,2018,2048,2378,1868,2018,2048,2378,1868,2008,2048,2378,1858,2008,2048,2378,1858,1998,2048,2378,1848,1998,2048,2378,1848,1988,2048,2378,1838,1988,2048,2378,1838,1978,2048,2378,1828,1978,2048,2378,1828,1968,2048,2378,1818,1968,2048,2378,1818,1958,2048,2378,1808,1958,2048,2378,1808,1948,2048,2378,1798,1948,2048,2378,1798,1938,2048,2378,1788,1938,2048,2378,1788,1928,2048,2378,1778,1928,2048,2378,1778,1918,2048,2378,1768,1918,2048,2378,1768,1908,2048,2378,1758,1908,2048,2378,1758,1898,2048,2378,1748,1898,2048,2378,1748,1888,2048,2378,1738,1888,2048,2378,1738,1878,2048,2378,1728,1878,2048,2378,1728,1868,2048,2378,1718,1868,2048,2378,1718,1858,2048,2378,1708,1858,2048,2378,1708,1848,2048,2378,1698,1848,2048,2378,1688,1848,2048,2378,1688,1838,2048,2378,1678,1838,2048,2378,1678,1828,2048,2378,1668,1828,2048,2378,1668,1818,2048,2378,1658,1818,2048,2378,1658,1808,2048,2378,1648,1808,2048,2378,1648,1798,2048,2378,1638,1798,2048,2378,1638,1788,2048,2378,1628,1788,2048,2378,1628,1778,2048,2378,1618,1778,2048,2378,1608,1778,2048,2378,1608,1768,2048,2378,1598,1768,2048,2378,1598,1758,2048,2378,1588,1758,2048,2378,1588,1748,2048,2378,1578,1748,2048,2378,1578,1738,2048,2378,1568,1738,2048,2378,1558,1738,2048,2378,1558,1728,2048,2378,1548,1728,2048,2378,1548,1718,2048,2378,1538,1718,2048
2048,2048,2048,2048,512,256,-63,-173,170,175,-144673,144673,0,206,2058,2048,2048,2048,2068,2048,2048,2048,2078,2048,2048,2048,2088,2048,2048,2048,2098,2048,2048,2048,2108,2048,2048,2048,2118,2048,2048,2048,2128,2048,2048,2048,2138,2048,2048,2048,2148,2048,2048,2048,2158,2048,2048,2048,2168,2048,2048,2048,2168,2048,2038,2048,2168,2048,2028,2048,2168,2048,2018,2048,2168,2048,2008,2048,2178,2048,2008,2048,2178,2048,1998,2048,2178,2048,1988,2048,2178,2048,1978,2048,2178,2048,1968,2048,2178,2048,1958,2048,2178,2048,1948,2048,2178,2048,1938,2048,2178,2048,1928,2048,2178,2048,1918,2048,2178,2048,1908,2048,2178,2048,1898,2048,2178,2048,1888,2048,2178,2048,1878,2048,2178,2048,1868,2048,2178,2048,1858,2048,2178,2048,1848,2048,2178,2048,1838,2048,2178,2048,1828,2048,2188,2048,1828,2048,2198,2048,1828,2048,2208,2048,1828,2048,2218,2048,1828,2048,2228,2048,1828,2048,2238,2048,1828,2048,2248,2048,1828,2048,2258,2048,1828,2048,2268,2048,1828,2048,2278,2048,1828,2048,2288,2048,1828,2048,2298,2048,1828,2048,2308,2048,1828,2048,2318,2048,1828,2048,2328,2048,1828,2048,2338,2048,1828,2048,2348,2048,1828,2048,2358,2048,1828,2048,2368,2048,1828,2048,2378,2048,1828,2048,2388,2048,1828,2048,2398,2048,1828,2048,2408,2048,1828,2048,2418,2048,1828,2048,2428,2048,1828,2048,2438,2048,1828,2048,2448,2048,1828,2048,2458,2048,1828,2048,2468,2048,1828,2048,2478,2048,1828,2048,2488,2048,1828,2048,2498,2048,1828,2048,2508,2048,1828,2048,2518,2048,1828,2048,2528,2048,1828,2048,2538,2048,1828,2048,2548,2048,1828,2048,2558,2048,1828,2048,2568,2048,1828,2048,2578,2048,1828,2048,2588,2048,1828,2048,2598,2048,1828,2048,2608,2048,1828,2048,2618,2048,1828,2048,2628,2048,1828,2048,2638,2048,1828,2048,2648,2048,1828,2048,2658,2048,1828,2048,2668,2048,1828,2048,2678,2048,1828,2048,2688,2048,1828,2048,2698,2048,1828,2048,2708,2048,1828,2048,2718,2048,1828,2048,2728,2048,1828,2048,2738,2048,1828,2048,2748,2048,1828,2048,2758,2048,1828,2048,2768,2048,1828,2048,2778,2048,1828,2048,2788,2048,1828,2048,2798,2048,1828,2048,2808,2048,1828,2048,2818,2048,1828,2048,2828,2048,1828,2048,2838,2048,1828,2048,2848,2048,1828,2048,2858,2048,1828,2048,2868,2048,1828,2048,2878,2048,1828,2048,2888,2048,1828,2048,2898,2048,1828,2048,2908,2048,1828,2048,2918,2048,1828,2048,2928,2048,1828,2048,2938,2048,1828,2048,2948,2048,1828,2048,2958,2048,1828,2048,2968,2048,1828,2048,2978,2048,1828,2048,2988,2048,1828,2048,2998,2048,1828,2048,3008,2048,1828,2048,3018,2048,1828,2048,3028,2048,1828,2048,3038,2048,1828,2048,3048,2048,1828,2048,3058,2048,1828,2048,3068,2048,1828,2048,3078,2048,1828,2048,3088,2048,1828,2048,3098,2048,1828,2048,3108,2048,1828,2048,3118,2048,1828,2048,3128,2048,1828,2048,3138,2048,1828,2048,3148,2048,1828,2048,3158,2048,1828,2048,3168,2048,1828,2048,3178,2048,1828,2048,3188,2048,1828,2048,3198,2048,1828,2048,3208,2048,1828,2048,3218,2048,1828,2048,3228,2048,1828,2048,3238,2048,1828,2048,3248,2048,1828,2048,3258,2048,1828,2048,3268,2048,1828,2048,3278,2048,1828,2048,3288,2048,1828,2048,3298,2048,1828,2048,3308,2048,1828,2048,3318,2048,1828,2048,3328,2048,1828,2048,3338,2048,1828,2048,3348,2048,1828,2048,3358,2048,1828,2048,3368,2048,1828,2048,3378,2048,1828,2048,3388,2048,1828,2048,3398,2048,1828,2048,3408,2048,1828,2048,3418,2048,1828,2048,3428,2048,1828,2048,3438,2048,1828,2048,3448,2048,1828,2048,3458,2048,1828,2048,3468,2048,1828,2048,3478,2048,1828,2048,3488,2048,1828,2048,3498,2048,1828,2048,3508,2048,1828,2048,3518,2048,1828,2048,3528,2048,1828,2048,3538,2048,1828,2048,3548,2048,1828,2048,3558,2048,1828,2048,3568,2048,1828,2048,3578,2048,1828,2048,3588,2048,1828,2048,3598,2048,1828,2048,3608,2048,1828,2048,3618,2048,1828,2048,3628,2048,1828,2048,3638,2048,1828,2048,3648,2048,1828,2048,3658,2048,1828,2048,3668,2048,1828,2048,3678,2048,1828,2048,3688,2048,1828,2048,3698,2048,1828,2048,3708,2048,1828,2048,3718,2048,1828,2048,3728,2048,1828,2048,3738,2048,1828,2048,3748,2048,1828,2048,3758,2048,1828,2048,3768,2048,1828,2048,3778,2048,1828,2048,3788,2048,1828,2048,3798,2048,1828,2048,3808,2048,1828,2048,3818,2048,1828,2048,3828,2048,1828,2048,3838,2048,1828,2048,3848,2048,1828,2048,3858,2048,1828,2048,3868,2048,1828,2048,3858,2048,1828,2048,3868,2048,1828,2048
2048,2048,2048,2048,512,256,-72,88,194,212,-40383,40383,0,246,2058,2048,2048,2048,2068,2048,2048,2048,2078,2048,2048,2048,2088,2048,2048,2048,2098,2048,2048,2048,2108,2048,2048,2048,2118,2048,2048,2048,2128,2048,2048,2048,2138,2048,2048,2048,2148,2048,2048,2048,2158,2048,2048,2048,2168,2048,2048,2048,2178,2048,2048,2048,2188,2048,2048,2048,2188,2048,2038,2048,2188,2048,2028,2048,2188,2048,2018,2048,2188,2048,2008,2048,2188,2048,1998,2048,2188,2048,1988,2048,2188,2048,1978,2048,2188,2048,1968,2048,2188,2048,1958,2048,2188,2048,1948,2048,2188,2048,1938,2048,2188,2048,1928,2048,2198,2048,1928,2048,2198,2048,1918,2048,2198,2048,1908,2048,2198,2048,1898,2048,2198,2048,1888,2048,2198,2048,1878,2048,2208,2048,1878,2048,2218,2048,1878,2048,2228,2048,1878,2048,2238,2048,1878,2048,2248,2048,1878,2048,2258,2048,1878,2048,2268,2048,1878,2048,2278,2048,1878,2048,2288,2048,1878,2048,2298,2048,1878,2048,2308,2048,1878,2048,2318,2048,1878,2048,2328,2048,1878,2048,2338,2048,1878,2048,2348,2048,1878,2048,2358,2048,1878,2048,2368,2048,1878,2048,2378,2048,1878,2048,2388,2048,1878,2048,2398,2048,1878,2048,2408,2048,1878,2048,2418,2048,1878,2048,2428,2048,1878,2048,2438,2048,1878,2048,2448,2048,1878,2048,2458,2048,1878,2048,2468,2048,1878,2048,2478,2048,1878,2048,2488,2048,1878,2048,2498,2048,1878,2048,2498,2038,1878,2048,2498,2038,1868,2048,2498,2028,1868,2048,2498,2028,1858,2048,2498,2018,1858,2048,2498,2018,1848,2048,2498,2008,1848,2048,2498,2008,1838,2048,2498,1998,1838,2048,2498,1998,1828,2048,2498,1988,1828,2048,2498,1988,1818,2048,2498,1978,1818,2048,2498,1978,1808,2048,2498,1978,1798,2048,2498,1968,1798,2048,2498,1968,1788,2048,2498,1958,1788,2048,2498,1958,1778,2048,2498,1948,1778,2048,2498,1948,1768,2048,2498,1938,1768,2048,2498,1938,1758,2048,2498,1928,1758,2048,2498,1928,1748,2048,2498,1918,1748,2048,2498,1918,1738,2048,2498,1908,1738,2048,2498,1908,1728,2048,2498,1898,1728,2048,2498,1898,1718,2048,2498,1888,1718,2048,2498,1888,1708,2048,2498,1878,1708,2048,2498,1878,1698,2048,2498,1868,1698,2048,2498,1868,1688,2048,2498,1858,1688,2048,2498,1858,1678,2048,2498,1848,1678,2048,2498,1848,1668,2048,2498,1838,1668,2048,2498,1838,1658,2048,2498,1828,1658,2048,2498,1828,1648,2048,2498,1818,1648,2048,2498,1818,1638,2048,2498,1808,1638,2048,2498,1808,1628,2048,2498,1798,1628,2048,2498,1798,1618,2048,2498,1788,1618,2048,2498,1788,1608,2048,2498,1778,1608,2048,2498,1778,1598,2048,2498,1768,1598,2048,2498,1768,1588,2048,2498,1758,1588,2048,2498,1758,1578,2048,2498,1748,1578,2048,2498,1748,1568,2048,2498,1738,1568,2048,2498,1738,1558,2048,2498,1728,1558,2048,2498,1728,1548,2048,2498,1718,1548,2048,2498,1718,1538,2048,2498,1708,1538,2048,2498,1708,1528,2048,2498,1698,1528,2048,2498,1698,1518,2048,2498,1688,1518,2048,2498,1688,1508,2048,2498,1678,1508,2048,2498,1678,1498,2048,2498,1668,1498,2048,2498,1658,1498,2048,2498,1658,1488,2048,2498,1648,1488,2048,2498,1648,1478,2048,2498,1638,1478,2048,2498,1638,1468,2048,2498,1628,1468,2048,2498,1628,1458,2048,2498,1618,1458,2048,2498,1618,1448,2048,2498,1608,1448,2048,2498,1598,1448,2048,2498,1598,1438,2048,2498,1588,1438,2048,2498,1588,1428,2048,2498,1578,1428,2048,2498,1578,1418,2048,2498,1568,1418,2048,2498,1568,1408,2048,2498,1558,1408,2048,2498,1558,1398,2048,2498,1548,1398,2048,2498,1538,1398,2048,2498,1538,1388,2048,2498,1528,1388,2048,2498,1528,1378,2048,2498,1518,1378,2048,2498,1518,1368,2048,2498,1508,1368,2048,2498,1498,1368,2048,2498,1498,1358,2048,2498,1488,1358,2048,2498,1488,1348,2048,2498,1478,1348,2048,2498,1478,1338,2048,2498,1468,1338,2048,2498,1458,1338,2048,2498,1458,1328,2048,2498,1448,1328,2048,2498,1448,1318,2048,2498,1438,1318,2048,2498,1428,1318,2048,2498,1428,1308,2048,2498,1418,1308,2048,2498,1418,1298,2048,2498,1408,1298,2048,2498,1408,1288,2048,2498,1398,1288,2048,2498,1388,1288,2048,2498,1388,1278,2048,2498,1378,1278,2048,2498,1378,1268,2048,2498,1368,1268,2048,2498,1358,1268,2048,2498,1358,1258,2048,2498,1348,1258,2048,2498,1348,1248,2048,2498,1338,1248,2048,2498,1328,1248,2048,2498,1328,1238,2048,2498,1318,1238,2048,2498,1318,1228,2048,2498,1308,1228,2048,2498,1298,1228,2048,2498,1298,1218,2048,2498,1288,1218,2048,2498,1278,1218,2048,2498,1278,1208,2048,2498,1268,1208,2048,2498,1268,1198,2048,2498,1258,1198,2048,2498,1248,1198,2048,2498,1248,1188,2048,2498,1238,1188,2048,2498,1238,1178,2048,2498,1228,1178,2048,2498,1218,1178,2048,2498,1218,1168,2048,2498,1208,1168,2048,2498,1198,1168,2048,2498,1198,1158,2048,2498,1188,1158,2048,2498,1178,1158,2048,2498,1178,1148,2048,2498,1168,1148,2048,2498,1168,1138,2048,2498,1158,1138,2048,2498,1148,1138,2048,2498,1148,1128,2048,2498,1138,1128,2048,2498,1128,1128,2048,2498,1128,1118,2048,2498,1118,1118,2048,2498,1108,1118,2048,2498,1108,1108,2048,2498,1098,1108,2048,2498,1088,1108,2048,2498,1088,1098,2048,2498,1078,1098,2048,2498,1078,1088,2048,2498,1068,1088,2048,2498,1058,1088,2048,2498,1058,1078,2048,2498,1048,1078,2048,2498,1038,1078,2048,2498,1038,1068,2048,2498,1028,1068,2048,2498,1028,1068,2048
2048,2048,2048,2048,512,256,173,-109,342,164,-109957,109957,0,147,2038,2048,2048,2048,2028,2048,2048,2048,2018,2048,2048,2048,2008,2048,2048,2048,1998,2048,2048,2048,1988,2048,2048,2048,1978,2048,2048,2048,1968,2048,2048,2048,1958,2048,2048,2048,1948,2048,2048,2048,1938,2048,2048,2048,1928,2048,2048,2048,1918,2048,2048,2048,1908,2048,2048,2048,1898,2048,2048,2048,1888,2048,2048,2048,1878,2048,2048,2048,1868,2048,2048,2048,1858,2048,2048,2048,1848,2048,2048,2048,1838,2048,2048,2048,1828,2048,2048,2048,1818,2048,2048,2048,1808,2048,2048,2048,1798,2048,2048,2048,1788,2048,2048,2048,1778,2048,2048,2048,1768,2048,2048,2048,1758,2048,2048,2048,1748,2048,2048,2048,1738,2048,2048,2048,1728,2048,2048,2048,1718,2048,2048,2048,1708,2048,2048,2048,1698,2048,2048,2048,1698,2038,2048,2048,1698,2028,2048,2048,1698,2018,2048,2048,1688,2018,2048,2048,1688,2008,2048,2048,1688,1998,2048,2048,1688,1988,2048,2048,1688,1978,2048,2048,1678,1978,2048,2048,1678,1968,2048,2048,1678,1958,2048,2048,1668,1958,2048,2048,1668,1948,2048,2048,1668,1938,2048,2048,1668,1928,2048,2048,1658,1928,2048,2048,1658,1918,2048,2048,1648,1918,2048,2048,1638,1918,2048,2048,1628,1918,2048,2048,1618,1918,2048,2048,1608,1918,2048,2048,1598,1918,2048,2048,1588,1918,2048,2048,1578,1918,2048,2048,1568,1918,2048,2048,1558,1918,2048,2048,1548,1918,2048,2048,1538,1918,2048,2048,1528,1918,2048,2048,1518,1918,2048,2048,1508,1918,2048,2048,1498,1918,2048,2048,1488,1918,2048,2048,1478,1918,2048,2048,1468,1918,2048,2048,1458,1918,2048,2048,1448,1918,2048,2048,1438,1918,2048,2048,1428,1918,2048,2048,1418,1918,2048,2048,1408,1918,2048,2048,1398,1918,2048,2048,1388,1918,2048,2048,1378,1918,2048,2048,1368,1918,2048,2048,1358,1918,2048,2048,1348,1918,2048,2048,1338,1918,2048,2048,1328,1918,2048,2048,1318,1918,2048,2048,1308,1918,2048,2048,1298,1918,2048,2048,1288,1918,2048,2048,1278,1918,2048,2048,1268,1918,2048,2048,1258,1918,2048,2048,1248,1918,2048,2048,1238,1918,2048,2048,1228,1918,2048,2048,1218,1918,2048,2048,1208,1918,2048,2048,1198,1918,2048,2048,1198,1908,2048,2048,1188,1908,2048,2048,1178,1908,2048,2048,1168,1908,2048,2048,1158,1908,2048,2048,1148,1908,2048,2048,1138,1908,2048,2048,1128,1908,2048,2048,1118,1908,2048,2048,1108,1908,2048,2048,1098,1908,2048,2048,1088,1908,2048,2048,1078,1908,2048,2048,1068,1908,2048,2048,1058,1908,2048,2048,1048,1908,2048,2048,1038,1908,2048,2048,1028,1908,2048,2048,1018,1908,2048,2048,1018,1908,2058,2048,1018,1908,2068,2048,1008,1908,2068,2048,998,1908,2068,2048,988,1908,2068,2048,978,1908,2068,2048,968,1908,2068,2048,958,1908,2068,2048,948,1908,2068,2048,938,1908,2068,2048,928,1908,2068,2048,918,1908,2068,2048,908,1908,2068,2048,898,1908,2068,2048,888,1908,2068,2048,878,1908,2068,2048,868,1908,2068,2048,858,1908,2068,2048,848,1908,2068,2048,838,1908,2068,2048,828,1908,2068,2048,818,1908,2068,2048,808,1908,2068,2048,798,1908,2068,2048,788,1908,2068,2048,778,1908,2068,2048,778,1908,2058,2048,768,1908,2058,2048,778,1908,2058,2048,768,1908,2058,2048
2048,2048,2048,2048,512,256,-55,300,268,67,14480,2791,1,52,2048,2038,2048,2048,2058,2038,2048,2048,2068,2038,2048,2048,2078,2038,2048,2048,2088,2038,2048,2048,2098,2038,2048,2048,2108,2038,2048,2048,2118,2038,2048,2048,2128,2038,2048,2048,2138,2038,2048,2048,2148,2038,2048,2048,2158,2038,2048,2048,2158,2038,2038,2048,2168,2038,2038,2048,2178,2038,2038,2048,2178,2028,2038,2048,2178,2028,2028,2048,2178,2018,2028,2048,2178,2018,2018,2048,2178,2018,2008,2048,2178,2008,2008,2048,2178,2008,1998,2048,2178,1998,1998,2048,2178,1998,1988,2048,2178,1988,1988,2048,2178,1988,1978,2048,2178,1978,1978,2048,2178,1978,1968,2048,2178,1968,1968,2048,2178,1968,1958,2048,2178,1958,1958,2048,2178,1958,1948,2048,2178,1948,1948,2048,2178,1948,1938,2048,2178,1938,1938,2048,2178,1938,1928,2048,2178,1938,1918,2048,2178,1928,1918,2048,2178,1928,1908,2048,2178,1918,1908,2048,2178,1918,1898,2048,2178,1908,1898,2048,2178,1908,1888,2048,2178,1898,1888,2048,2178,1898,1878,2048,2178,1888,1878,2048,2178,1888,1868,2048,2178,1878,1868,2048,2178,1878,1858,2048,2178,1868,1858,2048,2178,1868,1848,2048,2168,1868,1848,2048
2048,2048,2048,2048,512,256,-66,-270,159,185,-46483,46483,0,217,2058,2048,2048,2048,2068,2048,2048,2048,2078,2048,2048,2048,2088,2048,2048,2048,2098,2048,2048,2048,2108,2048,2048,2048,2118,2048,2048,2048,2128,2048,2048,2048,2138,2048,2048,2048,2148,2048,2048,2048,2158,2048,2048,2048,2168,2048,2048,2048,2178,2048,2048,2048,2178,2048,2038,2048,2178,2048,2028,2048,2178,2048,2018,2048,2178,2048,2008,2048,2178,2048,1998,2048,2178,2048,1988,2048,2178,2048,1978,2048,2178,2048,1968,2048,2178,2048,1958,2048,2178,2048,1948,2048,2178,2048,1938,2048,2178,2048,1928,2048,2178,2048,1918,2048,2178,2048,1908,2048,2178,2048,1898,2048,2178,2048,1888,2048,2188,2048,1888,2048,2188,2048,1878,2048,2188,2048,1868,2048,2188,2048,1858,2048,2188,2048,1848,2048,2188,2048,1838,2048,2188,2048,1828,2048,2188,2048,1818,2048,2188,2048,1808,2048,2188,2048,1798,2048,2198,2048,1798,2048,2208,2048,1798,2048,2218,2048,1798,2048,2228,2048,1798,2048,2238,2048,1798,2048,2248,2048,1798,2048,2258,2048,1798,2048,2268,2048,1798,2048,2278,2048,1798,2048,2288,2048,1798,2048,2298,2048,1798,2048,2308,2048,1798,2048,2318,2048,1798,2048,2328,2048,1798,2048,2338,2048,1798,2048,2348,2048,1798,2048,2358,2048,1798,2048,2368,2048,1798,2048,2378,2048,1798,2048,2388,2048,1798,2048,2398,2048,1798,2048,2408,2048,1798,2048,2418,2048,1798,2048,2428,2048,1798,2048,2438,2048,1798,2048,2448,2048,1798,2048,2458,2048,1798,2048,2468,2048,1798,2048,2478,2048,1798,2048,2488,2048,1798,2048,2498,2048,1798,2048,2508,2048,1798,2048,2518,2048,1798,2048,2528,2048,1798,2048,2538,2048,1798,2048,2548,2048,1798,2048,2558,2048,1798,2048,2568,2048,1798,2048,2578,2048,1798,2048,2588,2048,1798,2048,2598,2048,1798,2048,2608,2048,1798,2048,2618,2048,1798,2048,2628,2048,1798,2048,2638,2048,1798,2048,2648,2048,1798,2048,2658,2048,1798,2048,2668,2048,1798,2048,2678,2048,1798,2048,2688,2048,1798,2048,2698,2048,1798,2048,2708,2048,1798,2048,2718,2048,1798,2048,2728,2048,1798,2048,2738,2048,1798,2048,2748,2048,1798,2048,2758,2048,1798,2048,2768,2048,1798,2048,2778,2048,1798,2048,2788,2048,1798,2048,2798,2048,1798,2048,2808,2048,1798,2048,2818,2048,1798,2048,2828,2048,1798,2048,2838,2048,1798,2048,2848,2048,1798,2048,2858,2048,1798,2048,2868,2048,1798,2048,2878,2048,1798,2048,2888,2048,1798,2048,2898,2048,1798,2048,2908,2048,1798,2048,2918,2048,1798,2048,2928,2048,1798,2048,2938,2048,1798,2048,2948,2048,1798,2048,2958,2048,1798,2048,2968,2048,1798,2048,2978,2048,1798,2048,2988,2048,1798,2048,2998,2048,1798,2048,3008,2048,1798,2048,3018,2048,1798,2048,3028,2048,1798,2048,3038,2048,1798,2048,3048,2048,1798,2048,3058,2048,1798,2048,3068,2048,1798,2048,3078,2048,1798,2048,3088,2048,1798,2048,3098,2048,1798,2048,3108,2048,1798,2048,3118,2048,1798,2048,3128,2048,1798,2048,3138,2048,1798,2048,3148,2048,1798,2048,3158,2048,1798,2048,3168,2048,1798,2048,3178,2048,1798,2048,3188,2048,1798,2048,3198,2048,1798,2048,3208,2048,1798,2048,3218,2048,1798,2048,3228,2048,1798,2048,3238,2048,1798,2048,3248,2048,1798,2048,3258,2048,1798,2048,3268,2048,1798,2048,3278,2048,1798,2048,3288,2048,1798,2048,3298,2048,1798,2048,3308,2048,1798,2048,3318,2048,1798,2048,3328,2048,1798,2048,3338,2048,1798,2048,3348,2048,1798,2048,3358,2048,1798,2048,3368,2048,1798,2048,3378,2048,1798,2048,3388,2048,1798,2048,3398,2048,1798,2048,3408,2048,1798,2048,3418,2048,1798,2048,3428,2048,1798,2048,3438,2048,1798,2048,3448,2048,1798,2048,3458,2048,1798,2048,3468,2048,1798,2048,3478,2048,1798,2048,3488,2048,1798,2048,3498,2048,1798,2048,3508,2048,1798,2048,3518,2048,1798,2048,3528,2048,1798,2048,3538,2048,1798,2048,3548,2048,1798,2048,3558,2048,1798,2048,3568,2048,1798,2048,3578,2048,1798,2048,3588,2048,1798,2048,3598,2048,1798,2048,3608,2048,1798,2048,3618,2048,1798,2048,3628,2048,1798,2048,3638,2048,1798,2048,3648,2048,1798,2048,3658,2048,1798,2048,3668,2048,1798,2048,3678,2048,1798,2048,3688,2048,1798,2048,3698,2048,1798,2048,3708,2048,1798,2048,3718,2048,1798,2048,3728,2048,1798,2048,3738,2048,1798,2048,3748,2048,1798,2048,3758,2048,1798,2048,3768,2048,1798,2048,3778,2048,1798,2048,3788,2048,1798,2048,3798,2048,1798,2048,3808,2048,1798,2048,3818,2048,1798,2048,3828,2048,1798,2048,3838,2048,1798,2048,3848,2048,1798,2048,3858,2048,1798,2048,3868,2048,1798,2048,3878,2048,1798,2048,3888,2048,1798,2048,3898,2048,1798,2048,3908,2048,1798,2048,3918,2048,1798,2048,3928,2048,1798,2048,3938,2048,1798,2048,3948,2048,1798,2048,3938,2048,1798,2048,3948,2048,1798,2048
2048,2048,2048,2048,512,256,190,-263,190,167,-14276,14276,0,188,2048,2048,2038,2048,2048,2048,2028,2048,2048,2048,2018,2048,2048,2048,2008,2048,2048,2048,1998,2048,2048,2048,1988,2048,2048,2048,1978,2048,2048,2048,1968,2048,2048,2048,1958,2048,2048,2048,1948,2048,2048,2048,1938,2048,2048,2048,1928,2048,2048,2048,1918,2048,2048,2048,1908,2048,2048,2048,1898,2048,2048,2048,1888,2048,2048,2048,1878,2048,2048,2048,1868,2048,2038,2048,1868,2048,2028,2048,1868,2048,2018,2048,1868,2048,2008,2048,1868,2048,1998,2048,1868,2048,1988,2048,1868,2048,1978,2048,1868,2048,1968,2048,1868,2048,1958,2048,1868,2048,1948,2048,1868,2048,1938,2048,1868,2048,1928,2048,1868,2048,1918,2048,1868,2048,1908,2048,1868,2048,1898,2048,1868,2048,1888,2048,1868,2048,1878,2048,1868,2048,1868,2048,1868,2048,1858,2048,1868,2048,1848,2048,1868,2048,1838,2048,1868,2048,1828,2048,1868,2048,1818,2048,1868,2048,1808,2048,1868,2048,1798,2048,1868,2048,1788,2048,1868,2048,1778,2048,1868,2048,1768,2048,1868,2048,1758,2048,1868,2048,1748,2048,1868,2048,1738,2048,1868,2048,1728,2048,1868,2048,1718,2048,1868,2048,1708,2048,1868,2048,1698,2048,1868,2048,1688,2048,1868,2048,1678,2048,1868,2048,1668,2048,1868,2048,1658,2048,1868,2048,1648,2048,1868,2048,1638,2048,1868,2048,1628,2048,1868,2048,1618,2048,1868,2048,1608,2048,1868,2048,1598,2048,1868,2048,1588,2048,1868,2048,1578,2048,1868,2048,1568,2048,1868,2048,1558,2048,1868,2048,1548,2048,1868,2048,1538,2048,1868,2048,1528,2048,1868,2048,1518,2048,1868,2048,1508,2048,1868,2048,1498,2048,1868,2048,1488,2048,1868,2048,1478,2048,1868,2048,1468,2048,1868,2048,1458,2048,1868,2048,1448,2048,1868,2048,1438,2048,1868,2048,1428,2048,1868,2048,1418,2048,1868,2048,1408,2048,1868,2048,1398,2048,1868,2048,1388,2048,1868,2048,1378,2048,1868,2048,1368,2048,1868,2048,1358,2048,1868,2048,1348,2048,1868,2048,1338,2048,1868,2048,1328,2048,1868,2048,1318,2048,1868,2048,1308,2048,1868,2048,1298,2048,1868,2048,1288,2048,1868,2048,1278,2048,1868,2048,1268,2048,1868,2048,1258,2048,1868,2048,1248,2048,1868,2048,1238,2048,1868,2048,1228,2048,1868,2048,1218,2048,1868,2048,1208,2048,1868,2048,1198,2048,1868,2048,1188,2048,1868,2048,1178,2048,1868,2048,1168,2048,1868,2048,1158,2048,1868,2048,1148,2048,1868,2048,1138,2048,1868,2048,1128,2048,1868,2048,1118,2048,1868,2048,1108,2048,1868,2048,1098,2048,1868,2048,1088,2048,1868,2048,1078,2048,1868,2048,1068,2048,1868,2048,1058,2048,1868,2048,1048,2048,1868,2048,1038,2048,1868,2048,1028,2048,1868,2048,1018,2048,1868,2048,1018,2048,1878,2048,1008,2048,1878,2048,998,2048,1878,2048,988,2048,1878,2048,978,2048,1878,2048,968,2048,1878,2048,958,2048,1878,2048,948,2048,1878,2048,938,2048,1878,2048,928,2048,1878,2048,918,2048,1878,2048,908,2048,1878,2048,898,2048,1878,2048,888,2048,1878,2048,878,2048,1878,2048,868,2048,1878,2048,858,2048,1878,2048,848,2048,1878,2048,838,2048,1878,2048,828,2048,1878,2048,818,2048,1878,2048,808,2048,1878,2048,798,2048,1878,2048,788,2048,1878,2048,778,2048,1878,2048,768,2048,1878,2048,758,2048,1878,2048,748,2048,1878,2048,738,2048,1878,2048,728,2048,1878,2048,718,2048,1878,2048,708,2048,1878,2048,698,2048,1878,2048,688,2048,1878,2048,678,2048,1878,2048,668,2048,1878,2048,658,2048,1878,2048,648,2048,1878,2048,638,2048,1878,2048,628,2048,1878,2048,618,2048,1878,2048,608,2048,1878,2048,598,2048,1878,2048,588,2048,1878,2048,578,2048,1878,2048,568,2048,1878,2048,558,2048,1878,2048,548,2048,1878,2048,538,2048,1878,2048,528,2048,1878,2048,518,2048,1878,2048,508,2048,1878,2048,498,2048,1878,2048,488,2048,1878,2048,478,2048,1878,2048,468,2048,1878,2048,458,2048,1878,2048,448,2048,1878,2048,438,2048,1878,2048,428,2048,1878,2048,428,2048,1868,2048,418,2048,1868,2048,408,2048,1868,2048,398,2048,1868,2048,388,2048,1868,2048,398,2048,1868,2048,388,2048,1868,2048
2048,2048,2048,2048,512,256,-23,60,536,130,-273947,273947,0,117,2048,2038,2048,2048,2048,2028,2048,2048,2048,2018,2048,2048,2048,2008,2048,2048,2048,1998,2048,2048,2048,1988,2048,2048,2048,1978,2048,2048,2048,1968,2048,2048,2048,1958,2048,2048,2048,1948,2048,2048,2048,1938,2048,2048,2048,1928,2048,2048,2048,1918,2048,2048,2048,1908,2048,2048,2048,1898,2048,2048,2048,1888,2048,2048,2048,1878,2048,2048,2048,1868,2048,2048,2048,1858,2048,2048,2048,1848,2048,2048,2048,1838,2048,2048,2048,1828,2048,2048,2048,1818,2048,2048,2048,1808,2048,2048,2048,1798,2048,2048,2048,1788,2048,2048,2048,1778,2048,2048,2048,1768,2048,2048,2048,1758,2048,2048,2048,1748,2048,2048,2048,1738,2048,2048,2048,1728,2048,2048,2048,1718,2048,2048,2048,1708,2048,2048,2048,1698,2048,2048,2048,1688,2048,2048,2048,1678,2048,2048,2048,1668,2048,2048,2048,1658,2048,2048,2048,1648,2048,2048,2048,1638,2048,2048,2048,1628,2048,2048,2048,1618,2048,2048,2048,1608,2048,2048,2048,1598,2048,2048,2048,1588,2048,2048,2048,1578,2048,2048,2048,1568,2048,2048,2048,1558,2048,2048,2048,1548,2048,2048,2048,1538,2048,2048,2048,1528,2048,2048,2048,1518,2048,2048,2048,1508,2048,2048,2048,1498,2048,2048,2048,1488,2048,2048,2048,1478,2048,2048,2048,1468,2048,2048,2048,1458,2048,2048,2048,1448,2048,2048,2048,1438,2048,2048,2048,1428,2048,2048,2048,1418,2048,2048,2048,1408,2048,2048,2048,1398,2048,2048,2048,1388,2048,2048,2048,1378,2048,2048,2048,1378,2058,2048,2048,1378,2068,2048,2048,1378,2078,2048,2048,1378,2088,2048,2048,1378,2098,2048,2048,1378,2108,2048,2048,1378,2118,2048,2048,1378,2128,2048,2048,1378,2138,2048,2048,1378,2148,2048,2048,1378,2158,2048,2048,1378,2168,2048,2048,1378,2178,2048,2048,1378,2188,2048,2048,1368,2188,2048,2048,1358,2188,2048,2048,1348,2188,2048,2048,1338,2188,2048,2048,1328,2188,2048,2048,1318,2188,2048,2048,1308,2188,2048,2048,1298,2188,2048,2048,1288,2188,2048,2048,1278,2188,2048,2048,1268,2188,2048,2048,1258,2188,2048,2048,1248,2188,2048,2048,1238,2188,2048,2048,1228,2188,2048,2048,1218,2188,2048,2048,1208,2188,2048,2048,1198,2188,2048,2048,1188,2188,2048,2048,1178,2188,2048,2048,1168,2188,2048,2048,1158,2188,2048,2048,1148,2188,2048,2048,1138,2188,2048,2048,1128,2188,2048,2048,1118,2188,2048,2048,1108,2188,2048,2048,1098,2188,2048,2048,1088,2188,2048,2048,1078,2188,2048,2048,1068,2188,2048,2048,1058,2188,2048,2048,1048,2188,2048,2048,1038,2188,2048,2048,1028,2188,2048,2048,1028,2188,2048
2048,2048,2048,2048,512,256,342,49,335,99,-63748,63748,0,97,2038,2048,2048,2048,2028,2048,2048,2048,2018,2048,2048,2048,2008,2048,2048,2048,1998,2048,2048,2048,1988,2048,2048,2048,1978,2048,2048,2048,1968,2048,2048,2048,1958,2048,2048,2048,1948,2048,2048,2048,1938,2048,2048,2048,1928,2048,2048,2048,1918,2048,2048,2048,1908,2048,2048,2048,1898,2048,2048,2048,1888,2048,2048,2048,1878,2048,2048,2048,1868,2048,2048,2048,1858,2048,2048,2048,1848,2048,2048,2048,1838,2048,2048,2048,1828,2048,2048,2048,1818,2048,2048,2048,1808,2048,2048,2048,1798,2048,2048,2048,1788,2048,2048,2048,1778,2048,2048,2048,1768,2048,2048,2048,1758,2048,2048,2048,1748,2048,2048,2048,1738,2048,2048,2048,1728,2048,2048,2048,1718,2048,2048,2048,1708,2048,2048,2048,1698,2048,2048,2048,1688,2048,2048,2048,1678,2048,2048,2048,1668,2048,2048,2048,1658,2048,2048,2048,1648,2048,2048,2048,1638,2048,2048,2048,1628,2048,2048,2048,1618,2048,2048,2048,1608,2048,2048,2048,1598,2048,2048,2048,1588,2048,2048,2048,1578,2048,2048,2048,1568,2048,2048,2048,1558,2048,2048,2048,1548,2048,2048,2048,1538,2048,2048,2048,1528,2048,2048,2048,1518,2048,2048,2048,1508,2048,2048,2048,1498,2048,2048,2048,1488,2048,2048,2048,1478,2048,2048,2048,1468,2048,2048,2048,1458,2048,2048,2048,1448,2048,2048,2048,1438,2048,2048,2048,1428,2048,2048,2048,1418,2048,2048,2048,1408,2048,2048,2048,1398,2048,2048,2048,1388,2048,2048,2048,1378,2048,2048,2048,1368,2048,2048,2048,1358,2048,2048,2048,1348,2048,2048,2048,1338,2048,2048,2048,1328,2048,2048,2048,1318,2048,2048,2048,1308,2048,2048,2048,1298,2048,2048,2048,1288,2048,2048,2048,1278,2048,2048,2048,1268,2048,2048,2048,1258,2048,2048,2048,1248,2048,2048,2048,1238,2048,2048,2048,1228,2048,2048,2048,1218,2048,2048,2048,1208,2048,2048,2048,1198,2048,2048,2048,1188,2048,2048,2048,1178,2048,2048,2048,1168,2048,2048,2048,1158,2048,2048,2048,1148,2048,2048,2048,1138,2048,2048,2048,1128,2048,2048,2048,1118,2048,2048,2048,1118,2038,2048,2048,1128,2038,2048,2048,1118,2038,2048,2048,1128,2038,2048,2048
2048,2048,2048,2048,512,256,-159,133,145,163,13140,4335,1,186,2058,2048,2048,2048,2068,2048,2048,2048,2078,2048,2048,2048,2088,2048,2048,2048,2098,2048,2048,2048,2108,2048,2048,2048,2118,2048,2048,2048,2128,2048,2048,2048,2138,2048,2048,2048,2148,2048,2048,2048,2158,2048,2048,2048,2168,2048,2048,2048,2178,2048,2048,2048,2188,2048,2048,2048,2198,2048,2048,2048,2208,2048,2048,2048,2218,2048,2048,2048,2228,2048,2048,2048,2238,2048,2048,2048,2248,2048,2048,2048,2258,2048,2048,2048,2268,2048,2048,2048,2278,2048,2048,2048,2288,2048,2048,2048,2298,2048,2048,2048,2308,2048,2048,2048,2318,2048,2048,2048,2328,2048,2048,2048,2338,2048,2048,2048,2348,2048,2048,2048,2358,2048,2048,2048,2368,2048,2048,2048,2368,2048,2038,2048,2368,2048,2028,2048,2368,2048,2018,2048,2368,2048,2008,2048,2368,2048,1998,2048,2368,2048,1988,2048,2368,2048,1978,2048,2368,2048,1968,2048,2368,2048,1958,2048,2368,2048,1948,2048,2368,2048,1938,2048,2368,2048,1928,2048,2368,2048,1918,2048,2368,2048,1908,2048,2368,2048,1898,2048,2368,2048,1888,2048,2368,2048,1888,2038,2368,2048,1888,2028,2368,2048,1888,2018,2368,2048,1888,2008,2368,2048,1888,1998,2368,2048,1888,1988,2368,2048,1888,1978,2368,2048,1888,1968,2368,2048,1888,1958,2368,2048,1888,1948,2378,2048,1888,1948,2378,2048,1878,1948,2378,2048,1878,1938,2378,2048,1878,1928,2388,2048,1878,1928,2388,2048,1868,1928,2388,2048,1858,1928,2388,2048,1848,1928,2388,2048,1838,1928,2388,2048,1838,1918,2398,2048,1838,1918,2408,2048,1838,1918,2418,2048,1838,1918,2428,2048,1838,1918,2438,2048,1838,1918,2448,2048,1838,1918,2458,2048,1838,1918,2468,2048,1838,1918,2478,2048,1838,1918,2488,2048,1838,1918,2498,2048,1838,1918,2508,2048,1838,1918,2518,2048,1838,1918,2528,2048,1838,1918,2538,2048,1838,1918,2548,2048,1838,1918,2558,2048,1838,1918,2568,2048,1838,1918,2578,2048,1838,1918,2588,2048,1838,1918,2598,2048,1838,1918,2608,2048,1838,1918,2618,2048,1838,1918,2618,2038,1838,1918,2618,2038,1828,1918,2618,2038,1818,1918,2618,2028,1818,1918,2618,2028,1808,1918,2618,2018,1808,1918,2618,2018,1798,1918,2618,2008,1798,1918,2618,2008,1788,1918,2618,1998,1788,1918,2618,1998,1778,1918,2618,1988,1778,1918,2618,1988,1768,1918,2618,1978,1768,1918,2618,1978,1758,1918,2618,1978,1748,1918,2618,1968,1748,1918,2618,1968,1738,1918,2618,1958,1738,1918,2618,1958,1728,1918,2618,1948,1728,1918,2618,1948,1718,1918,2618,1938,1718,1918,2618,1938,1708,1918,2618,1928,1708,1918,2618,1928,1698,1918,2618,1918,1698,1918,2618,1918,1688,1918,2618,1908,1688,1918,2618,1908,1678,1918,2618,1898,1678,1918,2618,1898,1668,1918,2618,1888,1668,1918,2618,1888,1658,1918,2618,1878,1658,1918,2618,1878,1648,1918,2618,1868,1648,1918,2618,1868,1638,1918,2618,1858,1638,1918,2618,1858,1628,1918,2618,1848,1628,1918,2618,1848,1618,1918,2618,1838,1618,1918,2618,1838,1608,1918,2618,1828,1608,1918,2618,1828,1598,1918,2618,1818,1598,1918,2618,1818,1588,1918,2618,1808,1588,1918,2618,1808,1578,1918,2618,1798,1578,1918,2618,1798,1568,1918,2618,1788,1568,1918,2618,1788,1558,1918,2618,1778,1558,1918,2618,1778,1548,1918,2618,1768,1548,1918,2618,1768,1538,1918,2618,1758,1538,1918,2618,1758,1528,1918,2618,1748,1528,1918,2618,1748,1518,1918,2618,1738,1518,1918,2618,1738,1508,1918,2618,1728,1508,1918,2618,1728,1498,1918,2618,1718,1498,1918,2618,1718,1488,1918,2618,1708,1488,1918,2618,1708,1478,1918,2618,1698,1478,1918,2618,1698,1468,1918,2618,1688,1468,1918,2618,1688,1458,1918,2618,1678,1458,1918,2618,1668,1458,1918,2618,1668,1448,1918,2618,1658,1448,1918,2618,1658,1438,1918,2618,1648,1438,1918,2618,1648,1428,1918,2618,1638,1428,1918,2618,1638,1418,1918,2618,1628,1418,1918,2618,1628,1408,1918,2618,1618,1408,1918,2618,1608,1408,1918,2618,1608,1398,1918,2618,1598,1398,1918,2618,1598,1388,1918,2618,1588,1388,1918,2618,1588,1378,1918,2618,1578,1378,1918,2618,1578,1368,1918,2618,1568,1368,1918
2048,2048,2048,2048,512,256,95,-341,45,321,11050,3956,1,395,2048,2048,2038,2048,2048,2048,2028,2048,2048,2048,2018,2048,2048,2048,2008,2048,2048,2048,1998,2048,2048,2048,1988,2048,2048,2048,1978,2048,2048,2048,1968,2048,2048,2048,1958,2048,2048,2048,1948,2048,2048,2048,1938,2048,2048,2048,1928,2048,2048,2048,1918,2048,2048,2048,1908,2048,2048,2048,1898,2048,2048,2048,1888,2048,2048,2048,1878,2048,2048,2048,1868,2048,2048,2048,1858,2048,2048,2048,1848,2048,2048,2048,1838,2048,2048,2048,1828,2048,2048,2048,1818,2048,2048,2048,1808,2048,2048,2048,1798,2048,2048,2048,1788,2048,2048,2048,1778,2048,2048,2048,1768,2048,2048,2048,1758,2048,2048,2048,1748,2048,2048,2048,1738,2048,2048,2048,1728,2048,2048,2048,1718,2048,2048,2048,1708,2048,2048,2048,1698,2048,2048,2048,1688,2048,2048,2048,1678,2048,2048,2048,1668,2048,2048,2048,1658,2048,2048,2048,1648,2048,2048,2048,1638,2048,2048,2048,1628,2048,2048,2048,1618,2048,2048,2048,1608,2048,2048,2048,1598,2048,2048,2048,1588,2048,2048,2048,1578,2048,2048,2048,1568,2048,2048,2048,1558,2048,2048,2048,1548,2048,2048,2048,1538,2048,2048,2048,1528,2048,2048,2048,1518,2048,2048,2048,1508,2048,2048,2048,1498,2048,2038,2048,1498,2048,2028,2048,1498,2048,2018,2048,1498,2048,2008,2048,1498,2048,1998,2048,1498,2048,1988,2048,1498,2048,1978,2048,1498,2048,1968,2048,1498,2048,1958,2048,1498,2048,1948,2048,1498,2048,1938,2048,1498,2048,1928,2048,1498,2048,1918,2048,1498,2048,1908,2048,1498,2048,1898,2048,1498,2048,1888,2048,1498,2048,1878,2048,1498,2048,1868,2048,1498,2048,1858,2048,1498,2048,1848,2048,1498,2048,1838,2048,1498,2048,1828,2048,1498,2048,1818,2048,1498,2048,1808,2048,1498,2048,1798,2048,1498,2048,1788,2048,1498,2048,1778,2048,1498,2048,1768,2048,1498,2048,1758,2048,1498,2048,1748,2048,1498,2048,1738,2048,1498,2048,1728,2048,1498,2048,1718,2048,1498,2048,1708,2048,1498,2048,1698,2048,1498,2048,1688,2048,1498,2048,1678,2048,1498,2048,1668,2048,1498,2048,1658,2048,1498,2048,1648,2048,1498,2048,1638,2048,1498,2048,1628,2048,1498,2048,1618,2048,1498,2048,1608,2048,1498,2048,1598,2048,1498,2048,1588,2048,1498,2048,1578,2048,1498,2048,1568,2048,1498,2048,1558,2048,1498,2048,1548,2048,1498,2048,1538,2048,1498,2048,1528,2048,1498,2048,1518,2048,1498,2048,1508,2048,1498,2048,1498,2048,1498,2048,1488,2048,1498,2048,1478,2048,1498,2048,1468,2048,1498,2048,1458,2048,1498,2048,1448,2048,1498,2048,1438,2048,1498,2048,1428,2048,1498,2048,1418,2048,1498,2048,1408,2048,1498,2048,1398,2048,1498,2048,1388,2048,1498,2048,1378,2048,1498,2048,1368,2048,1498,2048,1358,2048,1498,2048,1348,2048,1498,2048,1338,2048,1498,2048,1328,2048,1498,2048,1318,2048,1498,2048,1308,2048,1498,2048,1298,2048,1498,2048,1288,2048,1498,2048,1278,2048,1498,2048,1268,2048,1498,2048,1258,2048,1498,2048,1248,2048,1498,2048,1238,2048,1498,2048,1228,2048,1498,2048,1218,2048,1498,2048,1208,2048,1498,2048,1198,2048,1498,2048,1188,2048,1498,2048,1178,2048,1498,2048,1168,2048,1498,2048,1158,2048,1498,2048,1148,2048,1498,2048,1138,2048,1498,2048,1128,2048,1498,2048,1118,2048,1498,2048,1108,2048,1498,2048,1098,2048,1498,2048,1088,2048,1498,2048,1078,2048,1498,2048,1068,2048,1498,2048,1058,2048,1498,2048,1048,2048,1498,2048,1038,2048,1498,2048,1028,2048,1498,2048,1018,2048,1498,2048,1018,2048,1508,2048,1008,2048,1508,2048,998,2048,1508,2048,988,2048,1508,2048,978,2048,1508,2048,968,2048,1508,2048,958,2048,1508,2048,948,2048,1508,2048,938,2048,1508,2048,928,2048,1508,2048,918,2048,1508,2048,908,2048,1508,2048,898,2048,1508,2048,888,2048,1508,2048,878,2048,1508,2048,868,2048,1508,2048,858,2048,1508,2048,848,2048,1508,2048,838,2048,1508,2048,828,2048,1508,2048,818,2048,1508,2048,808,2048,1508,2048,798,2048,1508,2048,788,2048,1508,2048,778,2048,1508,2048,768,2048,1508,2048,758,2048,1508,2048,748,2048,1508,2048,738,2048,1508,2048,728,2048,1508,2048,718,2048,1508,2048,708,2048,1508,2048,698,2048,1508,2048,688,2048,1508,2048,678,2048,1508,2048,668,2048,1508,2048,658,2048,1508,2048,648,2048,1508,2048,638,2048,1508,2048,628,2048,1508,2048,618,2048,1508,2048,608,2048,1508,2048,598,2048,1508,2048,588,2048,1508,2048,578,2048,1508,2048,568,2048,1508,2048,558,2048,1508,2048,548,2048,1508,2048,538,2048,1508,2048,528,2048,1508,2048,518,2048,1508,2048,508,2048,1508,2048,498,2048,1508,2048,488,2048,1508,2048,478,2048,1508,2048,468,2048,1508,2048,458,2048,1508,2048,448,2048,1508,2048,438,2048,1508,2048,428,2048,1508,2048,418,2048,1508,2048,408,2048,1508,2048,398,2048,1508,2048,388,2048,1508,2048,378,2048,1508,2048,368,2048,1508,2048,358,2048,1508,2048,348,2048,1508,2048,338,2048,1508,2048,328,2048,1508,2048,318,2048,1508,2048,308,2048,1508,2048,298,2048,1508,2048,288,2048,1508,2048,278,2048,1508,2048,268,2048,1508,2048,258,2048,1508,2048,248,2048,1508,2048,248,2058,1508,2048,258,2058,1508,2048,258,2058,1518,2048,248,2058,1518,2048,248,2068,1518,2048,258,2068,1518,2048,258,2068,1528,2048,248,2068,1528,2048,248,2078,1528,2048,258,2078,1528,2048,258,2078,1538,2048,248,2078,1538,2048,248,2088,1538,2048,258,2088,1538,2048,258,2088,1548,2048,258,2088,1558,2048,248,2088,1558,2048,238,2088,1558,2048,238,2098,1558,2048,248,2098,1558,2048,248,2098,1568,2048,238,2098,1568,2048,238,2108,1568,2048,248,2108,1568,2048,248,2108,1578,2048,238,2108,1578,2048,238,2118,1578,2048,248,2118,1578,2048,248,2118,1588,2048,248,2118,1598,2048,238,2118,1598,2048,228,2118,1598,2048,228,2128,1598,2048,238,2128,1598,2048,238,2128,1608,2048,228,2128,1608,2048,228,2138,1608,2048,238,2138,1608,2048,238,2138,1618,2048,228,2138,1618,2048,228,2148,1618,2048,238,2148,1618,2048,238,2148,1628,2048,238,2148,1638,2048,228,2148,1638,2048,218,2148,1638,2048,218,2158,1638,2048,228,2158,1638,2048,228,2158,1648,2048,218,2158,1648,2048,218,2168,1648,2048,228,2168,1648,2048,228,2168,1658,2048,218,2168,1658,2048,218,2178,1658,2048,228,2178,1658,2048,228,2178,1668,2048,228,2178,1678,2048,218,2178,1678,2048,218,2188,1678,2048,228,2188,1678,2048,228,2188,1688,2048,218,2188,1688,2048,208,2188,1688,2048,208,2198,1688,2048,218,2198,1688,2048,228,2198,1688,2048,228,2198,1698,2048,218,2198,1698,2048,208,2198,1698,2048,208,2208,1698,2048,218,2208,1698,2048,218,2208,1708,2048,218,2208,1718,2048,208,2208,1718,2048,208,2218,1718,2048,218,2218,1718,2048,218,2218,1728,2048,208,2218,1728,2048,208,2228,1728,2048,218,2228,1728,2048,218,2228,1738,2048,208,2228,1738,2048,208,2238,1738,2048,218,2238,1738,2048,218,2238,1748,2048,218,2238,1758,2048,208,2238,1758,2048,198,2238,1758,2048,198,2248,1758,2048,208,2248,1758,2048,208,2248,1768,2048,198,2248,1768,2048,198,2258,1768,2048,208,2258,1768,2048,208,2258,1778,2048,208,2258,1788,2048,198,2258,1788,2048,198,2268,1788,2048,208,2268,1788,2048,208,2268,1798,2048,198,2268,1798,2048,198,2278,1798,2048,208,2278,1798,2048,208,2278,1808,2048,208,2278,1818,2048,198,2278,1818,2048,188,2278,1818,2048,188,2288,1818,2048,198,2288,1818,2048,198,2288,1828,2048,188,2288,1828,2048,188,2298,1828,2048,198,2298,1828,2048,198,2298,1838,2048,188,2298,1838,2048,188,2308,1838,2048,198,2308,1838,2048,198,2308,1848,2048,198,2308,1858,2048,188,2308,1858,2048,188,2318,1858,2048,198,2318,1858,2048,198,2318,1868,2048,188,2318,1868,2048,188,2328,1868,2048,198,2328,1868,2048,198,2328,1878,2048,198,2328,1888,2048,188,2328,1888,2048,188,2338,1888,2048,198,2338,1888,2048,198,2338,1898,2048,188,2338,1898,2048,178,2338,1898,2048,178,2348,1898,2048,188,2348,1898,2048,198,2348,1898,2048,198,2348,1908,2048,198,2348,1918,2048,188,2348,1918,2048,178,2348,1918,2048,178,2358,1918,2048,188,2358,1918,2048,188,2358,1928,2048,178,2358,1928,2048,178,2368,1928,2048,188,2368,1928,2048,188,2368,1938,2048,188,2368,1948,2048,178,2368,1948,2048,178,2378,1948,2048,188,2378,1948,2048,188,2378,1958,2048,178,2378,1958,2048,178,2388,1958,2048,188,2388,1958,2048,188,2388,1968,2048,178,2388,1968,2048
2048,2048,2048,2048,512,256,-68,-372,213,195,12620,4958,1,238,2058,2048,2048,2048,2068,2048,2048,2048,2078,2048,2048,2048,2088,2048,2048,2048,2098,2048,2048,2048,2108,2048,2048,2048,2118,2048,2048,2048,2128,2048,2048,2048,2138,2048,2048,2048,2148,2048,2048,2048,2158,2048,2048,2048,2168,2048,2048,2048,2178,2048,2048,2048,2178,2048,2038,2048,2178,2048,2028,2048,2178,2048,2018,2048,2178,2048,2008,2048,2178,2048,1998,2048,2178,2048,1988,2048,2178,2048,1978,2048,2178,2048,1968,2048,2188,2048,1968,2048,2188,2048,1958,2048,2188,2048,1948,2048,2188,2048,1938,2048,2188,2048,1928,2048,2198,2048,1928,2048,2208,2048,1928,2048,2218,2048,1928,2048,2228,2048,1928,2048,2238,2048,1928,2048,2248,2048,1928,2048,2258,2048,1928,2048,2268,2048,1928,2048,2278,2048,1928,2048,2288,2048,1928,2048,2298,2048,1928,2048,2308,2048,1928,2048,2318,2048,1928,2048,2328,2048,1928,2048,2338,2048,1928,2048,2348,2048,1928,2048,2358,2048,1928,2048,2368,2048,1928,2048,2378,2048,1928,2048,2388,2048,1928,2048,2398,2048,1928,2048,2408,2048,1928,2048,2418,2048,1928,2048,2428,2048,1928,2048,2438,2048,1928,2048,2448,2048,1928,2048,2458,2048,1928,2048,2468,2048,1928,2048,2478,2048,1928,2048,2488,2048,1928,2048,2498,2048,1928,2048,2508,2048,1928,2048,2518,2048,1928,2048,2528,2048,1928,2048,2538,2048,1928,2048,2548,2048,1928,2048,2558,2048,1928,2048,2568,2048,1928,2048,2578,2048,1928,2048,2588,2048,1928,2048,2598,2048,1928,2048,2608,2048,1928,2048,2618,2048,1928,2048,2628,2048,1928,2048,2638,2048,1928,2048,2648,2048,1928,2048,2658,2048,1928,2048,2668,2048,1928,2048,2678,2048,1928,2048,2688,2048,1928,2048,2698,2048,1928,2048,2708,2048,1928,2048,2718,2048,1928,2048,2728,2048,1928,2048,2738,2048,1928,2048,2748,2048,1928,2048,2758,2048,1928,2048,2768,2048,1928,2048,2778,2048,1928,2048,2788,2048,1928,2048,2798,2048,1928,2048,2808,2048,1928,2048,2818,2048,1928,2048,2828,2048,1928,2048,2838,2048,1928,2048,2848,2048,1928,2048,2858,2048,1928,2048,2868,2048,1928,2048,2878,2048,1928,2048,2888,2048,1928,2048,2898,2048,1928,2048,2908,2048,1928,2048,2918,2048,1928,2048,2928,2048,1928,2048,2938,2048,1928,2048,2948,2048,1928,2048,2958,2048,1928,2048,2968,2048,1928,2048,2978,2048,1928,2048,2988,2048,1928,2048,2998,2048,1928,2048,3008,2048,1928,2048,3018,2048,1928,2048,3028,2048,1928,2048,3038,2048,1928,2048,3048,2048,1928,2048,3058,2048,1928,2048,3068,2048,1928,2048,3078,2048,1928,2048,3088,2048,1928,2048,3098,2048,1928,2048,3108,2048,1928,2048,3118,2048,1928,2048,3128,2048,1928,2048,3138,2048,1928,2048,3148,2048,1928,2048,3158,2048,1928,2048,3168,2048,1928,2048,3178,2048,1928,2048,3188,2048,1928,2048,3198,2048,1928,2048,3208,2048,1928,2048,3218,2048,1928,2048,3228,2048,1928,2048,3238,2048,1928,2048,3248,2048,1928,2048,3258,2048,1928,2048,3268,2048,1928,2048,3278,2048,1928,2048,3288,2048,1928,2048,3298,2048,1928,2048,3308,2048,1928,2048,3318,2048,1928,2048,3328,2048,1928,2048,3338,2048,1928,2048,3348,2048,1928,2048,3358,2048,1928,2048,3368,2048,1928,2048,3378,2048,1928,2048,3388,2048,1928,2048,3398,2048,1928,2048,3408,2048,1928,2048,3418,2048,1928,2048,3428,2048,1928,2048,3438,2048,1928,2048,3448,2048,1928,2048,3458,2048,1928,2048,3468,2048,1928,2048,3478,2048,1928,2048,3488,2048,1928,2048,3498,2048,1928,2048,3508,2048,1928,2048,3518,2048,1928,2048,3528,2048,1928,2048,3538,2048,1928,2048,3548,2048,1928,2048,3558,2048,1928,2048,3568,2048,1928,2048,3578,2048,1928,2048,3588,2048,1928,2048,3598,2048,1928,2048,3608,2048,1928,2048,3618,2048,1928,2048,3628,2048,1928,2048,3638,2048,1928,2048,3648,2048,1928,2048,3658,2048,1928,2048,3668,2048,1928,2048,3678,2048,1928,2048,3688,2048,1928,2048,3698,2048,1928,2048,3708,2048,1928,2048,3718,2048,1928,2048,3728,2048,1928,2048,3738,2048,1928,2048,3748,2048,1928,2048,3758,2048,1928,2048,3768,2048,1928,2048,3778,2048,1928,2048,3788,2048,1928,2048,3798,2048,1928,2048,3808,2048,1928,2048,3818,2048,1928,2048,3828,2048,1928,2048,3838,2048,1928,2048,3848,2048,1928,2048,3858,2048,1928,2048,3868,2048,1928,2048,3878,2048,1928,2048,3888,2048,1928,2048,3898,2048,1928,2048,3908,2048,1928,2048,3918,2048,1928,2048,3928,2048,1928,2048,3938,2048,1928,2048,3948,2048,1928,2048,3958,2048,1928,2048,3968,2048,1928,2048,3968,2048,1938,2048,3968,2058,1938,2048,3968,2058,1948,2048,3968,2068,1948,2048,3968,2068,1958,2048,3968,2078,1958,2048,3968,2078,1968,2048,3968,2088,1968,2048,3978,2088,1968,2048,3978,2088,1978,2048,3978,2098,1978,2048,3978,2098,1988,2048,3978,2098,1998,2048,3978,2108,1998,2048,3978,2108,2008,2048,3978,2118,2008,2048,3978,2118,2018,2048,3978,2128,2018,2048,3978,2128,2028,2048,3978,2138,2028,2048,3978,2138,2038,2048,3978,2148,2038,2048,3978,2148,2048,2048,3978,2148,2058,2048,3978,2158,2058,2048,3978,2158,2068,2048,3978,2168,2068,2048,3978,2168,2078,2048,3978,2178,2078,2048,3978,2178,2088,2048,3978,2188,2088,2048,3978,2188,2098,2048,3978,2188,2108,2048,3978,2198,2108,2048
2048,2048,2048,2048,512,256,24,26,74,102,-238472,238472,0,97,2048,2048,2038,2048,2048,2048,2028,2048,2048,2048,2018,2048,2048,2048,2008,2048,2048,2048,1998,2048,2048,2048,1988,2048,2048,2048,1978,2048,2048,2048,1968,2048,2048,2048,1958,2048,2048,2048,1948,2048,2048,2048,1938,2048,2048,2048,1928,2048,2048,2048,1918,2048,2048,2048,1908,2048,2048,2048,1898,2048,2048,2048,1888,2048,2048,2048,1878,2048,2048,2048,1868,2048,2048,2048,1858,2048,2048,2048,1848,2048,2048,2048,1838,2048,2048,2048,1828,2048,2048,2048,1818,2048,2048,2048,1808,2048,2048,2048,1798,2048,2048,2048,1788,2048,2048,2048,1778,2048,2048,2048,1768,2048,2048,2048,1758,2048,2048,2048,1748,2048,2048,2048,1738,2048,2048,2048,1728,2048,2048,2048,1718,2048,2048,2048,1708,2048,2048,2048,1698,2048,2048,2048,1688,2048,2048,2048,1678,2048,2048,2048,1668,2048,2048,2048,1658,2048,2048,2048,1648,2048,2048,2048,1638,2048,2048,2048,1628,2048,2048,2048,1618,2048,2048,2048,1608,2048,2048,2048,1598,2048,2048,2048,1588,2048,2038,2048,1588,2048,2028,2048,1588,2048,2018,2048,1588,2048,2008,2048,1588,2048,1998,2048,1588,2048,1988,2048,1588,2048,1978,2048,1588,2048,1968,2048,1588,2048,1958,2048,1588,2048,1948,2048,1588,2048,1938,2048,1588,2048,1928,2048,1588,2048,1918,2048,1588,2048,1908,2048,1588,2048,1898,2048,1588,2048,1888,2048,1588,2048,1878,2048,1588,2048,1868,2048,1588,2048,1858,2048,1588,2048,1848,2048,1588,2048,1838,2048,1588,2048,1828,2048,1588,2048,1818,2048,1588,2048,1808,2048,1588,2048,1798,2048,1588,2048,1788,2048,1588,2048,1778,2048,1588,2048,1768,2048,1588,2048,1758,2048,1588,2048,1748,2048,1588,2048,1738,2048,1588,2048,1728,2048,1588,2048,1718,2048,1588,2048,1708,2048,1588,2048,1698,2048,1588,2048,1688,2048,1588,2048,1678,2048,1588,2048,1668,2048,1588,2048,1658,2048,1588,2048,1648,2048,1588,2048,1638,2048,1588,2048,1628,2048,1588,2048,1618,2048,1588,2048,1608,2048,1588,2048,1598,2048,1588,2048,1588,2048,1588,2048,1578,2048,1588,2048,1568,2048,1588,2048,1558,2048,1588,2048,1568,2048,1588,2048,1558,2048,1588,2048
2048,2048,2048,2048,512,256,79,-198,171,161,-176093,176093,0,173,2048,2048,2038,2048,2048,2048,2028,2048,2048,2048,2018,2048,2048,2048,2008,2048,2048,2048,1998,2048,2048,2048,1988,2048,2048,2048,1978,2048,2048,2048,1968,2048,2048,2048,1958,2048,2048,2048,1948,2048,2048,2048,1938,2048,2048,2048,1928,2048,2048,2048,1918,2048,2048,2048,1908,2048,2048,2048,1898,2048,2048,2048,1888,2048,2048,2048,1878,2048,2048,2048,1868,2048,2048,2048,1858,2048,2048,2048,1848,2048,2048,2048,1838,2048,2048,2048,1828,2048,2038,2048,1828,2048,2028,2048,1828,2048,2018,2048,1828,2048,2008,2048,1828,2048,1998,2048,1828,2048,1988,2048,1828,2048,1978,2048,1828,2048,1968,2048,1828,2048,1958,2048,1828,2048,1948,2048,1828,2048,1938,2048,1828,2048,1928,2048,1828,2048,1918,2048,1828,2048,1908,2048,1828,2048,1898,2048,1828,2048,1888,2048,1828,2048,1878,2048,1828,2048,1868,2048,1828,2048,1858,2048,1828,2048,1848,2048,1828,2048,1838,2048,1828,2048,1828,2048,1828,2048,1818,2048,1828,2048,1808,2048,1828,2048,1798,2048,1828,2048,1788,2048,1828,2048,1778,2048,1828,2048,1768,2048,1828,2048,1758,2048,1828,2048,1748,2048,1828,2048,1738,2048,1828,2048,1728,2048,1828,2048,1718,2048,1828,2048,1708,2048,1828,2048,1698,2048,1828,2048,1688,2048,1828,2048,1678,2048,1828,2048,1668,2048,1828,2048,1658,2048,1828,2048,1648,2048,1828,2048,1638,2048,1828,2048,1628,2048,1828,2048,1618,2048,1828,2048,1608,2048,1828,2048,1598,2048,1828,2048,1588,2048,1828,2048,1578,2048,1828,2048,1568,2048,1828,2048,1558,2048,1828,2048,1548,2048,1828,2048,1538,2048,1828,2048,1528,2048,1828,2048,1518,2048,1828,2048,1508,2048,1828,2048,1498,2048,1828,2048,1488,2048,1828,2048,1478,2048,1828,2048,1468,2048,1828,2048,1458,2048,1828,2048,1448,2048,1828,2048,1438,2048,1828,2048,1428,2048,1828,2048,1418,2048,1828,2048,1408,2048,1828,2048,1398,2048,1828,2048,1388,2048,1828,2048,1378,2048,1828,2048,1368,2048,1828,2048,1358,2048,1828,2048,1348,2048,1828,2048,1338,2048,1828,2048,1328,2048,1828,2048,1318,2048,1828,2048,1308,2048,1828,2048,1298,2048,1828,2048,1288,2048,1828,2048,1278,2048,1828,2048,1268,2048,1828,2048,1258,2048,1828,2048,1248,2048,1828,2048,1238,2048,1828,2048,1228,2048,1828,2048,1218,2048,1828,2048,1208,2048,1828,2048,1198,2048,1828,2048,1188,2048,1828,2048,1178,2048,1828,2048,1168,2048,1828,2048,1158,2048,1828,2048,1148,2048,1828,2048,1138,2048,1828,2048,1128,2048,1828,2048,1118,2048,1828,2048,1108,2048,1828,2048,1098,2048,1828,2048,1088,2048,1828,2048,1078,2048,1828,2048,1068,2048,1828,2048,1058,2048,1828,2048,1048,2048,1828,2048,1038,2048,1828,2048,1028,2048,1828,2048,1018,2048,1828,2048,1018,2048,1838,2048,1008,2048,1838,2048,998,2048,1838,2048,988,2048,1838,2048,978,2048,1838,2048,968,2048,1838,2048,958,2048,1838,2048,948,2048,1838,2048,938,2048,1838,2048,928,2048,1838,2048,918,2048,1838,2048,908,2048,1838,2048,898,2048,1838,2048,888,2048,1838,2048,878,2048,1838,2048,868,2048,1838,2048,858,2048,1838,2048,848,2048,1838,2048,838,2048,1838,2048,828,2048,1838,2048,818,2048,1838,2048,808,2048,1838,2048,798,2048,1838,2048,788,2048,1838,2048,778,2048,1838,2048,768,2048,1838,2048,758,2048,1838,2048,748,2048,1838,2048,738,2048,1838,2048,728,2048,1838,2048,718,2048,1838,2048,708,2048,1838,2048,698,2048,1838,2048,688,2048,1838,2048,678,2048,1838,2048,668,2048,1838,2048,658,2048,1838,2048,648,2048,1838,2048,638,2048,1838,2048,628,2048,1838,2048,618,2048,1838,2048,608,2048,1838,2048,598,2048,1838,2048,598,2048,1828,2048,588,2048,1828,2048,578,2048,1828,2048,588,2048,1828,2048,578,2048,1828,2048
2048,2048,2048,2048,512,256,268,-192,73,233,12130,2413,1,287,2048,2048,2038,2048,2048,2048,2028,2048,2048,2048,2018,2048,2048,2048,2008,2048,2048,2048,1998,2048,2048,2048,1988,2048,2048,2048,1978,2048,2048,2048,1968,2048,2048,2048,1958,2048,2048,2048,1948,2048,2048,2048,1938,2048,2048,2048,1928,2048,2048,2048,1918,2048,2048,2048,1908,2048,2048,2048,1898,2048,2048,2048,1888,2048,2048,2048,1878,2048,2048,2048,1868,2048,2048,2048,1858,2048,2048,2048,1848,2048,2048,2048,1838,2048,2048,2048,1828,2048,2048,2048,1818,2048,2048,2048,1808,2048,2048,2048,1798,2048,2048,2048,1788,2048,2048,2048,1778,2048,2048,2048,1768,2048,2048,2048,1758,2048,2048,2048,1748,2048,2048,2048,1738,2048,2048,2048,1728,2048,2048,2048,1718,2048,2048,2048,1708,2048,2048,2048,1698,2048,2048,2048,1688,2048,2048,2048,1678,2048,2048,2048,1668,2048,2048,2048,1658,2048,2048,2048,1648,2048,2048,2048,1638,2048,2048,2048,1628,2048,2048,2048,1618,2048,2048,2048,1608,2048,2048,2048,1598,2048,2048,2048,1588,2048,2048,2048,1578,2048,2038,2048,1578,2048,2028,2048,1578,2048,2018,2048,1578,2048,2008,2048,1578,2048,1998,2048,1578,2048,1988,2048,1578,2048,1978,2048,1578,2048,1968,2048,1578,2048,1958,2048,1578,2048,1948,2048,1578,2048,1938,2048,1578,2048,1928,2048,1578,2048,1918,2048,1578,2048,1908,2048,1578,2048,1898,2048,1578,2048,1888,2048,1578,2048,1878,2048,1578,2048,1868,2048,1578,2048,1858,2048,1578,2048,1848,2048,1578,2048,1838,2048,1578,2048,1828,2048,1578,2048,1818,2048,1578,2048,1808,2048,1578,2048,1798,2048,1578,2048,1788,2048,1578,2048,1778,2048,1578,2048,1768,2048,1578,2048,1758,2048,1578,2048,1748,2048,1578,2048,1738,2048,1578,2048,1728,2048,1578,2048,1718,2048,1578,2048,1708,2048,1578,2048,1698,2048,1578,2048,1688,2048,1578,2048,1678,2048,1578,2048,1668,2048,1578,2048,1658,2048,1578,2048,1648,2048,1578,2048,1638,2048,1578,2048,1628,2048,1578,2048,1618,2048,1578,2048,1608,2048,1578,2048,1598,2048,1578,2048,1588,2048,1578,2048,1578,2048,1578,2048,1568,2048,1578,2048,1558,2048,1578,2048,1548,2048,1578,2048,1538,2048,1578,2048,1528,2048,1578,2048,1518,2048,1578,2048,1508,2048,1578,2048,1498,2048,1578,2048,1488,2048,1578,2048,1478,2048,1578,2048,1468,2048,1578,2048,1458,2048,1578,2048,1448,2048,1578,2048,1438,2048,1578,2048,1428,2048,1578,2048,1418,2048,1578,2048,1408,2048,1578,2048,1398,2048,1578,2048,1388,2048,1578,2048,1378,2048,1578,2048,1368,2048,1578,2048,1358,2048,1578,2048,1348,2048,1578,2048,1338,2048,1578,2048,1328,2048,1578,2048,1318,2048,1578,2048,1308,2048,1578,2048,1298,2048,1578,2048,1288,2048,1578,2048,1278,2048,1578,2048,1268,2048,1578,2048,1258,2048,1578,2048,1248,2048,1578,2048,1238,2048,1578,2048,1228,2048,1578,2048,1218,2048,1578,2048,1208,2048,1578,2048,1198,2048,1578,2048,1188,2048,1578,2048,1178,2048,1578,2048,1168,2048,1578,2048,1158,2048,1578,2048,1148,2048,1578,2048,1138,2048,1578,2048,1128,2048,1578,2048,1118,2048,1578,2048,1108,2048,1578,2048,1098,2048,1578,2048,1088,2048,1578,2048,1078,2048,1578,2048,1068,2048,1578,2048,1058,2048,1578,2048,1048,2048,1578,2048,1038,2048,1578,2048,1028,2048,1578,2048,1018,2048,1578,2048,1018,2048,1588,2048,1008,2048,1588,2048,998,2048,1588,2048,988,2048,1588,2048,978,2048,1588,2048,968,2048,1588,2048,958,2048,1588,2048,948,2048,1588,2048,938,2048,1588,2048,928,2048,1588,2048,918,2048,1588,2048,908,2048,1588,2048,898,2048,1588,2048,888,2048,1588,2048,878,2048,1588,2048,878,2058,1588,2048,888,2058,1588,2048,898,2058,1588,2048,898,2058,1598,2048,888,2058,1598,2048,878,2058,1598,2048,868,2058,1598,2048,858,2058,1598,2048,858,2068,1598,2048,868,2068,1598,2048,878,2068,1598,2048,878,2068,1608,2048,878,2068,1618,2048,868,2068,1618,2048,858,2068,1618,2048,848,2068,1618,2048,838,2068,1618,2048,828,2068,1618,2048,818,2068,1618,2048,818,2078,1618,2048,828,2078,1618,2048,828,2078,1628,2048,818,2078,1628,2048,808,2078,1628,2048,798,2078,1628,2048,798,2088,1628,2048,808,2088,1628,2048,818,2088,1628,2048,818,2088,1638,2048,808,2088,1638,2048,798,2088,1638,2048,788,2088,1638,2048,788,2098,1638,2048,798,2098,1638,2048,798,2098,1648,2048,788,2098,1648,2048,778,2098,1648,2048,778,2108,1648,2048,788,2108,1648,2048,788,2108,1658,2048,788,2108,1668,2048,778,2108,1668,2048,768,2108,1668,2048,758,2108,1668,2048,748,2108,1668,2048,748,2118,1668,2048,758,2118,1668,2048,758,2118,1678,2048,748,2118,1678,2048,738,2118,1678,2048,738,2128,1678,2048,748,2128,1678,2048,748,2128,1688,2048,738,2128,1688,2048,728,2128,1688,2048,728,2138,1688,2048,738,2138,1688,2048,738,2138,1698,2048,738,2138,1708,2048,728,2138,1708,2048,718,2138,1708,2048,708,2138,1708,2048,708,2148,1708,2048,718,2148,1708,2048,718,2148,1718,2048,708,2148,1718,2048,698,2148,1718,2048,698,2158,1718,2048,708,2158,1718,2048,708,2158,1728,2048,698,2158,1728,2048,688,2158,1728,2048,688,2168,1728,2048,698,2168,1728,2048,708,2168,1728,2048,708,2168,1738,2048,698,2168,1738,2048,688,2168,1738,2048,678,2168,1738,2048,678,2178,1738,2048,688,2178,1738,2048,698,2178,1738,2048,698,2178,1748,2048,698,2178,1758,2048,688,2178,1758,2048,678,2178,1758,2048,668,2178,1758,2048,668,2188,1758,2048,678,2188,1758,2048,678,2188,1768,2048,668,2188,1768,2048,658,2188,1768,2048,658,2198,1768,2048,668,2198,1768,2048,668,2198,1778,2048,658,2198,1778,2048,648,2198,1778,2048,648,2208,1778,2048,658,2208,1778,2048,668,2208,1778,2048,668,2208,1788,2048,668,2208,1798,2048,658,2208,1798,2048,648,2208,1798,2048,638,2208,1798,2048,638,2218,1798,2048,648,2218,1798,2048,648,2218,1808,2048,638,2218,1808,2048,628,2218,1808,2048,628,2228,1808,2048,638,2228,1808,2048,648,2228,1808,2048,648,2228,1818,2048,638,2228,1818,2048,628,2228,1818,2048,628,2238,1818,2048,638,2238,1818,2048,638,2238,1828,2048,638,2238,1838,2048,628,2238,1838,2048,618,2238,1838,2048
2048,2048,2048,2048,512,256,-358,-135,51,1126,-245959,245959,0,1500,2058,2048,2048,2048,2068,2048,2048,2048,2078,2048,2048,2048,2088,2048,2048,2048,2098,2048,2048,2048,2108,2048,2048,2048,2118,2048,2048,2048,2128,2048,2048,2048,2138,2048,2048,2048,2148,2048,2048,2048,2158,2048,2048,2048,2168,2048,2048,2048,2178,2048,2048,2048,2188,2048,2048,2048,2198,2048,2048,2048,2208,2048,2048,2048,2218,2048,2048,2048,2228,2048,2048,2048,2238,2048,2048,2048,2248,2048,2048,2048,2258,2048,2048,2048,2268,2048,2048,2048,2278,2048,2048,2048,2288,2048,2048,2048,2298,2048,2048,2048,2308,2048,2048,2048,2318,2048,2048,2048,2328,2048,2048,2048,2338,2048,2048,2048,2348,2048,2048,2048,2358,2048,2048,2048,2368,2048,2048,2048,2378,2048,2048,2048,2388,2048,2048,2048,2398,2048,2048,2048,2408,2048,2048,2048,2418,2048,2048,2048,2428,2048,2048,2048,2438,2048,2048,2048,2448,2048,2048,2048,2458,2048,2048,2048,2468,2048,2048,2048,2478,2048,2048,2048,2488,2048,2048,2048,2498,2048,2048,2048,2508,2048,2048,2048,2508,2048,2048,2038,2518,2048,2048,2038,2518,2048,2048,2028,2528,2048,2048,2028,2528,2048,2048,2018,2528,2048,2048,2008,2538,2048,2048,2008,2538,2048,2048,1998,2548,2048,2048,1998,2548,2048,2048,1988,2548,2048,2048,1978,2558,2048,2048,1978,2558,2048,2048,1968,2558,2048,2048,1958,2568,2048,2048,1958,2568,2048,2048,1948,2578,2048,2048,1948,2578,2048,2048,1938,2578,2048,2048,1928,2588,2048,2048,1928,2588,2048,2048,1918,2588,2048,2048,1908,2598,2048,2048,1908,2598,2048,2048,1898,2598,2048,2048,1888,2608,2048,2048,1888,2608,2048,2048,1878,2608,2048,2048,1868,2618,2048,2048,1868,2618,2048,2048,1858,2618,2048,2048,1848,2628,2048,2048,1848,2628,2048,2048,1838,2638,2048,2048,1838,2638,2048,2048,1828,2638,2048,2048,1818,2648,2048,2048,1818,2648,2048,2048,1808,2648,2048,2048,1798,2658,2048,2048,1798,2658,2048,2048,1788,2658,2048,2048,1778,2668,2048,2048,1778,2668,2048,2048,1768,2668,2048,2048,1758,2668,2048,2048,1748,2678,2048,2048,1748,2678,2048,2048,1738,2678,2048,2048,1728,2688,2048,2048,1728,2688,2048,2048,1718,2688,2048,2048,1708,2698,2048,2048,1708,2698,2048,2048,1698,2698,2048,2048,1688,2708,2048,2048,1688,2708,2048,2048,1678,2708,2048,2048,1668,2718,2048,2048,1668,2718,2048,2048,1658,2718,2048,2048,1648,2718,2048,2048,1638,2728,2048,2048,1638,2728,2048,2048,1628,2728,2048,2048,1618,2738,2048,2048,1618,2738,2048,2048,1608,2738,2048,2048,1598,2748,2048,2048,1598,2748,2048,2048,1588,2748,2048,2048,1578,2748,2048,2048,1568,2758,2048,2048,1568,2758,2048,2048,1558,2758,2048,2048,1548,2768,2048,2048,1548,2768,2048,2048,1538,2768,2048,2048,1528,2768,2048,2048,1518,2778,2048,2048,1518,2778,2048,2048,1508,2778,2048,2048,1498,2788,2048,2048,1498,2788,2048,2048,1488,2788,2048,2048,1478,2788,2048,2048,1468,2798,2048,2048,1468,2798,2048,2048,1458,2798,2048,2048,1448,2808,2048,2048,1448,2808,2048,2048,1438,2808,2048,2048,1428,2808,2048,2048,1418,2818,2048,2048,1418,2818,2048,2048,1408,2818,2048,2048,1398,2818,2048,2048,1388,2828,2048,2048,1388,2828,2048,2048,1378,2828,2048,2048,1368,2838,2048,2048,1368,2838,2048,2048,1358,2838,2048,2048,1348,2838,2048,2048,1338,2848,2048,2048,1338,2848,2048,2048,1328,2848,2048,2048,1318,2848,2048,2048,1308,2858,2048,2048,1308,2858,2048,2048,1298,2858,2048,2048,1288,2868,2048,2048,1288,2868,2048,2048,1278,2868,2048,2048,1268,2868,2048,2048,1258,2878,2048,2048,1258,2878,2048,2048,1248,2878,2048,2048,1238,2878,2048,2048,1228,2888,2048,2048,1228,2888,2058,2048,1228,2898,2058,2048,1228,2898,2068,2048,1228,2908,2068,2048,1228,2908,2078,2048,1228,2918,2078,2048,1228,2918,2088,2048,1228,2928,2088,2048,1228,2928,2098,2048,1228,2938,2098,2048,1228,2938,2108,2048,1228,2948,2108,2048,1228,2958,2108,2048,1228,2958,2118,2048,1228,2968,2118,2048,1228,2968,2128,2048,1228,2978,2128,2048,1228,2978,2138,2048,1228,2988,2138,2048,1228,2988,2148,2048,1228,2998,2148,2048,1228,2998,2158,2048,1228,3008,2158,2048,1228,3008,2168,2048,1228,3018,2168,2048,1228,3018,2178,2048,1228,3028,2178,2048,1228,3038,2178,2048,1228,3038,2188,2048,1228,3048,2188,2048,1228,3048,2198,2048,1228,3058,2198,2048,1228,3058,2208,2048,1228,3068,2208,2048,1228,3068,2218,2048,1228,3078,2218,2048,1228,3078,2228,2048,1228,3088,2228,2048,1228,3088,2238,2048,1228,3088,2238,2058,1228,3098,2238,2058,1228,3108,2238,2058,1228,3108,2248,2058,1228,3108,2248,2068,1228,3118,2248,2068,1228,3118,2258,2068,1228,3118,2258,2078,1228,3118,2258,2088,1228,3128,2258,2088,1228,3138,2258,2088,1228,3138,2268,2088,1228,3138,2268,2098,1228,3138,2268,2108,1228,3148,2268,2108,1228,3148,2278,2108,1228,3148,2278,2118,1228,3158,2278,2118,1228,3168,2278,2118,1228,3168,2288,2118,1228,3168,2288,2128,1228,3168,2288,2138,1228,3178,2288,2138,1228,3178,2298,2138,1228,3178,2298,2148,1228,3188,2298,2148,1228,3198,2298,2148,1228,3198,2308,2148,1228,3198,2308,2158,1228,3198,2308,2168,1228,3208,2308,2168,1228,3208,2318,2168,1228,3208,2318,2178,1228,3208,2318,2188,1228,3218,2318,2188,1228,3228,2318,2188,1228,3228,2328,2188,1228,3228,2328,2198,1228,3238,2328,2198,1228,3238,2338,2198,1228,3238,2338,2208,1228,3238,2338,2218,1228,3248,2338,2218,1228,3258,2338,2218,1228,3258,2348,2218,1228,3258,2348,2228,1228,3258,2348,2238,1228,3268,2348,2238,1228,3268,2358,2238,1228,3268,2358,2248,1228,3278,2358,2248,1228,3288,2358,2248,1228,3288,2368,2248,1228,3288,2368,2258,1228,3288,2368,2268,1228,3298,2368,2268,1228,3298,2378,2268,1228,3298,2378,2278,1228,3298,2378,2288,1228,3308,2378,2288,1228,3318,2378,2288,1228,3318,2388,2288,1228,3318,2388,2298,1228,3328,2388,2298,1228,3328,2398,2298,1228,3328,2398,2308,1228,3328,2398,2318,1228,3338,2398,2318,1228,3348,2398,2318,1228,3348,2408,2318,1228,3348,2408,2328,1228,3348,2408,2338,1228,3358,2408,2338,1228,3358,2418,2338,1228,3358,2418,2348,1228,3358,2418,2358,1228,3368,2418,2358,1228,3378,2418,2358,1228,3378,2428,2358,1228,3378,2428,2368,1228,3388,2428,2368,1228,3388,2438,2368,1228,3378,2438,2368,1228,3378,2438,2378,1228,3378,2438,2388,1228,3388,2438,2388,1228,3398,2438,2388,1228,3408,2438,2388,1228,3408,2448,2388,1228,3398,2448,2388,1228,3388,2448,2388,1228,3378,2448,2388,1228,3378,2448,2398,1228,3378,2448,2408,1228,3388,2448,2408,1228,3398,2448,2408,1228,3408,2448,2408,1228,3418,2448,2408,1228,3418,2458,2408,1228,3408,2458,2408,1228,3398,2458,2408,1228,3388,2458,2408,1228,3378,2458,2408,1228,3368,2458,2408,1228,3368,2458,2418,1228,3378,2458,2418,1228,3388,2458,2418,1228,3398,2458,2418,1228,3408,2458,2418,1228,3418,2458,2418,1228,3428,2458,2418,1228,3428,2468,2418,1228,3418,2468,2418,1228,3408,2468,2418,1228,3398,2468,2418,1228,3388,2468,2418,1228,3378,2468,2418,1228,3368,2468,2418,1228,3368,2468,2428,1228,3368,2468,2438,1228,3378,2468,2438,1228,3388,2468,2438,1228,3398,2468,2438,1228,3408,2468,2438,1228,3418,2468,2438,1228,3428,2468,2438,1228,3438,2468,2438,1228,3448,2468,2438,1228,3448,2478,2438,1228,3438,2478,2438,1228,3428,2478,2438,1228,3418,2478,2438,1228,3408,2478,2438,1228,3398,2478,2438,1228,3388,2478,2438,1228,3378,2478,2438,1228,3368,2478,2438,1228,3368,2478,2448,1228,3368,2478,2458,1228,3378,2478,2458,1228,3388,2478,2458,1228,3398,2478,2458,1228,3408,2478,2458,1228,3418,2478,2458,1228,3428,2478,2458,1228,3438,2478,2458,1228,3448,2478,2458,1228,3458,2478,2458,1228,3468,2478,2458,1228,3468,2488,2458,1228,3458,2488,2458,1228,3448,2488,2458,1228,3438,2488,2458,1228,3428,2488,2458,1228,3418,2488,2458,1228,3408,2488,2458,1228,3398,2488,2458,1228,3388,2488,2458,1228,3378,2488,2458,1228,3368,2488,2458,1228,3358,2488,2458,1228,3358,2488,2468,1228,3368,2488,2468,1228,3378,2488,2468,1228,3388,2488,2468,1228,3398,2488,2468,1228,3408,2488,2468,1228,3418,2488,2468,1228,3428,2488,2468,1228,3438,2488,2468,1228,3448,2488,2468,1228,3458,2488,2468,1228,3468,2488,2468,1228,3478,2488,2468,1228,3478,2498,2468,1228,3468,2498,2468,1228,3458,2498,2468,1228,3448,2498,2468,1228,3438,2498,2468,1228,3428,2498,2468,1228,3418,2498,2468,1228,3408,2498,2468,1228,3398,2498,2468,1228,3388,2498,2468,1228,3378,2498,2468,1228,3368,2498,2468,1228,3358,2498,2468,1228,3358,2498,2478,1228,3358,2498,2488,1228,3368,2498,2488,1228,3378,2498,2488,1228,3388,2498,2488,1228,3398,2498,2488,1228,3408,2498,2488,1228,3418,2498,2488,1228,3428,2498,2488,1228,3438,2498,2488,1228,3448,2498,2488,1228,3458,2498,2488,1228,3468,2498,2488,1228,3478,2498,2488,1228,3488,2498,2488,1228,3498,2498,2488,1228,3498,2508,2488,1228,3488,2508,2488,1228,3478,2508,2488,1228,3468,2508,2488,1228,3458,2508,2488,1228,3448,2508,2488,1228,3438,2508,2488,1228,3428,2508,2488,1228,3418,2508,2488,1228,3408,2508,2488,1228,3398,2508,2488,1228,3388,2508,2488,1228,3378,2508,2488,1228,3368,2508,2488,1228,3358,2508,2488,1228,3358,2508,2498,1228,3358,2508,2508,1228,3368,2508,2508,1228,3378,2508,2508,1228,3388,2508,2508,1228,3398,2508,2508,1228,3408,2508,2508,1228,3418,2508,2508,1228,3428,2508,2508,1228,3438,2508,2508,1228,3448,2508,2508,1228,3458,2508,2508,1228,3468,2508,2508,1228,3478,2508,2508,1228,3488,2508,2508,1228,3498,2508,2508,1228,3508,2508,2508,1228,3508,2518,2508,1228,3498,2518,2508,1228,3488,2518,2508,1228,3478,2518,2508,1228,3468,2518,2508,1228,3458,2518,2508,1228,3448,2518,2508,1228,3438,2518,2508,1228,3428,2518,2508,1228,3418,2518,2508,1228,3408,2518,2508,1228,3398,2518,2508,1228,3388,2518,2508,1228,3378,2518,2508,1228,3368,2518,2508,1228,3358,2518,2508,1228,3358,2518,2518,1228,3368,2518,2518,1228,3378,2518,2518,1228,3388,2518,2518,1228,3398,2518,2518,1228,3408,2518,2518,1228,3418,2518,2518,1228,3428,2518,2518,1228,3438,2518,2518,1228,3448,2518,2518,1228,3458,2518,2518,1228,3468,2518,2518,1228,3478,2518,2518,1228,3488,2518,2518,1228,3498,2518,2518,1228,3508,2518,2518,1228,3518,2518,2518,1228,3518,2528,2518,1228,3508,2528,2518,1228,3498,2528,2518,1228,3488,2528,2518,1228,3478,2528,2518,1228,3468,2528,2518,1228,3458,2528,2518,1228,3448,2528,2518,1228,3438,2528,2518,1228,3428,2528,2518,1228,3418,2528,2518,1228,3408,2528,2518,1228,3398,2528,2518,1228,3388,2528,2518,1228,3378,2528,2518,1228,3368,2528,2518,1228,3358,2528,2518,1228,3358,2528,2528,1228,3348,2528,2528,1228,3348,2528,2538,1228,3358,2528,2538,1228,3368,2528,2538,1228,3378,2528,2538,1228,3388,2528,2538,1228,3398,2528,2538,1228,3408,2528,2538,1228,3418,2528,2538,1228,3428,2528,2538,1228,3438,2528,2538,1228,3448,2528,2538,1228,3458,2528,2538,1228,3468,2528,2538,1228,3478,2528,2538,1228,3488,2528,2538,1228,3498,2528,2538,1228,3508,2528,2538,1228,3518,2528,2538,1228,3528,2528,2538,1228,3538,2528,2538,1228,3538,2538,2538,1228,3528,2538,2538,1228,3518,2538,2538,1228,3508,2538,2538,1228,3498,2538,2538,1228,3488,2538,2538,1228,3478,2538,2538,1228,3468,2538,2538,1228,3458,2538,2538,1228,3448,2538,2538,1228,3438,2538,2538,1228,3428,2538,2538,1228,3418,2538,2538,1228,3408,2538,2538,1228,3398,2538,2538,1228,3388,2538,2538,1228,3378,2538,2538,1228,3368,2538,2538,1228,3358,2538,2538,1228,3348,2538,2538,1228,3348,2538,2548,1228,3348,2538,2558,1228,3358,2538,2558,1228,3368,2538,2558,1228,3378,2538,2558,1228,3388,2538,2558,1228,3398,2538,2558,1228,3408,2538,2558,1228,3418,2538,2558,1228,3428,2538,2558,1228,3438,2538,2558,1228,3448,2538,2558,1228,3458,2538,2558,1228,3468,2538,2558,1228,3478,2538,2558,1228,3488,2538,2558,1228,3498,2538,2558,1228,3508,2538,2558,1228,3518,2538,2558,1228,3528,2538,2558,1228,3538,2538,2558,1228,3548,2538,2558,1228,3558,2538,2558,1228,3558,2548,2558,1228,3548,2548,2558,1228,3538,2548,2558,1228,3528,2548,2558,1228,3518,2548,2558,1228,3508,2548,2558,1228,3498,2548,2558,1228,3488,2548,2558,1228,3478,2548,2558,1228,3468,2548,2558,1228,3458,2548,2558,1228,3448,2548,2558,1228,3438,2548,2558,1228,3428,2548,2558,1228,3418,2548,2558,1228,3408,2548,2558,1228,3398,2548,2558,1228,3388,2548,2558,1228,3378,2548,2558,1228,3368,2548,2558,1228,3358,2548,2558,1228,3348,2548,2558,1228,3348,2548,2568,1228,3358,2548,2568,1228,3368,2548,2568,1228,3378,2548,2568,1228,3388,2548,2568,1228,3398,2548,2568,1228,3408,2548,2568,1228,3418,2548,2568,1228,3428,2548,2568,1228,3438,2548,2568,1228,3448,2548,2568,1228,3458,2548,2568,1228,3468,2548,2568,1228,3478,2548,2568,1228,3488,2548,2568,1228,3498,2548,2568,1228,3508,2548,2568,1228,3518,2548,2568,1228,3528,2548,2568,1228,3538,2548,2568,1228,3548,2548,2568,1228,3558,2548,2568,1228,3568,2548,2568,1228,3568,2558,2568,1228,3558,2558,2568,1228,3548,2558,2568,1228,3538,2558,2568,1228,3528,2558,2568,1228,3518,2558,2568,1228,3508,2558,2568,1228,3498,2558,2568,1228,3488,2558,2568,1228,3478,2558,2568,1228,3468,2558,2568,1228,3458,2558,2568,1228,3448,2558,2568,1228,3438,2558,2568,1228,3428,2558,2568,1228,3418,2558,2568,1228,3408,2558,2568,1228,3398,2558,2568,1228,3388,2558,2568,1228,3378,2558,2568,1228,3368,2558,2568,1228,3358,2558,2568,1228,3348,2558,2568,1228,3348,2558,2578,1228,3348,2558,2588,1228,3358,2558,2588,1228,3368,2558,2588,1228,3378,2558,2588,1228,3388,2558,2588,1228,3398,2558,2588,1228,3408,2558,2588,1228,3418,2558,2588,1228,3428,2558,2588,1228,3438,2558,2588,1228,3448,2558,2588,1228,3458,2558,2588,1228,3468,2558,2588,1228,3478,2558,2588,1228,3488,2558,2588,1228,3498,2558,2588,1228,3508,2558,2588,1228,3518,2558,2588,1228,3528,2558,2588,1228,3538,2558,2588,1228,3548,2558,2588,1228,3558,2558,2588,1228,3568,2558,2588,1228,3578,2558,2588,1228,3578,2568,2588,1228,3568,2568,2588,1228,3558,2568,2588,1228,3548,2568,2588,1228,3538,2568,2588,1228,3528,2568,2588,1228,3518,2568,2588,1228,3508,2568,2588,1228,3498,2568,2588,1228,3488,2568,2588,1228,3478,2568,2588,1228,3468,2568,2588,1228,3458,2568,2588,1228,3448,2568,2588,1228,3438,2568,2588,1228,3428,2568,2588,1228,3418,2568,2588,1228,3408,2568,2588,1228,3398,2568,2588,1228,3388,2568,2588,1228,3378,2568,2588,1228,3368,2568,2588,1228,3358,2568,2588,1228,3348,2568,2588,1228,3348,2568,2598,1228,3338,2568,2598,1228,3338,2568,2608,1228,3348,2568,2608,1228,3358,2568,2608,1228,3368,2568,2608,1228,3378,2568,2608,1228,3388,2568,2608,1228,3398,2568,2608,1228,3408,2568,2608,1228,3418,2568,2608,1228,3428,2568,2608,1228,3438,2568,2608,1228,3448,2568,2608,1228,3458,2568,2608,1228,3468,2568,2608,1228,3478,2568,2608,1228,3488,2568,2608,1228,3498,2568,2608,1228,3508,2568,2608,1228,3518,2568,2608,1228,3528,2568,2608,1228,3538,2568,2608,1228,3548,2568,2608,1228,3558,2568,2608,1228,3568,2568,2608,1228,3578,2568,2608,1228,3588,2568,2608,1228,3598,2568,2608,1228,3598,2578,2608,1228,3588,2578,2608,1228,3578,2578,2608,1228,3568,2578,2608,1228,3558,2578,2608,1228,3548,2578,2608,1228,3538,2578,2608,1228,3528,2578,2608,1228,3518,2578,2608,1228,3508,2578,2608,1228,3498,2578,2608,1228,3488,2578,2608,1228,3478,2578,2608,1228,3468,2578,2608,1228,3458,2578,2608,1228,3448,2578,2608,1228,3438,2578,2608,1228,3428,2578,2608,1228,3418,2578,2608,1228,3408,2578,2608,1228,3398,2578,2608,1228,3388,2578,2608,1228,3378,2578,2608,1228,3368,2578,2608,1228,3358,2578,2608,1228,3348,2578,2608,1228,3338,2578,2608,1228,3338,2578,2618,1228,3338,2578,2628,1228,3348,2578,2628,1228,3358,2578,2628,1228,3368,2578,2628,1228,3378,2578,2628,1228,3388,2578,2628,1228,3398,2578,2628,1228,3408,2578,2628,1228,3418,2578,2628,1228,3428,2578,2628,1228,3438,2578,2628,1228,3448,2578,2628,1228,3458,2578,2628,1228,3468,2578,2628,1228,3478,2578,2628,1228,3488,2578,2628,1228,3498,2578,2628,1228,3508,2578,2628,1228,3518,2578,2628,1228,3528,2578,2628,1228,3538,2578,2628,1228,3548,2578,2628,1228,3558,2578,2628,1228,3568,2578,2628,1228,3578,2578,2628,1228,3588,2578,2628,1228,3598,2578,2628,1228,3608,2578,2628,1228,3618,2578,2628,1228,3618,2588,2628,1228,3608,2588,2628,1228,3598,2588,2628,1228,3588,2588,2628,1228,3578,2588,2628,1228,3568,2588,2628,1228,3558,2588,2628,1228,3548,2588,2628,1228,3538,2588,2628,1228,3528,2588,2628,1228,3518,2588,2628,1228,3508,2588,2628,1228,3498,2588,2628,1228,3488,2588,2628,1228,3478,2588,2628,1228,3468,2588,2628,1228,3458,2588,2628,1228,3448,2588,2628,1228,3438,2588,2628,1228,3428,2588,2628,1228,3418,2588,2628,1228,3408,2588,2628,1228,3398,2588,2628,1228,3388,2588,2628,1228,3378,2588,2628,1228,3368,2588,2628,1228,3358,2588,2628,1228,3348,2588,2628,1228,3338,2588,2628,1228,3338,2588,2638,1228,3348,2588,2638,1228,3358,2588,2638,1228,3368,2588,2638,1228,3378,2588,2638,1228,3388,2588,2638,1228,3398,2588,2638,1228,3408,2588,2638,1228,3418,2588,2638,1228,3428,2588,2638,1228,3438,2588,2638,1228,3448,2588,2638,1228,3458,2588,2638,1228,3468,2588,2638,1228,3478,2588,2638,1228,3488,2588,2638,1228,3498,2588,2638,1228,3508,2588,2638,1228,3518,2588,2638,1228,3528,2588,2638,1228,3538,2588,2638,1228,3548,2588,2638,1228,3558,2588,2638,1228,3568,2588,2638,1228,3578,2588,2638,1228,3588,2588,2638,1228,3598,2588,2638,1228,3608,2588,2638,1228,3618,2588,2638,1228,3628,2588,2638,1228,3628,2598,2638,1228,3618,2598,2638,1228,3608,2598,2638,1228,3598,2598,2638,1228,3588,2598,2638,1228,3578,2598,2638,1228,3568,2598,2638,1228,3558,2598,2638,1228,3548,2598,2638,1228,3538,2598,2638,1228,3528,2598,2638,1228,3518,2598,2638,1228,3508,2598,2638,1228,3498,2598,2638,1228,3488,2598,2638,1228,3478,2598,2638,1228,3468,2598,2638,1228,3458,2598,2638,1228,3448,2598,2638,1228,3438,2598,2638,1228,3428,2598,2638,1228,3418,2598,2638,1228,3408,2598,2638,1228,3398,2598,2638,1228,3388,2598,2638,1228,3378,2598,2638,1228,3368,2598,2638,1228,3358,2598,2638,1228,3348,2598,2638,1228,3338,2598,2638,1228,3338,2598,2648,1228,3338,2598,2658,1228,3348,2598,2658,1228,3358,2598,2658,1228,3368,2598,2658,1228,3378,2598,2658,1228,3388,2598,2658,1228,3398,2598,2658,1228,3408,2598,2658,1228,3418,2598,2658,1228,3428,2598,2658,1228,3438,2598,2658,1228,3448,2598,2658,1228,3458,2598,2658,1228,3468,2598,2658,1228,3478,2598,2658,1228,3488,2598,2658,1228,3498,2598,2658,1228,3508,2598,2658,1228,3518,2598,2658,1228,3528,2598,2658,1228,3538,2598,2658,1228,3548,2598,2658,1228,3558,2598,2658,1228,3568,2598,2658,1228,3578,2598,2658,1228,3588,2598,2658,1228,3598,2598,2658,1228,3608,2598,2658,1228,3618,2598,2658,1228,3628,2598,2658,1228,3638,2598,2658,1228,3638,2608,2658,1228,3628,2608,2658,1228,3618,2608,2658,1228,3608,2608,2658,1228,3598,2608,2658,1228,3588,2608,2658,1228,3578,2608,2658,1228,3568,2608,2658,1228,3558,2608,2658,1228,3548,2608,2658,1228,3538,2608,2658,1228,3528,2608,2658,1228,3518,2608,2658,1228,3508,2608,2658,1228,3498,2608,2658,1228,3488,2608,2658,1228,3478,2608,2658,1228,3468,2608,2658,1228,3458,2608,2658,1228,3448,2608,2658,1228,3438,2608,2658,1228,3428,2608,2658,1228,3418,2608,2658,1228,3408,2608,2658,1228,3398,2608,2658,1228,3388,2608,2658,1228,3378,2608,2658,1228,3368,2608,2658,1228,3358,2608,2658,1228,3348,2608,2658,1228,3338,2608,2658,1228,3338,2608,2668,1228,3328,2608,2668,1228,3328,2608,2678,1228,3338,2608,2678,1228,3348,2608,2678,1228,3358,2608,2678,1228,3368,2608,2678,1228,3378,2608,2678,1228,3388,2608,2678,1228,3398,2608,2678,1228,3408,2608,2678,1228,3418,2608,2678,1228,3428,2608,2678,1228,3438,2608,2678,1228,3448,2608,2678,1228,3458,2608,2678,1228,3468,2608,2678,1228,3478,2608,2678,1228,3488,2608,2678,1228,3498,2608,2678,1228,3508,2608,2678,1228,3518,2608,2678,1228,3528,2608,2678,1228,3538,2608,2678,1228,3548,2608,2678,1228,3558,2608,2678,1228,3568,2608,2678,1228,3578,2608,2678,1228,3588,2608,2678,1228,3598,2608,2678,1228,3608,2608,2678,1228,3618,2608,2678,1228,3628,2608,2678,1228,3638,2608,2678,1228,3648,2608,2678,1228,3658,2608,2678,1228,3658,2618,2678,1228,3648,2618,2678,1228,3638,2618,2678,1228,3628,2618,2678,1228,3618,2618,2678,1228,3608,2618,2678,1228,3598,2618,2678,1228,3588,2618,2678,1228,3578,2618,2678,1228,3568,2618,2678,1228,3558,2618,2678,1228,3548,2618,2678,1228,3538,2618,2678,1228,3528,2618,2678,1228,3518,2618,2678,1228,3508,2618,2678,1228,3498,2618,2678,1228,3488,2618,2678,1228,3478,2618,2678,1228,3468,2618,2678,1228,3458,2618,2678,1228,3448,2618,2678,1228,3438,2618,2678,1228,3428,2618,2678,1228,3418,2618,2678,1228,3408,2618,2678,1228,3398,2618,2678,1228,3388,2618,2678,1228,3378,2618,2678,1228,3368,2618,2678,1228,3358,2618,2678,1228,3348,2618,2678,1228,3338,2618,2678,1228,3328,2618,2678,1228,3328,2618,2688,1228,3338,2618,2688,1228,3348,2618,2688,1228,3358,2618,2688,1228,3368,2618,2688,1228,3378,2618,2688,1228,3388,2618,2688,1228,3398,2618,2688,1228,3408,2618,2688,1228,3418,2618,2688,1228,3428,2618,2688,1228,3438,2618,2688,1228,3448,2618,2688,1228,3458,2618,2688,1228,3468,2618,2688,1228,3478,2618,2688,1228,3488,2618,2688,1228,3498,2618,2688,1228,3508,2618,2688,1228,3518,2618,2688,1228,3528,2618,2688,1228,3538,2618,2688,1228,3548,2618,2688,1228,3558,2618,2688,1228,3568,2618,2688,1228,3578,2618,2688,1228,3588,2618,2688,1228,3598,2618,2688,1228,3608,2618,2688,1228,3618,2618,2688,1228,3628,2618,2688,1228,3638,2618,2688,1228,3648,2618,2688,1228,3658,2618,2688,1228,3668,2618,2688,1228,3668,2628,2688,1228,3658,2628,2688,1228,3648,2628,2688,1228,3638,2628,2688,1228,3628,2628,2688,1228,3618,2628,2688,1228,3608,2628,2688,1228,3598,2628,2688,1228,3588,2628,2688,1228,3578,2628,2688,1228,3568,2628,2688,1228,3558,2628,2688,1228,3548,2628,2688,1228,3538,2628,2688,1228,3528,2628,2688,1228,3518,2628,2688,1228,3508,2628,2688,1228,3498,2628,2688,1228,3488,2628,2688,1228,3478,2628,2688,1228,3468,2628,2688,1228,3458,2628,2688,1228,3448,2628,2688,1228,3438,2628,2688,1228,3428,2628,2688,1228,3418,2628,2688,1228,3408,2628,2688,1228,3398,2628,2688,1228,3388,2628,2688,1228,3378,2628,2688,1228,3368,2628,2688,1228,3358,2628,2688,1228,3348,2628,2688,1228,3338,2628,2688,1228,3328,2628,2688,1228,3328,2628,2698,1228,3328,2628,2708,1228,3338,2628,2708,1228,3348,2628,2708,1228,3358,2628,2708,1228,3368,2628,2708,1228,3378,2628,2708,1228,3388,2628,2708,1228,3398,2628,2708,1228,3408,2628,2708,1228,3418,2628,2708,1228,3428,2628,2708,1228,3438,2628,2708,1228,3448,2628,2708,1228,3458,2628,2708,1228,3468,2628,2708,1228,3478,2628,2708,1228,3488,2628,2708,1228,3498,2628,2708,1228,3508,2628,2708,1228,3518,2628,2708,1228,3528,2628,2708,1228,3538,2628,2708,1228,3548,2628,2708,1228,3558,2628,2708,1228,3568,2628,2708,1228,3578,2628,2708,1228,3588,2628,2708,1228,3598,2628,2708,1228,3608,2628,2708,1228,3618,2628,2708,1228,3628,2628,2708,1228,3638,2628,2708,1228,3648,2628,2708,1228,3658,2628,2708,1228,3668,2628,2708,1228,3678,2628,2708,1228,3688,2628,2708,1228,3688,2638,2708,1228,3678,2638,2708,1228,3668,2638,2708,1228,3658,2638,2708,1228,3648,2638,2708,1228,3638,2638,2708,1228,3628,2638,2708,1228,3618,2638,2708,1228,3608,2638,2708,1228,3598,2638,2708,1228,3588,2638,2708,1228,3578,2638,2708,1228,3568,2638,2708,1228,3558,2638,2708,1228,3548,2638,2708,1228,3538,2638,2708,1228,3528,2638,2708,1228,3518,2638,2708,1228,3508,2638,2708,1228,3498,2638,2708,1228,3488,2638,2708,1228,3478,2638,2708,1228,3468,2638,2708,1228,3458,2638,2708,1228,3448,2638,2708,1228,3438,2638,2708,1228,3428,2638,2708,1228,3418,2638,2708,1228,3408,2638,2708,1228,3398,2638,2708,1228,3388,2638,2708,1228,3378,2638,2708,1228,3368,2638,2708,1228,3358,2638,2708,1228,3348,2638,2708,1228,3338,2638,2708,1228,3328,2638,2708,1228,3328,2638,2718,1228,3328,2638,2728,1228,3338,2638,2728,1228,3348,2638,2728,1228,3358,2638,2728,1228,3368,2638,2728,1228,3378,2638,2728,1228,3388,2638,2728,1228,3398,2638,2728,1228,3408,2638,2728,1228,3418,2638,2728,1228,3428,2638,2728,1228,3438,2638,2728,1228,3448,2638,2728,1228,3458,2638,2728,1228,3468,2638,2728,1228,3478,2638,2728,1228,3488,2638,2728,1228,3498,2638,2728,1228,3508,2638,2728,1228,3518,2638,2728,1228,3528,2638,2728,1228,3538,2638,2728,1228,3548,2638,2728,1228,3558,2638,2728,1228,3568,2638,2728,1228,3578,2638,2728,1228,3588,2638,2728,1228,3598,2638,2728,1228,3608,2638,2728,1228,3618,2638,2728,1228,3628,2638,2728,1228,3638,2638,2728,1228,3648,2638,2728,1228,3658,2638,2728,1228,3668,2638,2728,1228,3678,2638,2728,1228,3688,2638,2728,1228,3698,2638,2728,1228,3698,2648,2728,1228,3688,2648,2728,1228,3678,2648,2728,1228,3668,2648,2728,1228,3658,2648,2728,1228,3648,2648,2728,1228,3638,2648,2728,1228,3628,2648,2728,1228,3618,2648,2728,1228,3608,2648,2728,1228,3598,2648,2728,1228,3588,2648,2728,1228,3578,2648,2728,1228,3568,2648,2728,1228,3558,2648,2728,1228,3548,2648,2728,1228,3538,2648,2728,1228,3528,2648,2728,1228,3518,2648,2728,1228,3508,2648,2728,1228,3498,2648,2728,1228,3488,2648,2728,1228,3478,2648,2728,1228,3468,2648,2728,1228,3458,2648,2728,1228,3448,2648,2728,1228,3438,2648,2728,1228,3428,2648,2728,1228,3418,2648,2728,1228,3408,2648,2728,1228,3398,2648,2728,1228,3388,2648,2728,1228,3378,2648,2728,1228,3368,2648,2728,1228,3358,2648,2728,1228,3348,2648,2728,1228,3338,2648,2728,1228,3328,2648,2728,1228,3328,2648,2738,1228,3338,2648,2738,1228,3348,2648,2738,1228,3358,2648,2738,1228,3368,2648,2738,1228,3378,2648,2738,1228,3388,2648,2738,1228,3398,2648,2738,1228,3408,2648,2738,1228,3418,2648,2738,1228,3428,2648,2738,1228,3438,2648,2738,1228,3448,2648,2738,1228,3458,2648,2738,1228,3468,2648,2738,1228,3478,2648,2738,1228,3488,2648,2738,1228,3498,2648,2738,1228,3508,2648,2738,1228,3518,2648,2738,1228,3528,2648,2738,1228,3538,2648,2738,1228,3548,2648,2738,1228,3558,2648,2738,1228,3568,2648,2738,1228,3578,2648,2738,1228,3588,2648,2738,1228,3598,2648,2738,1228,3608,2648,2738,1228,3618,2648,2738,1228,3628,2648,2738,1228,3638,2648,2738,1228,3648,2648,2738,1228,3658,2648,2738,1228,3668,2648,2738,1228,3678,2648,2738,1228,3688,2648,2738,1228,3698,2648,2738,1228,3708,2648,2738,1228,3718,2648,2738,1228,3718,2658,2738,1228,3708,2658,2738,1228,3698,2658,2738,1228,3688,2658,2738,1228,3678,2658,2738,1228,3668,2658,2738,1228,3658,2658,2738,1228,3648,2658,2738,1228,3638,2658,2738,1228,3628,2658,2738,1228,3618,2658,2738,1228,3608,2658,2738,1228,3598,2658,2738,1228,3588,2658,2738,1228,3578,2658,2738,1228,3568,2658,2738,1228,3558,2658,2738,1228,3548,2658,2738,1228,3538,2658,2738,1228,3528,2658,2738,1228,3518,2658,2738,1228,3508,2658,2738,1228,3498,2658,2738,1228,3488,2658,2738,1228,3478,2658,2738,1228,3468,2658,2738,1228,3458,2658,2738,1228,3448,2658,2738,1228,3438,2658,2738,1228,3428,2658,2738,1228,3418,2658,2738,1228,3408,2658,2738,1228,3398,2658,2738,1228,3388,2658,2738,1228,3378,2658,2738,1228,3368,2658,2738,1228,3358,2658,2738,1228,3348,2658,2738,1228,3338,2658,2738,1228,3328,2658,2738,1228,3328,2658,2748,1228,3328,2658,2758,1228,3338,2658,2758,1228,3348,2658,2758,1228,3358,2658,2758,1228,3368,2658,2758,1228,3378,2658,2758,1228,3388,2658,2758,1228,3398,2658,2758,1228,3408,2658,2758,1228,3418,2658,2758,1228,3428,2658,2758,1228,3438,2658,2758,1228,3448,2658,2758,1228,3458,2658,2758,1228,3468,2658,2758,1228,3478,2658,2758,1228,3488,2658,2758,1228,3498,2658,2758,1228,3508,2658,2758,1228,3518,2658,2758,1228,3528,2658,2758,1228,3538,2658,2758,1228,3548,2658,2758,1228,3558,2658,2758,1228,3568,2658,2758,1228,3578,2658,2758,1228,3588,2658,2758,1228,3598,2658,2758,1228,3608,2658,2758,1228,3618,2658,2758,1228,3628,2658,2758,1228,3638,2658,2758,1228,3648,2658,2758,1228,3658,2658,2758,1228,3668,2658,2758,1228,3678,2658,2758,1228,3688,2658,2758,1228,3698,2658,2758,1228,3708,2658,2758,1228,3718,2658,2758,1228,3728,2658,2758,1228,3728,2668,2758,1228,3718,2668,2758,1228,3708,2668,2758,1228,3698,2668,2758,1228,3688,2668,2758,1228,3678,2668,2758,1228,3668,2668,2758,1228,3658,2668,2758,1228,3648,2668,2758,1228,3638,2668,2758,1228,3628,2668,2758,1228,3618,2668,2758,1228,3608,2668,2758,1228,3598,2668,2758,1228,3588,2668,2758,1228,3578,2668,2758,1228,3568,2668,2758,1228,3558,2668,2758,1228,3548,2668,2758,1228,3538,2668,2758,1228,3528,2668,2758,1228,3518,2668,2758,1228,3508,2668,2758,1228,3498,2668,2758,1228,3488,2668,2758,1228,3478,2668,2758,1228,3468,2668,2758,1228,3458,2668,2758,1228,3448,2668,2758,1228,3438,2668,2758,1228,3428,2668,2758,1228,3418,2668,2758,1228,3408,2668,2758,1228,3398,2668,2758,1228,3388,2668,2758,1228,3378,2668,2758,1228,3368,2668,2758,1228,3358,2668,2758,1228,3348,2668,2758,1228,3338,2668,2758,1228,3328,2668,2758,1228,3328,2668,2768,1228,3328,2668,2778,1228,3338,2668,2778,1228,3348,2668,2778,1228,3358,2668,2778,1228,3368,2668,2778,1228,3378,2668,2778,1228,3388,2668,2778,1228,3398,2668,2778,1228,3408,2668,2778,1228,3418,2668,2778,1228,3428,2668,2778,1228,3438,2668,2778,1228,3448,2668,2778,1228,3458,2668,2778,1228,3468,2668,2778,1228,3478,2668,2778,1228,3488,2668,2778,1228,3498,2668,2778,1228,3508,2668,2778,1228,3518,2668,2778,1228,3528,2668,2778,1228,3538,2668,2778,1228,3548,2668,2778,1228,3558,2668,2778,1228,3568,2668,2778,1228,3578,2668,2778,1228,3588,2668,2778,1228,3598,2668,2778,1228,3608,2668,2778,1228,3618,2668,2778,1228,3628,2668,2778,1228,3638,2668,2778,1228,3648,2668,2778,1228,3658,2668,2778,1228,3668,2668,2778,1228,3678,2668,2778,1228,3688,2668,2778,1228,3698,2668,2778,1228,3708,2668,2778,1228,3718,2668,2778,1228,3728,2668,2778,1228,3738,2668,2778,1228,3748,2668,2778,1228,3748,2678,2778,1228,3738,2678,2778,1228,3728,2678,2778,1228,3718,2678,2778,1228,3708,2678,2778,1228,3698,2678,2778,1228,3688,2678,2778,1228,3678,2678,2778,1228,3668,2678,2778,1228,3658,2678,2778,1228,3648,2678,2778,1228,3638,2678,2778,1228,3628,2678,2778,1228,3618,2678,2778,1228,3608,2678,2778,1228,3598,2678,2778,1228,3588,2678,2778,1228,3578,2678,2778,1228,3568,2678,2778,1228,3558,2678,2778,1228,3548,2678,2778,1228,3538,2678,2778,1228,3528,2678,2778,1228,3518,2678,2778,1228,3508,2678,2778,1228,3498,2678,2778,1228,3488,2678,2778,1228,3478,2678,2778,1228,3468,2678,2778,1228,3458,2678,2778,1228,3448,2678,2778,1228,3438,2678,2778,1228,3428,2678,2778,1228,3418,2678,2778,1228,3408,2678,2778,1228,3398,2678,2778,1228,3388,2678,2778,1228,3378,2678,2778,1228,3368,2678,2778,1228,3358,2678,2778,1228,3348,2678,2778,1228,3338,2678,2778,1228,3328,2678,2778,1228,3318,2678,2778,1228,3318,2678,2788,1228,3328,2678,2788,1228,3338,2678,2788,1228,3348,2678,2788,1228,3358,2678,2788,1228,3368,2678,2788,1228,3378,2678,2788,1228,3388,2678,2788,1228,3398,2678,2788,1228,3408,2678,2788,1228,3418,2678,2788,1228,3428,2678,2788,1228,3438,2678,2788,1228,3448,2678,2788,1228,3458,2678,2788,1228,3468,2678,2788,1228,3478,2678,2788,1228,3488,2678,2788,1228,3498,2678,2788,1228,3508,2678,2788,1228,3518,2678,2788,1228,3528,2678,2788,1228,3538,2678,2788,1228,3548,2678,2788,1228,3558,2678,2788,1228,3568,2678,2788,1228,3578,2678,2788,1228,3588,2678,2788,1228,3598,2678,2788,1228,3608,2678,2788,1228,3618,2678,2788,1228,3628,2678,2788,1228,3638,2678,2788,1228,3648,2678,2788,1228,3658,2678,2788,1228,3668,2678,2788,1228,3678,2678,2788,1228,3688,2678,2788,1228,3698,2678,2788,1228,3708,2678,2788,1228,3718,2678,2788,1228,3728,2678,2788,1228,3738,2678,2788,1228,3748,2678,2788,1228,3758,2678,2788,1228,3758,2688,2788,1228,3748,2688,2788,1228
2048,2048,2048,2048,512,256,297,-144,407,120,-152289,152289,0,122,2038,2048,2048,2048,2028,2048,2048,2048,2018,2048,2048,2048,2008,2048,2048,2048,1998,2048,2048,2048,1988,2048,2048,2048,1978,2048,2048,2048,1968,2048,2048,2048,1958,2048,2048,2048,1948,2048,2048,2048,1938,2048,2048,2048,1928,2048,2048,2048,1918,2048,2048,2048,1908,2048,2048,2048,1898,2048,2048,2048,1888,2048,2048,2048,1878,2048,2048,2048,1868,2048,2048,2048,1858,2048,2048,2048,1848,2048,2048,2048,1838,2048,2048,2048,1828,2048,2048,2048,1818,2048,2048,2048,1808,2048,2048,2048,1798,2048,2048,2048,1788,2048,2048,2048,1778,2048,2048,2048,1768,2048,2048,2048,1758,2048,2048,2048,1748,2048,2048,2048,1738,2048,2048,2048,1728,2048,2048,2048,1718,2048,2048,2048,1708,2048,2048,2048,1698,2048,2048,2048,1688,2048,2048,2048,1678,2048,2048,2048,1668,2048,2048,2048,1658,2048,2048,2048,1648,2048,2048,2048,1638,2048,2048,2048,1628,2048,2048,2048,1618,2048,2048,2048,1608,2048,2048,2048,1598,2048,2048,2048,1588,2048,2048,2048,1578,2048,2048,2048,1568,2048,2048,2048,1558,2048,2048,2048,1548,2048,2048,2048,1538,2048,2048,2048,1528,2048,2048,2048,1518,2048,2048,2048,1508,2048,2048,2048,1498,2048,2048,2048,1488,2048,2048,2048,1478,2048,2048,2048,1468,2048,2048,2048,1458,2048,2048,2048,1448,2048,2048,2048,1438,2048,2048,2048,1428,2048,2048,2048,1418,2048,2048,2048,1408,2048,2048,2048,1398,2048,2048,2048,1388,2048,2048,2048,1378,2048,2048,2048,1368,2048,2048,2048,1368,2038,2048,2048,1358,2038,2048,2048,1358,2028,2048,2048,1348,2028,2048,2048,1348,2018,2048,2048,1348,2008,2048,2048,1338,2008,2048,2048,1338,1998,2048,2048,1328,1998,2048,2048,1328,1988,2048,2048,1318,1988,2048,2048,1318,1978,2048,2048,1308,1978,2048,2048,1308,1968,2048,2048,1298,1968,2048,2048,1288,1968,2048,2048,1288,1958,2048,2048,1278,1958,2048,2048,1278,1948,2048,2048,1268,1948,2048,2048,1268,1938,2048,2048,1258,1938,2048,2048,1248,1938,2048,2048,1248,1928,2048,2048,1238,1928,2048,2048,1228,1928,2048,2048,1228,1918,2048,2048,1218,1918,2048,2048,1208,1918,2048,2048,1208,1908,2048,2048,1198,1908,2048,2048,1188,1908,2048,2048,1188,1898,2048,2048,1178,1898,2048,2048,1168,1898,2048,2048,1158,1898,2048,2048,1158,1888,2048,2048,1148,1888,2048,2048,1138,1888,2048,2048,1128,1888,2048,2048,1118,1888,2048,2048,1118,1878,2048,2048,1108,1878,2048,2048,1098,1878,2048,2048,1088,1878,2048,2048,1078,1878,2048,2048,1068,1878,2048,2048,1058,1878,2048,2048,1048,1878,2048,2048,1038,1878,2048,2048,1028,1878,2048,2048,1018,1878,2048,2048,1028,1878,2048,2048,1018,1878,2048,2048
2048,2048,2048,2048,512,256,98,-367,216,228,12380,4054,1,262,2048,2048,2038,2048,2048,2048,2028,2048,2048,2048,2018,2048,2048,2048,2008,2048,2048,2048,1998,2048,2048,2048,1988,2048,2048,2048,1978,2048,2048,2048,1968,2048,2048,2048,1958,2048,2048,2048,1948,2048,2048,2048,1938,2048,2048,2048,1928,2048,2038,2048,1928,2048,2028,2048,1928,2048,2018,2048,1928,2048,2008,2048,1928,2048,1998,2048,1928,2048,1988,2048,1928,2048,1978,2048,1928,2048,1968,2048,1928,2048,1958,2048,1928,2048,1948,2048,1928,2048,1938,2048,1928,2048,1928,2048,1928,2048,1918,2048,1928,2048,1908,2048,1928,2048,1898,2048,1928,2048,1888,2048,1928,2048,1878,2048,1928,2048,1868,2048,1928,2048,1858,2048,1928,2048,1848,2048,1928,2048,1838,2048,1928,2048,1828,2048,1928,2048,1818,2048,1928,2048,1808,2048,1928,2048,1798,2048,1928,2048,1788,2048,1928,2048,1778,2048,1928,2048,1768,2048,1928,2048,1758,2048,1928,2048,1748,2048,1928,2048,1738,2048,1928,2048,1728,2048,1928,2048,1718,2048,1928,2048,1708,2048,1928,2048,1698,2048,1928,2048,1688,2048,1928,2048,1678,2048,1928,2048,1668,2048,1928,2048,1658,2048,1928,2048,1648,2048,1928,2048,1638,2048,1928,2048,1628,2048,1928,2048,1618,2048,1928,2048,1608,2048,1928,2048,1598,2048,1928,2048,1588,2048,1928,2048,1578,2048,1928,2048,1568,2048,1928,2048,1558,2048,1928,2048,1548,2048,1928,2048,1538,2048,1928,2048,1528,2048,1928,2048,1518,2048,1928,2048,1508,2048,1928,2048,1498,2048,1928,2048,1488,2048,1928,2048,1478,2048,1928,2048,1468,2048,1928,2048,1458,2048,1928,2048,1448,2048,1928,2048,1438,2048,1928,2048,1428,2048,1928,2048,1418,2048,1928,2048,1408,2048,1928,2048,1398,2048,1928,2048,1388,2048,1928,2048,1378,2048,1928,2048,1368,2048,1928,2048,1358,2048,1928,2048,1348,2048,1928,2048,1338,2048,1928,2048,1328,2048,1928,2048,1318,2048,1928,2048,1308,2048,1928,2048,1298,2048,1928,2048,1288,2048,1928,2048,1278,2048,1928,2048,1268,2048,1928,2048,1258,2048,1928,2048,1248,2048,1928,2048,1238,2048,1928,2048,1228,2048,1928,2048,1218,2048,1928,2048,1208,2048,1928,2048,1198,2048,1928,2048,1188,2048,1928,2048,1178,2048,1928,2048,1168,2048,1928,2048,1158,2048,1928,2048,1148,2048,1928,2048,1138,2048,1928,2048,1128,2048,1928,2048,1118,2048,1928,2048,1108,2048,1928,2048,1098,2048,1928,2048,1088,2048,1928,2048,1078,2048,1928,2048,1068,2048,1928,2048,1058,2048,1928,2048,1048,2048,1928,2048,1038,2048,1928,2048,1028,2048,1928,2048,1018,2048,1928,2048,1018,2048,1938,2048,1008,2048,1938,2048,998,2048,1938,2048,988,2048,1938,2048,978,2048,1938,2048,968,2048,1938,2048,958,2048,1938,2048,948,2048,1938,2048,938,2048,1938,2048,928,2048,1938,2048,918,2048,1938,2048,908,2048,1938,2048,898,2048,1938,2048,888,2048,1938,2048,878,2048,1938,2048,868,2048,1938,2048,858,2048,1938,2048,848,2048,1938,2048,838,2048,1938,2048,828,2048,1938,2048,818,2048,1938,2048,808,2048,1938,2048,798,2048,1938,2048,788,2048,1938,2048,778,2048,1938,2048,768,2048,1938,2048,758,2048,1938,2048,748,2048,1938,2048,738,2048,1938,2048,728,2048,1938,2048,718,2048,1938,2048,708,2048,1938,2048,698,2048,1938,2048,688,2048,1938,2048,678,2048,1938,2048,668,2048,1938,2048,658,2048,1938,2048,648,2048,1938,2048,638,2048,1938,2048,628,2048,1938,2048,618,2048,1938,2048,608,2048,1938,2048,598,2048,1938,2048,588,2048,1938,2048,578,2048,1938,2048,568,2048,1938,2048,558,2048,1938,2048,548,2048,1938,2048,538,2048,1938,2048,528,2048,1938,2048,518,2048,1938,2048,508,2048,1938,2048,498,2048,1938,2048,488,2048,1938,2048,478,2048,1938,2048,468,2048,1938,2048,458,2048,1938,2048,448,2048,1938,2048,438,2048,1938,2048,428,2048,1938,2048,418,2048,1938,2048,408,2048,1938,2048,398,2048,1938,2048,388,2048,1938,2048,378,2048,1938,2048,368,2048,1938,2048,358,2048,1938,2048,348,2048,1938,2048,338,2048,1938,2048,328,2048,1938,2048,318,2048,1938,2048,308,2048,1938,2048,298,2048,1938,2048,288,2048,1938,2048,278,2048,1938,2048,268,2048,1938,2048,258,2048,1938,2048,248,2048,1938,2048,238,2048,1938,2048,228,2048,1938,2048,218,2048,1938,2048,208,2048,1938,2048,198,2048,1938,2048,188,2048,1938,2048,188,2058,1938,2048,198,2058,1938,2048,198,2058,1948,2048,188,2058,1948,2048,188,2068,1948,2048,188,2068,1958,2048,188,2068,1968,2048,178,2068,1968,2048,178,2078,1968,2048,188,2078,1968,2048,188,2078,1978,2048,178,2078,1978,2048,178,2088,1978,2048,188,2088,1978,2048,188,2088,1988,2048,178,2088,1988,2048,178,2098,1988,2048,188,2098,1988,2048,188,2098,1998,2048,178,2098,1998,2048,178,2108,1998,2048,188,2108,1998,2048,188,2108,2008,2048,178,2108,2008,2048,178,2118,2008,2048,188,2118,2008,2048,188,2118,2018,2048,188,2118,2028,2048,178,2118,2028,2048,178,2128,2028,2048,188,2128,2028,2048,188,2128,2038,2048,178,2128,2038,2048,178,2138,2038,2048,188,2138,2038,2048,188,2138,2048,2048,178,2138,2048,2048,178,2148,2048,2048,178,2148,2058,2048,168,2148,2058,2048,168,2158,2058,2048,178,2158,2058,2048,178,2158,2068,2048,178,2158,2078,2048,168,2158,2078,2048,168,2168,2078,2048,178,2168,2078,2048,178,2168,2088,2048,168,2168,2088,2048,168,2178,2088,2048,178,2178,2088,2048,178,2178,2098,2048,168,2178,2098,2048,168,2188,2098,2048,178,2188,2098,2048,178,2188,2108,2048,168,2188,2108,2048,168,2198,2108,2048,178,2198,2108,2048,178,2198,2118,2048,178,2198,2128,2048,168,2198,2128,2048,168,2208,2128,2048
2048,2048,2048,2048,512,256,-160,-222,351,161,-31519,31519,0,182,2058,2048,2048,2048,2068,2048,2048,2048,2078,2048,2048,2048,2088,2048,2048,2048,2098,2048,2048,2048,2108,2048,2048,2048,2118,2048,2048,2048,2128,2048,2048,2048,2138,2048,2048,2048,2148,2048,2048,2048,2158,2048,2048,2048,2168,2048,2048,2048,2178,2048,2048,2048,2188,2048,2048,2048,2198,2048,2048,2048,2208,2048,2048,2048,2218,2048,2048,2048,2228,2048,2048,2048,2238,2048,2048,2048,2248,2048,2048,2048,2258,2048,2048,2048,2268,2048,2048,2048,2278,2048,2048,2048,2288,2048,2048,2048,2298,2048,2048,2048,2308,2048,2048,2048,2318,2048,2048,2048,2328,2048,2048,2048,2338,2048,2048,2048,2348,2048,2048,2048,2358,2048,2048,2048,2368,2048,2048,2048,2378,2048,2048,2048,2388,2048,2048,2048,2398,2048,2048,2048,2408,2048,2048,2048,2418,2048,2048,2048,2428,2048,2048,2048,2438,2048,2048,2048,2448,2048,2048,2048,2458,2048,2048,2048,2468,2048,2048,2048,2478,2048,2048,2048,2488,2048,2048,2048,2498,2048,2048,2048,2508,2048,2048,2048,2518,2048,2048,2048,2528,2048,2048,2048,2538,2048,2048,2048,2548,2048,2048,2048,2558,2048,2048,2048,2568,2048,2048,2048,2578,2048,2048,2048,2588,2048,2048,2048,2598,2048,2048,2048,2608,2048,2048,2048,2618,2048,2048,2048,2628,2048,2048,2048,2638,2048,2048,2048,2648,2048,2048,2048,2658,2048,2048,2048,2668,2048,2048,2048,2678,2048,2048,2048,2688,2048,2048,2048,2698,2048,2048,2048,2708,2048,2048,2048,2718,2048,2048,2048,2728,2048,2048,2048,2738,2048,2048,2048,2748,2048,2048,2048,2758,2048,2048,2048,2768,2048,2048,2048,2778,2048,2048,2048,2788,2048,2048,2048,2798,2048,2048,2048,2808,2048,2048,2048,2818,2048,2048,2048,2828,2048,2048,2048,2838,2048,2048,2048,2848,2048,2048,2048,2858,2048,2048,2048,2868,2048,2048,2048,2878,2048,2048,2048,2888,2048,2048,2048,2898,2048,2048,2048,2908,2048,2048,2048,2918,2048,2048,2048,2928,2048,2048,2048,2938,2048,2048,2048,2948,2048,2048,2048,2958,2048,2048,2048,2968,2048,2048,2048,2978,2048,2048,2048,2988,2048,2048,2048,2998,2048,2048,2048,3008,2048,2048,2048,3018,2048,2048,2048,3028,2048,2048,2048,3038,2048,2048,2048,3048,2048,2048,2048,3058,2048,2048,2048,3068,2048,2048,2048,3078,2048,2048,2048,3088,2048,2048,2048,3098,2048,2048,2048,3108,2048,2048,2048,3118,2048,2048,2048,3128,2048,2048,2048,3138,2048,2048,2048,3148,2048,2048,2048,3158,2048,2048,2048,3168,2048,2048,2048,3178,2048,2048,2048,3188,2048,2048,2048,3198,2048,2048,2048,3208,2048,2048,2048,3218,2048,2048,2048,3228,2048,2048,2048,3238,2048,2048,2048,3248,2048,2048,2048,3258,2048,2048,2048,3268,2048,2048,2048,3278,2048,2048,2048,3288,2048,2048,2048,3298,2048,2048,2048,3308,2048,2048,2048,3318,2048,2048,2048,3328,2048,2048,2048,3338,2048,2048,2048,3348,2048,2048,2048,3358,2048,2048,2048,3368,2048,2048,2048,3378,2048,2048,2048,3388,2048,2048,2048,3398,2048,2048,2048,3408,2048,2048,2048,3418,2048,2048,2048,3428,2048,2048,2048,3438,2048,2048,2048,3448,2048,2048,2048,3458,2048,2048,2048,3468,2048,2048,2048,3478,2048,2048,2048,3488,2048,2048,2048,3498,2048,2048,2048,3508,2048,2048,2048,3518,2048,2048,2048,3528,2048,2048,2048,3538,2048,2048,2048,3548,2048,2048,2048,3558,2048,2048,2048,3568,2048,2048,2048,3568,2038,2048,2048,3578,2038,2048,2048,3578,2028,2048,2048,3578,2018,2048,2048,3588,2018,2048,2048,3588,2008,2048,2048,3588,1998,2048,2048,3588,1988,2048,2048,3598,1988,2048,2048,3598,1978,2048,2048,3598,1968,2048,2048,3608,1968,2048,2048,3608,1958,2048,2048,3608,1948,2048,2048,3618,1948,2048,2048,3618,1938,2048,2048,3618,1928,2048,2048,3628,1928,2048,2048,3628,1918,2048,2048,3638,1918,2048,2048,3638,1908,2048,2048,3638,1898,2048,2048,3648,1898,2048,2048,3658,1898,2048,2048,3668,1898,2048,2048,3678,1898,2048,2048,3688,1898,2048,2048,3698,1898,2048,2048,3688,1898,2048,2048,3698,1898,2048,2048
2048,2048,2048,2048,512,256,-235,41,113,153,13220,3823,1,178,2058,2048,2048,2048,2068,2048,2048,2048,2078,2048,2048,2048,2088,2048,2048,2048,2098,2048,2048,2048,2108,2048,2048,2048,2118,2048,2048,2048,2128,2048,2048,2048,2138,2048,2048,2048,2148,2048,2048,2048,2158,2048,2048,2048,2168,2048,2048,2048,2178,2048,2048,2048,2188,2048,2048,2048,2198,2048,2048,2048,2208,2048,2048,2048,2218,2048,2048,2048,2228,2048,2048,2048,2238,2048,2048,2048,2248,2048,2048,2048,2258,2048,2048,2048,2268,2048,2048,2048,2278,2048,2048,2048,2288,2048,2048,2048,2298,2048,2048,2048,2308,2048,2048,2048,2318,2048,2048,2048,2328,2048,2048,2048,2338,2048,2048,2048,2348,2048,2048,2048,2358,2048,2048,2048,2368,2048,2048,2048,2378,2048,2048,2048,2388,2048,2048,2048,2398,2048,2048,2048,2408,2048,2048,2048,2418,2048,2048,2048,2428,2048,2048,2048,2438,2048,2048,2048,2438,2048,2048,2038,2438,2048,2048,2028,2448,2048,2048,2028,2448,2048,2048,2018,2458,2048,2048,2018,2458,2048,2048,2008,2458,2048,2048,1998,2468,2048,2048,1998,2468,2048,2048,1988,2478,2048,2048,1988,2478,2048,2048,1978,2478,2048,2048,1968,2488,2048,2048,1968,2488,2048,2048,1958,2488,2048,2048,1948,2498,2048,2048,1948,2498,2048,2048,1938,2498,2048,2048,1928,2508,2048,2048,1928,2508,2048,2048,1918,2518,2048,2048,1918,2518,2048,2048,1908,2518,2048,2048,1898,2528,2048,2048,1898,2528,2048,2048,1888,2528,2048,2048,1878,2538,2048,2048,1878,2538,2048,2048,1868,2538,2048,2048,1858,2548,2048,2048,1858,2548,2048,2038,1858,2548,2048,2038,1848,2548,2048,2038,1838,2548,2048,2038,1828,2558,2048,2038,1828,2558,2048,2028,1828,2558,2048,2018,1828,2558,2048,2008,1828,2558,2048,1998,1828,2558,2048,1998,1818,2558,2048,1998,1808,2558,2048,1998,1798,2558,2048,1998,1788,2558,2048,1998,1778,2568,2048,1998,1778,2568,2048,1998,1768,2568,2048,1998,1758,2578,2048,1998,1758,2578,2048,1988,1758,2578,2048,1988,1748,2578,2048,1988,1738,2578,2048,1988,1728,2588,2048,1988,1728,2588,2048,1978,1728,2588,2048,1978,1718,2588,2048,1978,1708,2588,2048,1978,1698,2598,2048,1978,1698,2598,2048,1978,1688,2598,2048,1978,1678,2608,2048,1978,1678,2608,2048,1968,1678,2608,2048,1968,1668,2608,2048,1968,1658,2608,2048,1968,1648,2618,2048,1968,1648,2618,2048,1968,1638,2618,2048,1968,1628,2618,2048,1968,1618,2628,2048,1968,1618,2628,2048,1968,1608,2628,2048,1968,1598,2638,2048,1968,1598,2638,2048,1968,1588,2638,2048,1968,1578,2648,2048,1968,1578,2648,2048,1968,1568,2648,2048,1968,1558,2648,2048,1968,1548,2658,2048,1968,1548,2658,2048,1968,1538,2658,2048,1968,1528,2668,2048,1968,1528,2668,2048,1968,1518,2668,2048,1968,1508,2678,2048,1968,1508,2678,2048,1968,1498,2678,2048,1968,1488,2678,2048,1968,1478,2688,2048,1968,1478,2688,2048,1968,1468,2688,2048,1968,1458,2698,2048,1968,1458,2698,2048,1968,1448,2698,2048,1968,1438,2698,2048,1968,1428,2708,2048,1968,1428,2708,2048,1968,1418,2718,2048,1968,1418,2728,2048,1968,1418,2738,2048,1968,1418,2748,2048,1968,1418,2758,2048,1968,1418,2768,2048,1968,1418,2778,2048,1968,1418,2788,2048,1968,1418,2798,2048,1968,1418,2808,2048,1968,1418,2818,2048,1968,1418,2828,2048,1968,1418,2838,2048,1968,1418,2848,2048,1968,1418,2858,2048,1968,1418,2868,2048,1968,1418,2878,2048,1968,1418,2888,2048,1968,1418,2898,2048,1968,1418,2908,2048,1968,1418,2918,2048,1968,1418,2928,2048,1968,1418,2938,2048,1968,1418,2948,2048,1968,1418,2958,2048,1968,1418,2958,2038,1968,1418,2958,2038,1958,1418,2958,2028,1958,1418,2958,2028,1948,1418,2958,2028,1938,1418,2958,2018,1938,1418,2958,2018,1928,1418,2958,2008,1928,1418,2958,2008,1918,1418,2958,1998,1918,1418,2958,1998,1908,1418,2958,1988,1908,1418,2958,1988,1898,1418,2958,1978,1898,1418,2958,1978,1888,1418,2958,1978,1878,1418
2048,2048,2048,2048,512,256,290,51,252,100,-50496,50496,0,98,2048,2048,2038,2048,2048,2048,2028,2048,2048,2048,2018,2048,2048,2048,2008,2048,2038,2048,2008,2048,2028,2048,2008,2048,2018,2048,2008,2048,2008,2048,2008,2048,1998,2048,2008,2048,1988,2048,2008,2048,1978,2048,2008,2048,1968,2048,2008,2048,1958,2048,2008,2048,1948,2048,2008,2048,1938,2048,2008,2048,1928,2048,2008,2048,1918,2048,2008,2048,1908,2048,2008,2048,1898,2048,2008,2048,1888,2048,2008,2048,1878,2048,2008,2048,1868,2048,2008,2048,1858,2048,2008,2048,1848,2048,2008,2048,1838,2048,2008,2048,1828,2048,2008,2048,1818,2048,2008,2048,1808,2048,2008,2048,1798,2048,2008,2048,1788,2048,2008,2048,1778,2048,2008,2048,1768,2048,2008,2048,1758,2048,2008,2048,1748,2048,2008,2048,1738,2048,2008,2048,1728,2048,2008,2048,1718,2048,2008,2048,1708,2048,2008,2048,1698,2048,2008,2048,1688,2048,2008,2048,1678,2048,2008,2048,1668,2048,2008,2048,1658,2048,2008,2048,1648,2048,2008,2048,1638,2048,2008,2048,1628,2048,2008,2048,1618,2048,2008,2048,1608,2048,2008,2048,1598,2048,2008,2048,1588,2048,2008,2048,1578,2048,2008,2048,1568,2048,2008,2048,1558,2048,2008,2048,1548,2048,2008,2048,1538,2048,2008,2048,1528,2048,2008,2048,1518,2048,2008,2048,1508,2048,2008,2048,1498,2048,2008,2048,1488,2048,2008,2048,1478,2048,2008,2048,1468,2048,2008,2048,1458,2048,2008,2048,1448,2048,2008,2048,1438,2048,2008,2048,1428,2048,2008,2048,1418,2048,2008,2048,1408,2048,2008,2048,1398,2048,2008,2048,1388,2048,2008,2048,1378,2048,2008,2048,1368,2048,2008,2048,1358,2048,2008,2048,1348,2048,2008,2048,1338,2048,2008,2048,1328,2048,2008,2048,1318,2048,2008,2048,1308,2048,2008,2048,1298,2048,2008,2048,1288,2048,2008,2048,1278,2048,2008,2048,1268,2048,2008,2048,1258,2048,2008,2048,1248,2048,2008,2048,1238,2048,2008,2048,1228,2048,2008,2048,1218,2048,2008,2048,1208,2048,2008,2048,1198,2048,2008,2048,1188,2048,2008,2048,1178,2048,2008,2048,1168,2048,2008,2048,1158,2048,2008,2048,1148,2048,2008,2048,1138,2048,2008,2048,1128,2048,2008,2048,1138,2048,2008,2048,1128,2048,2008,2048
2048,2048,2048,2048,512,256,-336,-55,405,119,-138425,138425,0,116,2058,2048,2048,2048,2068,2048,2048,2048,2078,2048,2048,2048,2088,2048,2048,2048,2098,2048,2048,2048,2108,2048,2048,2048,2118,2048,2048,2048,2128,2048,2048,2048,2138,2048,2048,2048,2148,2048,2048,2048,2158,2048,2048,2048,2168,2048,2048,2048,2178,2048,2048,2048,2188,2048,2048,2048,2198,2048,2048,2048,2208,2048,2048,2048,2218,2048,2048,2048,2228,2048,2048,2048,2238,2048,2048,2048,2248,2048,2048,2048,2258,2048,2048,2048,2268,2048,2048,2048,2278,2048,2048,2048,2288,2048,2048,2048,2298,2048,2048,2048,2308,2048,2048,2048,2318,2048,2048,2048,2328,2048,2048,2048,2338,2048,2048,2048,2348,2048,2048,2048,2358,2048,2048,2048,2368,2048,2048,2048,2378,2048,2048,2048,2388,2048,2048,2048,2398,2048,2048,2048,2408,2048,2048,2048,2418,2048,2048,2048,2428,2048,2048,2048,2438,2048,2048,2048,2448,2048,2048,2048,2458,2048,2048,2048,2468,2048,2048,2048,2478,2048,2048,2048,2488,2048,2048,2048,2498,2048,2048,2048,2508,2048,2048,2048,2518,2048,2048,2048,2528,2048,2048,2048,2538,2048,2048,2048,2548,2048,2048,2048,2558,2048,2048,2048,2568,2048,2048,2048,2578,2048,2048,2048,2588,2048,2048,2048,2598,2048,2048,2048,2608,2048,2048,2048,2618,2048,2048,2048,2628,2048,2048,2048,2638,2048,2048,2048,2648,2048,2048,2048,2658,2048,2048,2048,2668,2048,2048,2048,2678,2048,2048,2048,2688,2048,2048,2048,2698,2048,2048,2048,2708,2048,2048,2048,2718,2048,2048,2048,2728,2048,2048,2048,2738,2048,2048,2048,2748,2048,2048,2048,2758,2048,2048,2048,2768,2048,2048,2048,2778,2048,2048,2048,2788,2048,2048,2048,2798,2048,2048,2048,2808,2048,2048,2048,2818,2048,2048,2048,2828,2048,2048,2048,2838,2048,2048,2048,2848,2048,2048,2048,2858,2048,2048,2048,2868,2048,2048,2048,2878,2048,2048,2048,2888,2048,2048,2048,2898,2048,2048,2048,2908,2048,2048,2048,2918,2048,2048,2048,2928,2048,2048,2048,2938,2048,2048,2048,2948,2048,2048,2048,2958,2048,2048,2048,2968,2048,2048,2048,2978,2048,2048,2048,2988,2048,2048,2048,2998,2048,2048,2048,3008,2048,2048,2048,3018,2048,2048,2048,3028,2048,2048,2048,3038,2048,2048,2048,3048,2048,2048,2048,3058,2048,2048,2048,3068,2048,2048,2048,3078,2048,2048,2048,3088,2048,2048,2048,3098,2048,2048,2048,3108,2048,2048,2048,3118,2048,2048,2048,3128,2048,2048,2048,3138,2048,2048,2048,3148,2048,2048,2048,3158,2048,2048,2048,3168,2048,2048,2048,3178,2048,2048,2048,3188,2048,2048,2048,3178,2048,2048,2048,3188,2048,2048,2048
2048,2048,2048,2048,512,256,-131,-160,206,150,-131499,131499,0,177,2058,2048,2048,2048,2068,2048,2048,2048,2078,2048,2048,2048,2088,2048,2048,2048,2098,2048,2048,2048,2108,2048,2048,2048,2118,2048,2048,2048,2128,2048,2048,2048,2138,2048,2048,2048,2148,2048,2048,2048,2158,2048,2048,2048,2168,2048,2048,2048,2178,2048,2048,2048,2188,2048,2048,2048,2198,2048,2048,2048,2208,2048,2048,2048,2218,2048,2048,2048,2228,2048,2048,2048,2238,2048,2048,2048,2248,2048,2048,2048,2258,2048,2048,2048,2268,2048,2048,2048,2278,2048,2048,2048,2288,2048,2048,2048,2298,2048,2048,2048,2308,2048,2048,2048,2308,2048,2038,2048,2308,2048,2028,2048,2308,2048,2018,2048,2308,2048,2008,2048,2308,2048,1998,2048,2308,2048,1988,2048,2308,2048,1978,2048,2308,2048,1968,2048,2308,2048,1958,2048,2308,2048,1948,2048,2308,2048,1938,2048,2308,2048,1928,2048,2308,2048,1918,2048,2308,2048,1908,2048,2318,2048,1908,2048,2328,2048,1908,2048,2338,2048,1908,2048,2348,2048,1908,2048,2358,2048,1908,2048,2368,2048,1908,2048,2378,2048,1908,2048,2388,2048,1908,2048,2398,2048,1908,2048,2408,2048,1908,2048,2418,2048,1908,2048,2428,2048,1908,2048,2438,2048,1908,2048,2448,2048,1908,2048,2458,2048,1908,2048,2468,2048,1908,2048,2478,2048,1908,2048,2488,2048,1908,2048,2498,2048,1908,2048,2508,2048,1908,2048,2518,2048,1908,2048,2528,2048,1908,2048,2538,2048,1908,2048,2548,2048,1908,2048,2558,2048,1908,2048,2568,2048,1908,2048,2578,2048,1908,2048,2588,2048,1908,2048,2598,2048,1908,2048,2608,2048,1908,2048,2618,2048,1908,2048,2628,2048,1908,2048,2638,2048,1908,2048,2648,2048,1908,2048,2658,2048,1908,2048,2668,2048,1908,2048,2678,2048,1908,2048,2688,2048,1908,2048,2698,2048,1908,2048,2708,2048,1908,2048,2718,2048,1908,2048,2728,2048,1908,2048,2738,2048,1908,2048,2748,2048,1908,2048,2758,2048,1908,2048,2768,2048,1908,2048,2778,2048,1908,2048,2788,2048,1908,2048,2798,2048,1908,2048,2808,2048,1908,2048,2818,2048,1908,2048,2828,2048,1908,2048,2838,2048,1908,2048,2848,2048,1908,2048,2858,2048,1908,2048,2868,2048,1908,2048,2878,2048,1908,2048,2888,2048,1908,2048,2898,2048,1908,2048,2908,2048,1908,2048,2918,2048,1908,2048,2928,2048,1908,2048,2938,2048,1908,2048,2948,2048,1908,2048,2958,2048,1908,2048,2968,2048,1908,2048,2978,2048,1908,2048,2988,2048,1908,2048,2998,2048,1908,2048,3008,2048,1908,2048,3018,2048,1908,2048,3028,2048,1908,2048,3038,2048,1908,2048,3048,2048,1908,2048,3058,2048,1908,2048,3068,2048,1908,2048,3078,2048,1908,2048,3088,2048,1908,2048,3098,2048,1908,2048,3108,2048,1908,2048,3118,2048,1908,2048,3128,2048,1908,2048,3138,2048,1908,2048,3148,2048,1908,2048,3158,2048,1908,2048,3168,2048,1908,2048,3178,2048,1908,2048,3188,2048,1908,2048,3198,2048,1908,2048,3208,2048,1908,2048,3218,2048,1908,2048,3228,2048,1908,2048,3238,2048,1908,2048,3248,2048,1908,2048,3258,2048,1908,2048,3268,2048,1908,2048,3278,2048,1908,2048,3288,2048,1908,2048,3298,2048,1908,2048,3308,2048,1908,2048,3318,2048,1908,2048,3328,2048,1908,2048,3338,2048,1908,2048,3348,2048,1908,2048,3358,2048,1908,2048,3368,2048,1908,2048,3378,2048,1908,2048,3388,2048,1908,2048,3398,2048,1908,2048,3408,2048,1908,2048,3418,2048,1908,2048,3428,2048,1908,2048,3438,2048,1908,2048,3448,2048,1908,2048,3458,2048,1908,2048,3468,2048,1908,2048,3478,2048,1908,2048,3488,2048,1908,2048,3498,2048,1908,2048,3508,2048,1908,2048,3518,2048,1908,2048,3528,2048,1908,2048,3538,2048,1908,2048,3548,2048,1908,2048,3558,2048,1908,2048,3568,2048,1908,2048,3578,2048,1908,2048,3588,2048,1908,2048,3598,2048,1908,2048,3608,2048,1908,2048,3618,2048,1908,2048,3628,2048,1908,2048,3638,2048,1908,2048,3648,2048,1908,2048,3658,2048,1908,2048,3648,2048,1908,2048,3658,2048,1908,2048
2048,2048,2048,2048,512,256,-99,-104,374,170,-143197,143197,0,178,2058,2048,2048,2048,2068,2048,2048,2048,2078,2048,2048,2048,2088,2048,2048,2048,2098,2048,2048,2048,2108,2048,2048,2048,2118,2048,2048,2048,2128,2048,2048,2048,2138,2048,2048,2048,2148,2048,2048,2048,2158,2048,2048,2048,2168,2048,2048,2048,2178,2048,2048,2048,2188,2048,2048,2048,2198,2048,2048,2048,2208,2048,2048,2048,2218,2048,2048,2048,2228,2048,2048,2048,2238,2048,2048,2048,2248,2048,2048,2048,2258,2048,2048,2048,2268,2048,2048,2048,2278,2048,2048,2048,2288,2048,2048,2048,2298,2048,2048,2048,2308,2048,2048,2048,2318,2048,2048,2048,2328,2048,2048,2048,2338,2048,2048,2048,2348,2048,2048,2048,2358,2048,2048,2048,2368,2048,2048,2048,2378,2048,2048,2048,2388,2048,2048,2048,2398,2048,2048,2048,2408,2048,2048,2048,2418,2048,2048,2048,2428,2048,2048,2048,2438,2048,2048,2048,2448,2048,2048,2048,2458,2048,2048,2048,2468,2048,2048,2048,2478,2048,2048,2048,2488,2048,2048,2048,2498,2048,2048,2048,2508,2048,2048,2048,2518,2048,2048,2048,2528,2048,2048,2048,2538,2048,2048,2048,2548,2048,2048,2048,2558,2048,2048,2048,2568,2048,2048,2048,2578,2048,2048,2048,2588,2048,2048,2048,2598,2048,2048,2048,2608,2048,2048,2048,2618,2048,2048,2048,2628,2048,2048,2048,2638,2048,2048,2048,2648,2048,2048,2048,2658,2048,2048,2048,2668,2048,2048,2048,2678,2048,2048,2048,2688,2048,2048,2048,2698,2048,2048,2048,2708,2048,2048,2048,2718,2048,2048,2048,2728,2048,2048,2048,2738,2048,2048,2048,2748,2048,2048,2048,2758,2048,2048,2048,2768,2048,2048,2048,2778,2048,2048,2048,2788,2048,2048,2048,2798,2048,2048,2048,2808,2048,2048,2048,2818,2048,2048,2048,2828,2048,2048,2048,2838,2048,2048,2048,2848,2048,2048,2048,2858,2048,2048,2048,2868,2048,2048,2048,2878,2048,2048,2048,2888,2048,2048,2048,2898,2048,2048,2048,2908,2048,2048,2048,2918,2048,2048,2048,2928,2048,2048,2048,2938,2048,2048,2048,2948,2048,2048,2048,2958,2048,2048,2048,2968,2048,2048,2048,2978,2048,2048,2048,2988,2048,2048,2048,2998,2048,2048,2048,3008,2048,2048,2048,3018,2048,2048,2048,3028,2048,2048,2048,3038,2048,2048,2048,3048,2048,2048,2048,3058,2048,2048,2048,3068,2048,2048,2048,3078,2048,2048,2048,3088,2048,2048,2048,3098,2048,2048,2048,3108,2048,2048,2048,3118,2048,2048,2048,3128,2048,2048,2048,3138,2048,2048,2048,3148,2048,2048,2048,3158,2048,2048,2048,3168,2048,2048,2048,3178,2048,2048,2048,3188,2048,2048,2048,3198,2048,2048,2048,3208,2048,2048,2048,3218,2048,2048,2048,3228,2048,2048,2048,3238,2048,2048,2048,3248,2048,2048,2048,3258,2048,2048,2048,3268,2048,2048,2048,3278,2048,2048,2048,3288,2048,2048,2048,3298,2048,2048,2048,3298,2038,2048,2048,3298,2028,2048,2048,3298,2018,2048,2048,3298,2008,2048,2048,3298,1998,2048,2048,3308,1998,2048,2048,3308,1988,2048,2048,3308,1978,2048,2048,3308,1968,2048,2048,3308,1958,2048,2048,3308,1948,2048,2048,3318,1948,2048,2048,3318,1938,2048,2048,3318,1928,2048,2048,3318,1918,2048,2048,3318,1908,2048,2048,3318,1898,2048,2048,3328,1898,2048,2048,3328,1888,2048,2048,3328,1878,2048,2048,3328,1868,2048,2048,3328,1858,2048,2048,3338,1858,2048,2048,3338,1848,2048,2048,3348,1848,2048,2048,3358,1848,2048,2048,3368,1848,2048,2048,3378,1848,2048,2048,3388,1848,2048,2048,3398,1848,2048,2048,3408,1848,2048,2048,3418,1848,2048,2048,3428,1848,2048,2048,3438,1848,2048,2048,3448,1848,2048,2048,3458,1848,2048,2048,3468,1848,2048,2048,3478,1848,2048,2048,3488,1848,2048,2048,3498,1848,2048,2048,3508,1848,2048,2048,3518,1848,2048,2048,3528,1848,2048,2048,3538,1848,2048,2048,3548,1848,2048,2048,3558,1848,2048,2048,3568,1848,2048,2048,3578,1848,2048,2048,3588,1848,2048,2048,3598,1848,2048,2048,3608,1848,2048,2048,3598,1848,2048,2048,3608,1848,2048,2048
2048,2048,2048,2048,512,256,-149,-125,370,154,-92171,92171,0,170,2058,2048,2048,2048,2068,2048,2048,2048,2078,2048,2048,2048,2088,2048,2048,2048,2098,2048,2048,2048,2108,2048,2048,2048,2118,2048,2048,2048,2128,2048,2048,2048,2138,2048,2048,2048,2148,2048,2048,2048,2158,2048,2048,2048,2168,2048,2048,2048,2178,2048,2048,2048,2188,2048,2048,2048,2198,2048,2048,2048,2208,2048,2048,2048,2218,2048,2048,2048,2228,2048,2048,2048,2238,2048,2048,2048,2248,2048,2048,2048,2258,2048,2048,2048,2268,2048,2048,2048,2278,2048,2048,2048,2288,2048,2048,2048,2298,2048,2048,2048,2308,2048,2048,2048,2318,2048,2048,2048,2328,2048,2048,2048,2338,2048,2048,2048,2348,2048,2048,2048,2358,2048,2048,2048,2368,2048,2048,2048,2378,2048,2048,2048,2388,2048,2048,2048,2398,2048,2048,2048,2408,2048,2048,2048,2418,2048,2048,2048,2428,2048,2048,2048,2438,2048,2048,2048,2448,2048,2048,2048,2458,2048,2048,2048,2468,2048,2048,2048,2478,2048,2048,2048,2488,2048,2048,2048,2498,2048,2048,2048,2508,2048,2048,2048,2518,2048,2048,2048,2528,2048,2048,2048,2538,2048,2048,2048,2548,2048,2048,2048,2558,2048,2048,2048,2568,2048,2048,2048,2578,2048,2048,2048,2588,2048,2048,2048,2598,2048,2048,2048,2608,2048,2048,2048,2618,2048,2048,2048,2628,2048,2048,2048,2638,2048,2048,2048,2648,2048,2048,2048,2658,2048,2048,2048,2668,2048,2048,2048,2678,2048,2048,2048,2688,2048,2048,2048,2698,2048,2048,2048,2708,2048,2048,2048,2718,2048,2048,2048,2728,2048,2048,2048,2738,2048,2048,2048,2748,2048,2048,2048,2758,2048,2048,2048,2768,2048,2048,2048,2778,2048,2048,2048,2788,2048,2048,2048,2798,2048,2048,2048,2808,2048,2048,2048,2818,2048,2048,2048,2828,2048,2048,2048,2838,2048,2048,2048,2848,2048,2048,2048,2858,2048,2048,2048,2868,2048,2048,2048,2878,2048,2048,2048,2888,2048,2048,2048,2898,2048,2048,2048,2908,2048,2048,2048,2918,2048,2048,2048,2928,2048,2048,2048,2938,2048,2048,2048,2948,2048,2048,2048,2958,2048,2048,2048,2968,2048,2048,2048,2978,2048,2048,2048,2988,2048,2048,2048,2998,2048,2048,2048,3008,2048,2048,2048,3018,2048,2048,2048,3028,2048,2048,2048,3038,2048,2048,2048,3048,2048,2048,2048,3058,2048,2048,2048,3068,2048,2048,2048,3078,2048,2048,2048,3088,2048,2048,2048,3098,2048,2048,2048,3108,2048,2048,2048,3118,2048,2048,2048,3128,2048,2048,2048,3138,2048,2048,2048,3148,2048,2048,2048,3158,2048,2048,2048,3168,2048,2048,2048,3178,2048,2048,2048,3188,2048,2048,2048,3198,2048,2048,2048,3208,2048,2048,2048,3218,2048,2048,2048,3228,2048,2048,2048,3238,2048,2048,2048,3248,2048,2048,2048,3258,2048,2048,2048,3268,2048,2048,2048,3278,2048,2048,2048,3288,2048,2048,2048,3298,2048,2048,2048,3308,2048,2048,2048,3318,2048,2048,2048,3328,2048,2048,2048,3338,2048,2048,2048,3338,2038,2048,2048,3348,2038,2048,2048,3348,2028,2048,2048,3348,2018,2048,2048,3348,2008,2048,2048,3348,1998,2048,2048,3348,1988,2048,2048,3358,1988,2048,2048,3358,1978,2048,2048,3358,1968,2048,2048,3358,1958,2048,2048,3358,1948,2048,2048,3358,1938,2048,2048,3368,1938,2048,2048,3368,1928,2048,2048,3368,1918,2048,2048,3368,1908,2048,2048,3378,1908,2048,2048,3378,1898,2048,2048,3378,1888,2048,2048,3378,1878,2048,2048,3388,1878,2048,2048,3388,1868,2048,2048,3388,1858,2048,2048,3388,1848,2048,2048,3398,1848,2048,2048,3408,1848,2048,2048,3418,1848,2048,2048,3428,1848,2048,2048,3438,1848,2048,2048,3448,1848,2048,2048,3458,1848,2048,2048,3468,1848,2048,2048,3478,1848,2048,2048,3488,1848,2048,2048,3498,1848,2048,2048,3508,1848,2048,2048,3518,1848,2048,2048,3528,1848,2048,2048,3518,1848,2048,2048,3528,1848,2048,2048
2048,2048,2048,2048,512,256,376,-15,331,104,-72431,72431,0,105,2038,2048,2048,2048,2028,2048,2048,2048,2018,2048,2048,2048,2008,2048,2048,2048,1998,2048,2048,2048,1988,2048,2048,2048,1978,2048,2048,2048,1968,2048,2048,2048,1958,2048,2048,2048,1948,2048,2048,2048,1938,2048,2048,2048,1928,2048,2048,2048,1918,2048,2048,2048,1908,2048,2048,2048,1898,2048,2048,2048,1888,2048,2048,2048,1878,2048,2048,2048,1868,2048,2048,2048,1858,2048,2048,2048,1848,2048,2048,2048,1838,2048,2048,2048,1828,2048,2048,2048,1818,2048,2048,2048,1808,2048,2048,2048,1798,2048,2048,2048,1788,2048,2048,2048,1778,2048,2048,2048,1768,2048,2048,2048,1758,2048,2048,2048,1748,2048,2048,2048,1738,2048,2048,2048,1728,2048,2048,2048,1718,2048,2048,2048,1708,2048,2048,2048,1698,2048,2048,2048,1688,2048,2048,2048,1678,2048,2048,2048,1668,2048,2048,2048,1658,2048,2048,2048,1648,2048,2048,2048,1638,2048,2048,2048,1628,2048,2048,2048,1618,2048,2048,2048,1608,2048,2048,2048,1598,2048,2048,2048,1588,2048,2048,2048,1578,2048,2048,2048,1568,2048,2048,2048,1558,2048,2048,2048,1548,2048,2048,2048,1538,2048,2048,2048,1528,2048,2048,2048,1518,2048,2048,2048,1508,2048,2048,2048,1498,2048,2048,2048,1488,2048,2048,2048,1478,2048,2048,2048,1468,2048,2048,2048,1458,2048,2048,2048,1448,2048,2048,2048,1438,2048,2048,2048,1428,2048,2048,2048,1418,2048,2048,2048,1408,2048,2048,2048,1398,2048,2048,2048,1388,2048,2048,2048,1378,2048,2048,2048,1368,2048,2048,2048,1358,2048,2048,2048,1348,2048,2048,2048,1338,2048,2048,2048,1328,2048,2048,2048,1318,2048,2048,2048,1308,2048,2048,2048,1298,2048,2048,2048,1288,2048,2048,2048,1278,2048,2048,2048,1268,2048,2048,2048,1258,2048,2048,2048,1248,2048,2048,2048,1238,2048,2048,2048,1228,2048,2048,2048,1218,2048,2048,2048,1208,2048,2048,2048,1198,2048,2048,2048,1188,2048,2048,2048,1178,2048,2048,2048,1168,2048,2048,2048,1158,2048,2048,2048,1148,2048,2048,2048,1138,2048,2048,2048,1128,2048,2048,2048,1118,2048,2048,2048,1108,2048,2048,2048,1098,2048,2048,2048,1088,2048,2048,2048,1078,2048,2048,2048,1068,2048,2048,2048,1058,2048,2048,2048,1048,2048,2048,2048,1038,2048,2048,2048,1028,2048,2048,2048,1018,2048,2048,2048,1028,2048,2048,2048,1018,2048,2048,2048
2048,2048,2048,2048,512,256,-187,-134,83,193,-13938,13938,0,223,2058,2048,2048,2048,2068,2048,2048,2048,2078,2048,2048,2048,2088,2048,2048,2048,2098,2048,2048,2048,2108,2048,2048,2048,2118,2048,2048,2048,2128,2048,2048,2048,2138,2048,2048,2048,2148,2048,2048,2048,2158,2048,2048,2048,2168,2048,2048,2048,2178,2048,2048,2048,2188,2048,2048,2048,2198,2048,2048,2048,2208,2048,2048,2048,2218,2048,2048,2048,2228,2048,2048,2048,2238,2048,2048,2048,2248,2048,2048,2048,2258,2048,2048,2048,2268,2048,2048,2048,2278,2048,2048,2048,2288,2048,2048,2048,2298,2048,2048,2048,2308,2048,2048,2048,2318,2048,2048,2048,2328,2048,2048,2048,2338,2048,2048,2048,2348,2048,2048,2048,2358,2048,2048,2048,2358,2048,2048,2038,2368,2048,2048,2038,2368,2048,2048,2028,2368,2048,2048,2018,2378,2048,2048,2018,2378,2048,2048,2008,2388,2048,2048,2008,2388,2048,2048,1998,2388,2048,2048,1988,2398,2048,2048,1988,2398,2048,2048,1978,2408,2048,2048,1978,2408,2048,2048,1968,2408,2048,2048,1958,2418,2048,2048,1958,2418,2048,2048,1948,2428,2048,2048,1948,2428,2048,2038,1948,2428,2048,2028,1948,2428,2048,2018,1948,2428,2048,2008,1948,2428,2048,1998,1948,2428,2048,1988,1948,2428,2048,1978,1948,2428,2048,1978,1938,2428,2048,1978,1928,2428,2048,1978,1918,2428,2048,1978,1908,2428,2048,1978,1898,2428,2048,1978,1888,2428,2048,1978,1878,2438,2048,1978,1878,2438,2048,1968,1878,2438,2048,1958,1878,2438,2048,1948,1878,2438,2048,1948,1868,2438,2048,1948,1858,2438,2048,1948,1848,2438,2048,1948,1838,2448,2048,1948,1838,2448,2048,1938,1838,2448,2048,1928,1838,2448,2048,1928,1828,2448,2048,1928,1818,2448,2048,1928,1808,2448,2048,1928,1798,2458,2048,1928,1798,2458,2048,1918,1798,2458,2048,1918,1788,2458,2048,1918,1778,2468,2048,1918,1778,2468,2048,1908,1778,2468,2048,1898,1778,2468,2048,1898,1768,2468,2048,1898,1758,2468,2048,1898,1748,2468,2048,1898,1738,2478,2048,1898,1738,2478,2048,1898,1728,2488,2048,1898,1728,2488,2048,1888,1728,2488,2048,1878,1728,2488,2048,1878,1718,2488,2048,1878,1708,2488,2048,1878,1698,2488,2048,1878,1688,2498,2048,1878,1688,2498,2048,1878,1678,2498,2048,1878,1668,2508,2048,1878,1668,2508,2048,1868,1668,2508,2048,1868,1658,2508,2048,1868,1648,2508,2048,1868,1638,2518,2048,1868,1638,2518,2048,1868,1628,2518,2048,1868,1618,2528,2048,1868,1618,2528,2048,1868,1608,2528,2048,1868,1598,2538,2048,1868,1598,2538,2048,1868,1588,2538,2048,1868,1578,2548,2048,1868,1578,2548,2048,1858,1578,2548,2048,1858,1568,2548,2048,1858,1558,2558,2048,1858,1558,2558,2048,1858,1548,2558,2048,1858,1538,2568,2048,1858,1538,2568,2048,1858,1528,2568,2048,1858,1518,2568,2048,1858,1508,2578,2048,1858,1508,2578,2048,1858,1498,2578,2048,1858,1488,2588,2048,1858,1488,2588,2048,1858,1478,2588,2048,1858,1468,2598,2048,1858,1468,2608,2048,1858,1468,2618,2048,1858,1468,2628,2048,1858,1468,2638,2048,1858,1468,2648,2048,1858,1468,2658,2048,1858,1468,2668,2048,1858,1468,2678,2048,1858,1468,2688,2048,1858,1468,2698,2048,1858,1468,2708,2048,1858,1468,2718,2048,1858,1468,2728,2048,1858,1468,2738,2048,1858,1468,2748,2048,1858,1468,2758,2048,1858,1468,2768,2048,1858,1468,2778,2048,1858,1468,2788,2048,1858,1468,2798,2048,1858,1468,2808,2048,1858,1468,2818,2048,1858,1468,2828,2048,1858,1468,2838,2048,1858,1468,2848,2048,1858,1468,2858,2048,1858,1468,2868,2048,1858,1468,2878,2048,1858,1468,2888,2048,1858,1468,2898,2048,1858,1468,2908,2048,1858,1468,2918,2048,1858,1468,2928,2048,1858,1468,2938,2048,1858,1468,2948,2048,1858,1468,2958,2048,1858,1468,2968,2048,1858,1468,2978,2048,1858,1468,2988,2048,1858,1468,2998,2048,1858,1468,3008,2048,1858,1468,3018,2048,1858,1468,3028,2048,1858,1468,3038,2048,1858,1468,3048,2048,1858,1468,3058,2048,1858,1468,3068,2048,1858,1468,3078,2048,1858,1468,3088,2048,1858,1468,3098,2048,1858,1468,3108,2048,1858,1468,3118,2048,1858,1468,3128,2048,1858,1468,3138,2048,1858,1468,3148,2048,1858,1468,3158,2048,1858,1468,3168,2048,1858,1468,3178,2048,1858,1468,3188,2048,1858,1468,3198,2048,1858,1468,3208,2048,1858,1468,3218,2048,1858,1468,3228,2048,1858,1468,3238,2048,1858,1468,3248,2048,1858,1468,3258,2048,1858,1468,3268,2048,1858,1468,3278,2048,1858,1468,3288,2048,1858,1468,3298,2048,1858,1468,3308,2048,1858,1468,3318,2048,1858,1468,3328,2048,1858,1468,3338,2048,1858,1468,3348,2048,1858,1468,3358,2048,1858,1468,3368,2048,1858,1468,3378,2048,1858,1468,3388,2048,1858,1468,3398,2048,1858,1468,3408,2048,1858,1468,3418,2048,1858,1468,3428,2048,1858,1468,3438,2048,1858,1468,3448,2048,1858,1468,3458,2048,1858,1468,3468,2048,1858,1468,3478,2048,1858,1468,3488,2048,1858,1468,3478,2048,1858,1468,3488,2048,1858,1468
2048,2048,2048,2048,512,256,189,-271,132,183,12840,4049,1,216,2048,2048,2038,2048,2048,2048,2028,2048,2048,2048,2018,2048,2048,2048,2008,2048,2048,2048,1998,2048,2048,2048,1988,2048,2048,2048,1978,2048,2048,2048,1968,2048,2048,2048,1958,2048,2048,2048,1948,2048,2048,2048,1938,2048,2048,2048,1928,2048,2048,2048,1918,2048,2048,2048,1908,2048,2048,2048,1898,2048,2048,2048,1888,2048,2048,2048,1878,2048,2048,2048,1868,2048,2048,2048,1858,2048,2048,2048,1848,2048,2048,2048,1838,2048,2048,2048,1828,2048,2048,2048,1818,2048,2048,2048,1808,2048,2048,2048,1798,2048,2048,2048,1788,2048,2048,2048,1778,2048,2048,2048,1768,2048,2048,2048,1758,2048,2048,2048,1748,2048,2048,2048,1738,2048,2038,2048,1738,2048,2028,2048,1738,2048,2018,2048,1738,2048,2008,2048,1738,2048,1998,2048,1738,2048,1988,2048,1738,2048,1978,2048,1738,2048,1968,2048,1738,2048,1958,2048,1738,2048,1948,2048,1738,2048,1938,2048,1738,2048,1928,2048,1738,2048,1918,2048,1738,2048,1908,2048,1738,2048,1898,2048,1738,2048,1888,2048,1738,2048,1878,2048,1738,2048,1868,2048,1738,2048,1858,2048,1738,2048,1848,2048,1738,2048,1838,2048,1738,2048,1828,2048,1738,2048,1818,2048,1738,2048,1808,2048,1738,2048,1798,2048,1738,2048,1788,2048,1738,2048,1778,2048,1738,2048,1768,2048,1738,2048,1758,2048,1738,2048,1748,2048,1738,2048,1738,2048,1738,2048,1728,2048,1738,2048,1718,2048,1738,2048,1708,2048,1738,2048,1698,2048,1738,2048,1688,2048,1738,2048,1678,2048,1738,2048,1668,2048,1738,2048,1658,2048,1738,2048,1648,2048,1738,2048,1638,2048,1738,2048,1628,2048,1738,2048,1618,2048,1738,2048,1608,2048,1738,2048,1598,2048,1738,2048,1588,2048,1738,2048,1578,2048,1738,2048,1568,2048,1738,2048,1558,2048,1738,2048,1548,2048,1738,2048,1538,2048,1738,2048,1528,2048,1738,2048,1518,2048,1738,2048,1508,2048,1738,2048,1498,2048,1738,2048,1488,2048,1738,2048,1478,2048,1738,2048,1468,2048,1738,2048,1458,2048,1738,2048,1448,2048,1738,2048,1438,2048,1738,2048,1428,2048,1738,2048,1418,2048,1738,2048,1408,2048,1738,2048,1398,2048,1738,2048,1388,2048,1738,2048,1378,2048,1738,2048,1368,2048,1738,2048,1358,2048,1738,2048,1348,2048,1738,2048,1338,2048,1738,2048,1328,2048,1738,2048,1318,2048,1738,2048,1308,2048,1738,2048,1298,2048,1738,2048,1288,2048,1738,2048,1278,2048,1738,2048,1268,2048,1738,2048,1258,2048,1738,2048,1248,2048,1738,2048,1238,2048,1738,2048,1228,2048,1738,2048,1218,2048,1738,2048,1208,2048,1738,2048,1198,2048,1738,2048,1188,2048,1738,2048,1178,2048,1738,2048,1168,2048,1738,2048,1158,2048,1738,2048,1148,2048,1738,2048,1138,2048,1738,2048,1128,2048,1738,2048,1118,2048,1738,2048,1108,2048,1738,2048,1098,2048,1738,2048,1088,2048,1738,2048,1078,2048,1738,2048,1068,2048,1738,2048,1058,2048,1738,2048,1048,2048,1738,2048,1038,2048,1738,2048,1028,2048,1738,2048,1018,2048,1738,2048,1018,2048,1748,2048,1008,2048,1748,2048,998,2048,1748,2048,988,2048,1748,2048,978,2048,1748,2048,968,2048,1748,2048,958,2048,1748,2048,948,2048,1748,2048,938,2048,1748,2048,928,2048,1748,2048,918,2048,1748,2048,908,2048,1748,2048,898,2048,1748,2048,888,2048,1748,2048,878,2048,1748,2048,868,2048,1748,2048,858,2048,1748,2048,848,2048,1748,2048,838,2048,1748,2048,828,2048,1748,2048,818,2048,1748,2048,808,2048,1748,2048,798,2048,1748,2048,788,2048,1748,2048,778,2048,1748,2048,768,2048,1748,2048,758,2048,1748,2048,748,2048,1748,2048,738,2048,1748,2048,728,2048,1748,2048,718,2048,1748,2048,708,2048,1748,2048,698,2048,1748,2048,688,2048,1748,2048,678,2048,1748,2048,668,2048,1748,2048,658,2048,1748,2048,648,2048,1748,2048,638,2048,1748,2048,628,2048,1748,2048,618,2048,1748,2048,608,2048,1748,2048,598,2048,1748,2048,588,2048,1748,2048,578,2048,1748,2048,568,2048,1748,2048,558,2048,1748,2048,548,2048,1748,2048,538,2048,1748,2048,528,2048,1748,2048,518,2048,1748,2048,508,2048,1748,2048,498,2048,1748,2048,488,2048,1748,2048,478,2048,1748,2048,468,2048,1748,2048,458,2048,1748,2048,448,2048,1748,2048,438,2048,1748,2048,428,2048,1748,2048,418,2048,1748,2048,418,2058,1748,2048,428,2058,1748,2048,428,2058,1758,2048,418,2058,1758,2048,418,2068,1758,2048,418,2068,1768,2048,408,2068,1768,2048,408,2078,1768,2048,418,2078,1768,2048,418,2078,1778,2048,408,2078,1778,2048,408,2088,1778,2048,418,2088,1778,2048,418,2088,1788,2048,418,2088,1798,2048,408,2088,1798,2048,398,2088,1798,2048,398,2098,1798,2048,408,2098,1798,2048,408,2098,1808,2048,398,2098,1808,2048
2048,2048,2048,2048,512,256,-68,-408,215,228,12160,4308,1,284,2058,2048,2048,2048,2068,2048,2048,2048,2078,2048,2048,2048,2088,2048,2048,2048,2098,2048,2048,2048,2108,2048,2048,2048,2118,2048,2048,2048,2128,2048,2048,2048,2138,2048,2048,2048,2148,2048,2048,2048,2158,2048,2048,2048,2168,2048,2048,2048,2178,2048,2048,2048,2178,2048,2038,2048,2178,2048,2028,2048,2178,2048,2018,2048,2178,2048,2008,2048,2178,2048,1998,2048,2178,2048,1988,2048,2188,2048,1988,2048,2188,2048,1978,2048,2188,2048,1968,2048,2188,2048,1958,2048,2188,2048,1948,2048,2188,2048,1938,2048,2188,2048,1928,2048,2198,2048,1928,2048,2208,2048,1928,2048,2218,2048,1928,2048,2228,2048,1928,2048,2238,2048,1928,2048,2248,2048,1928,2048,2258,2048,1928,2048,2268,2048,1928,2048,2278,2048,1928,2048,2288,2048,1928,2048,2298,2048,1928,2048,2308,2048,1928,2048,2318,2048,1928,2048,2328,2048,1928,2048,2338,2048,1928,2048,2348,2048,1928,2048,2358,2048,1928,2048,2368,2048,1928,2048,2378,2048,1928,2048,2388,2048,1928,2048,2398,2048,1928,2048,2408,2048,1928,2048,2418,2048,1928,2048,2428,2048,1928,2048,2438,2048,1928,2048,2448,2048,1928,2048,2458,2048,1928,2048,2468,2048,1928,2048,2478,2048,1928,2048,2488,2048,1928,2048,2498,2048,1928,2048,2508,2048,1928,2048,2518,2048,1928,2048,2528,2048,1928,2048,2538,2048,1928,2048,2548,2048,1928,2048,2558,2048,1928,2048,2568,2048,1928,2048,2578,2048,1928,2048,2588,2048,1928,2048,2598,2048,1928,2048,2608,2048,1928,2048,2618,2048,1928,2048,2628,2048,1928,2048,2638,2048,1928,2048,2648,2048,1928,2048,2658,2048,1928,2048,2668,2048,1928,2048,2678,2048,1928,2048,2688,2048,1928,2048,2698,2048,1928,2048,2708,2048,1928,2048,2718,2048,1928,2048,2728,2048,1928,2048,2738,2048,1928,2048,2748,2048,1928,2048,2758,2048,1928,2048,2768,2048,1928,2048,2778,2048,1928,2048,2788,2048,1928,2048,2798,2048,1928,2048,2808,2048,1928,2048,2818,2048,1928,2048,2828,2048,1928,2048,2838,2048,1928,2048,2848,2048,1928,2048,2858,2048,1928,2048,2868,2048,1928,2048,2878,2048,1928,2048,2888,2048,1928,2048,2898,2048,1928,2048,2908,2048,1928,2048,2918,2048,1928,2048,2928,2048,1928,2048,2938,2048,1928,2048,2948,2048,1928,2048,2958,2048,1928,2048,2968,2048,1928,2048,2978,2048,1928,2048,2988,2048,1928,2048,2998,2048,1928,2048,3008,2048,1928,2048,3018,2048,1928,2048,3028,2048,1928,2048,3038,2048,1928,2048,3048,2048,1928,2048,3058,2048,1928,2048,3068,2048,1928,2048,3078,2048,1928,2048,3088,2048,1928,2048,3098,2048,1928,2048,3108,2048,1928,2048,3118,2048,1928,2048,3128,2048,1928,2048,3138,2048,1928,2048,3148,2048,1928,2048,3158,2048,1928,2048,3168,2048,1928,2048,3178,2048,1928,2048,3188,2048,1928,2048,3198,2048,1928,2048,3208,2048,1928,2048,3218,2048,1928,2048,3228,2048,1928,2048,3238,2048,1928,2048,3248,2048,1928,2048,3258,2048,1928,2048,3268,2048,1928,2048,3278,2048,1928,2048,3288,2048,1928,2048,3298,2048,1928,2048,3308,2048,1928,2048,3318,2048,1928,2048,3328,2048,1928,2048,3338,2048,1928,2048,3348,2048,1928,2048,3358,2048,1928,2048,3368,2048,1928,2048,3378,2048,1928,2048,3388,2048,1928,2048,3398,2048,1928,2048,3408,2048,1928,2048,3418,2048,1928,2048,3428,2048,1928,2048,3438,2048,1928,2048,3448,2048,1928,2048,3458,2048,1928,2048,3468,2048,1928,2048,3478,2048,1928,2048,3488,2048,1928,2048,3498,2048,1928,2048,3508,2048,1928,2048,3518,2048,1928,2048,3528,2048,1928,2048,3538,2048,1928,2048,3548,2048,1928,2048,3558,2048,1928,2048,3568,2048,1928,2048,3578,2048,1928,2048,3588,2048,1928,2048,3598,2048,1928,2048,3608,2048,1928,2048,3618,2048,1928,2048,3628,2048,1928,2048,3638,2048,1928,2048,3648,2048,1928,2048,3658,2048,1928,2048,3668,2048,1928,2048,3678,2048,1928,2048,3688,2048,1928,2048,3698,2048,1928,2048,3708,2048,1928,2048,3718,2048,1928,2048,3728,2048,1928,2048,3738,2048,1928,2048,3748,2048,1928,2048,3758,2048,1928,2048,3768,2048,1928,2048,3778,2048,1928,2048,3788,2048,1928,2048,3798,2048,1928,2048,3808,2048,1928,2048,3818,2048,1928,2048,3828,2048,1928,2048,3838,2048,1928,2048,3848,2048,1928,2048,3858,2048,1928,2048,3868,2048,1928,2048,3878,2048,1928,2048,3888,2048,1928,2048,3898,2048,1928,2048,3908,2048,1928,2048,3918,2048,1928,2048,3928,2048,1928,2048,3938,2048,1928,2048,3948,2048,1928,2048,3958,2048,1928,2048,3968,2048,1928,2048,3968,2048,1938,2048,3968,2058,1938,2048,3968,2058,1948,2048,3968,2068,1948,2048,3968,2068,1958,2048,3968,2078,1958,2048,3968,2078,1968,2048,3968,2078,1978,2048,3968,2088,1978,2048,3978,2088,1978,2048,3978,2088,1988,2048,3978,2098,1988,2048,3978,2098,1998,2048,3978,2108,1998,2048,3978,2108,2008,2048,3978,2118,2008,2048,3978,2118,2018,2048,3978,2128,2018,2048,3978,2128,2028,2048,3978,2128,2038,2048,3978,2138,2038,2048,3978,2138,2048,2048,3978,2148,2048,2048,3978,2148,2058,2048,3978,2158,2058,2048,3978,2158,2068,2048,3978,2168,2068,2048,3978,2168,2078,2048,3978,2168,2088,2048,3978,2178,2088,2048,3978,2178,2098,2048,3978,2188,2098,2048,3978,2188,2108,2048,3978,2198,2108,2048,3978,2198,2118,2048,3978,2208,2118,2048,3978,2208,2128,2048,3978,2208,2138,2048,3978,2218,2138,2048,3978,2218,2148,2048,3978,2228,2148,2048,3988,2228,2148,2048,3988,2228,2158,2048,3988,2238,2158,2048,3988,2238,2168,2048,3988,2238,2178,2048,3988,2248,2178,2048,3988,2248,2188,2048,3988,2258,2188,2048,3988,2258,2198,2048,3988,2268,2198,2048,3988,2268,2208,2048,3988,2278,2208,2048,3988,2278,2218,2048,3988,2278,2228,2048,3988,2288,2228,2048,3988,2288,2238,2048,3988,2298,2238,2048,3988,2298,2248,2048,3988,2308,2248,2048,3988,2308,2258,2048,3988,2308,2268,2048,3988,2318,2268,2048,3988,2318,2278,2048,3988,2328,2278,2048,3988,2328,2288,2048,3988,2338,2288,2048,3988,2338,2298,2048,3988,2338,2308,2048,3988,2348,2308,2048,3988,2348,2318,2048,3988,2358,2318,2048,3988,2358,2328,2048,3988,2358,2338,2048,3988,2368,2338,2048,3988,2368,2348,2048,3988,2378,2348,2048,3988,2378,2358,2048,3988,2388,2358,2048,3988,2388,2368,2048
2048,2048,2048,2048,512,256,-114,58,433,148,13410,3029,1,159,2048,2038,2048,2048,2048,2028,2048,2048,2048,2018,2048,2048,2048,2008,2048,2048,2048,1998,2048,2048,2048,1988,2048,2048,2048,1978,2048,2048,2048,1968,2048,2048,2048,1958,2048,2048,2048,1948,2048,2048,2048,1938,2048,2048,2048,1928,2048,2048,2048,1918,2048,2048,2048,1908,2048,2048,2048,1898,2048,2048,2048,1888,2048,2048,2048,1878,2048,2048,2048,1868,2048,2048,2048,1858,2048,2048,2048,1848,2048,2048,2048,1838,2048,2048,2048,1828,2048,2048,2048,1818,2048,2048,2048,1808,2048,2048,2048,1798,2048,2048,2048,1788,2048,2048,2048,1778,2048,2048,2048,1768,2048,2048,2048,1758,2048,2048,2048,1748,2048,2048,2048,1738,2048,2048,2048,1728,2048,2048,2048,1718,2048,2048,2048,1708,2048,2048,2048,1698,2048,2048,2048,1688,2048,2048,2048,1678,2048,2048,2048,1668,2048,2048,2048,1668,2048,2038,2048,1658,2048,2038,2048,1658,2048,2028,2058,1658,2048,2028,2068,1658,2048,2028,2078,1658,2048,2028,2088,1658,2048,2028,2098,1658,2048,2028,2108,1658,2048,2028,2118,1658,2048,2028,2128,1658,2048,2028,2138,1658,2048,2028,2148,1658,2048,2028,2158,1658,2048,2028,2168,1658,2048,2028,2178,1658,2048,2028,2188,1658,2048,2028,2198,1658,2048,2028,2208,1658,2048,2028,2218,1658,2048,2028,2228,1658,2048,2028,2238,1658,2048,2028,2248,1658,2048,2028,2258,1658,2048,2028,2268,1658,2048,2028,2278,1658,2048,2028,2288,1658,2048,2028,2298,1658,2048,2028,2308,1658,2048,2028,2318,1658,2048,2028,2328,1658,2048,2028,2338,1658,2048,2028,2348,1658,2048,2028,2358,1658,2048,2028,2368,1658,2048,2028,2378,1658,2048,2028,2388,1658,2048,2028,2398,1658,2048,2028,2408,1658,2048,2028,2418,1658,2048,2028,2428,1658,2048,2028,2438,1658,2048,2028,2448,1658,2048,2028,2458,1658,2048,2028,2468,1658,2048,2028,2478,1658,2048,2028,2488,1658,2048,2028,2498,1658,2048,2028,2508,1658,2048,2028,2518,1658,2048,2028,2528,1658,2048,2028,2538,1658,2048,2028,2548,1658,2048,2028,2558,1658,2048,2028,2568,1658,2048,2028,2578,1658,2048,2028,2588,1658,2048,2028,2598,1658,2048,2028,2608,1658,2048,2028,2618,1658,2048,2028,2628,1658,2048,2028,2638,1658,2048,2028,2648,1658,2048,2028,2658,1658,2048,2028,2668,1658,2048,2028,2678,1658,2048,2028,2688,1658,2048,2028,2698,1658,2048,2028,2708,1658,2048,2028,2718,1658,2048,2028,2728,1658,2048,2028,2738,1658,2048,2028,2748,1658,2048,2028,2758,1658,2048,2028,2768,1658,2048,2028,2768,1648,2048,2028,2768,1648,2038,2028,2768,1638,2038,2028,2768,1638,2028,2028,2768,1628,2028,2028,2768,1628,2018,2028,2768,1618,2018,2028,2768,1618,2008,2028,2768,1608,2008,2028,2768,1598,2008,2028,2768,1598,1998,2028,2768,1588,1998,2028,2768,1588,1988,2028,2768,1578,1988,2028,2768,1578,1978,2028,2768,1568,1978,2028,2768,1568,1968,2028,2768,1558,1968,2028,2768,1548,1968,2028,2768,1548,1958,2028,2768,1538,1958,2028,2768,1538,1948,2028,2768,1528,1948,2028,2768,1528,1938,2028,2768,1518,1938,2028,2768,1508,1938,2028,2768,1508,1928,2028,2768,1498,1928,2028,2768,1498,1918,2028,2768,1488,1918,2028,2768,1478,1918,2028,2768,1478,1908,2028,2768,1468,1908,2028,2768,1468,1898,2028,2768,1458,1898,2028,2768,1448,1898,2028,2768,1448,1888,2028,2768,1438,1888,2028,2768,1438,1878,2028,2768,1428,1878,2028,2768,1418,1878,2028,2768,1418,1868,2028,2768,1408,1868,2028,2768,1398,1868,2028,2768,1398,1858,2028,2768,1388,1858,2028
2048,2048,2048,2048,512,256,-400,65,248,1134,-270486,270486,0,1500,2058,2048,2048,2048,2068,2048,2048,2048,2078,2048,2048,2048,2088,2048,2048,2048,2098,2048,2048,2048,2108,2048,2048,2048,2118,2048,2048,2048,2128,2048,2048,2048,2138,2048,2048,2048,2148,2048,2048,2048,2158,2048,2048,2048,2168,2048,2048,2048,2178,2048,2048,2048,2188,2048,2048,2048,2198,2048,2048,2048,2208,2048,2048,2048,2218,2048,2048,2048,2228,2048,2048,2048,2238,2048,2048,2048,2248,2048,2048,2048,2258,2048,2048,2048,2268,2048,2048,2048,2278,2048,2048,2048,2288,2048,2048,2048,2298,2048,2048,2048,2308,2048,2048,2048,2318,2048,2048,2048,2328,2048,2048,2048,2338,2048,2048,2048,2348,2048,2048,2048,2358,2048,2048,2048,2368,2048,2048,2048,2378,2048,2048,2048,2388,2048,2048,2048,2398,2048,2048,2048,2408,2048,2048,2048,2418,2048,2048,2048,2428,2048,2048,2048,2438,2048,2048,2048,2448,2048,2048,2048,2458,2048,2048,2048,2468,2048,2048,2048,2478,2048,2048,2048,2488,2048,2048,2048,2498,2048,2048,2048,2508,2048,2048,2048,2518,2048,2048,2048,2528,2048,2048,2048,2538,2048,2048,2048,2548,2048,2048,2048,2558,2048,2048,2048,2568,2048,2048,2048,2578,2048,2048,2048,2588,2048,2048,2048,2598,2048,2048,2048,2608,2048,2048,2048,2618,2048,2048,2048,2628,2048,2048,2048,2638,2048,2048,2048,2648,2048,2048,2048,2658,2048,2048,2048,2668,2048,2048,2048,2678,2048,2048,2048,2688,2048,2048,2048,2698,2048,2048,2048,2708,2048,2048,2048,2718,2048,2048,2048,2718,2048,2048,2038,2718,2048,2048,2028,2728,2048,2048,2028,2728,2048,2048,2018,2728,2048,2048,2008,2738,2048,2048,2008,2738,2048,2048,1998,2738,2048,2048,1988,2748,2048,2048,1988,2748,2048,2048,1978,2748,2048,2048,1968,2758,2048,2048,1968,2768,2048,2048,1968,2778,2048,2048,1968,2788,2048,2048,1968,2798,2048,2048,1968,2808,2048,2048,1968,2818,2048,2048,1968,2828,2048,2048,1968,2838,2048,2048,1968,2848,2048,2048,1968,2858,2048,2048,1968,2868,2048,2048,1968,2878,2048,2048,1968,2888,2048,2048,1968,2898,2048,2048,1968,2908,2048,2048,1968,2918,2048,2048,1968,2928,2048,2048,1968,2938,2048,2048,1968,2948,2048,2048,1968,2948,2048,2058,1968,2948,2048,2058,1958,2948,2048,2058,1948,2948,2048,2068,1948,2948,2048,2068,1938,2948,2048,2068,1928,2948,2048,2078,1928,2948,2048,2078,1918,2948,2048,2078,1908,2948,2048,2088,1908,2948,2048,2088,1898,2948,2048,2088,1888,2948,2048,2098,1888,2948,2048,2098,1878,2948,2048,2098,1868,2948,2048,2108,1868,2948,2048,2108,1858,2948,2048,2108,1848,2948,2048,2118,1848,2948,2048,2118,1838,2948,2048,2118,1828,2948,2048,2128,1828,2948,2048,2128,1818,2948,2048,2128,1808,2948,2048,2138,1808,2948,2048,2138,1798,2948,2048,2138,1788,2948,2048,2148,1788,2948,2048,2148,1778,2948,2048,2158,1778,2948,2048,2158,1768,2948,2048,2158,1758,2948,2048,2168,1758,2948,2048,2168,1748,2948,2048,2168,1738,2948,2048,2178,1738,2948,2048,2178,1728,2948,2048,2178,1718,2948,2048,2188,1718,2948,2048,2188,1708,2948,2048,2188,1698,2948,2048,2198,1698,2948,2048,2198,1688,2948,2048,2198,1678,2948,2048,2208,1678,2948,2048,2208,1668,2948,2048,2208,1658,2948,2048,2218,1658,2948,2048,2218,1648,2948,2048,2218,1638,2948,2048,2228,1638,2958,2048,2228,1638,2958,2048,2228,1628,2958,2048,2228,1618,2958,2048,2238,1618,2968,2048,2238,1618,2968,2048,2238,1608,2968,2048,2238,1598,2968,2048,2248,1598,2978,2048,2248,1598,2978,2048,2248,1588,2978,2048,2248,1578,2978,2048,2258,1578,2988,2048,2258,1578,2988,2048,2258,1568,2988,2048,2258,1558,2988,2048,2268,1558,2998,2048,2268,1558,2998,2048,2268,1548,2998,2048,2268,1538,2998,2048,2278,1538,3008,2048,2278,1538,3008,2048,2278,1528,3008,2048,2278,1518,3008,2048,2288,1518,3008,2048,2288,1508,3018,2048,2288,1508,3018,2048,2288,1498,3018,2048,2298,1498,3018,2048,2298,1488,3028,2048,2298,1488,3028,2048,2298,1478,3028,2048,2308,1478,3028,2048,2308,1468,3028,2048,2308,1458,3028,2048,2318,1458,3038,2048,2318,1458,3038,2048,2318,1448,3038,2048,2318,1438,3038,2048,2328,1438,3048,2048,2328,1438,3048,2048,2328,1428,3048,2048,2328,1418,3048,2048,2338,1418,3058,2048,2338,1418,3058,2048,2338,1408,3058,2048,2338,1398,3058,2048,2348,1398,3068,2048,2348,1398,3068,2058,2348,1398,3068,2058,2358,1398,3078,2058,2358,1398,3078,2068,2358,1398,3068,2068,2358,1398,3068,2068,2368,1398,3078,2068,2368,1398,3088,2068,2368,1398,3088,2078,2368,1398,3078,2078,2368,1398,3068,2078,2368,1398,3068,2078,2378,1398,3068,2078,2388,1398,3078,2078,2388,1398,3088,2078,2388,1398,3098,2078,2388,1398,3108,2078,2388,1398,3108,2088,2388,1398,3098,2088,2388,1398,3088,2088,2388,1398,3078,2088,2388,1398,3068,2088,2388,1398,3068,2088,2398,1398,3078,2088,2398,1398,3088,2088,2398,1398,3098,2088,2398,1398,3108,2088,2398,1398,3118,2088,2398,1398,3128,2088,2398,1398,3128,2098,2398,1398,3118,2098,2398,1398,3108,2098,2398,1398,3098,2098,2398,1398,3088,2098,2398,1398,3078,2098,2398,1398,3068,2098,2398,1398,3068,2098,2408,1398,3078,2098,2408,1398,3088,2098,2408,1398,3098,2098,2408,1398,3108,2098,2408,1398,3118,2098,2408,1398,3128,2098,2408,1398,3138,2098,2408,1398,3138,2108,2408,1398,3128,2108,2408,1398,3118,2108,2408,1398,3108,2108,2408,1398,3098,2108,2408,1398,3088,2108,2408,1398,3078,2108,2408,1398,3068,2108,2408,1398,3068,2108,2418,1398,3078,2108,2418,1398,3088,2108,2418,1398,3098,2108,2418,1398,3108,2108,2418,1398,3118,2108,2418,1398,3128,2108,2418,1398,3138,2108,2418,1398,3148,2108,2418,1398,3158,2108,2418,1398,3158,2118,2418,1398,3148,2118,2418,1398,3138,2118,2418,1398,3128,2118,2418,1398,3118,2118,2418,1398,3108,2118,2418,1398,3098,2118,2418,1398,3088,2118,2418,1398,3078,2118,2418,1398,3068,2118,2418,1398,3068,2118,2428,1398,3068,2118,2438,1398,3078,2118,2438,1398,3088,2118,2438,1398,3098,2118,2438,1398,3108,2118,2438,1398,3118,2118,2438,1398,3128,2118,2438,1398,3138,2118,2438,1398,3148,2118,2438,1398,3158,2118,2438,1398,3168,2118,2438,1398,3168,2128,2438,1398,3158,2128,2438,1398,3148,2128,2438,1398,3138,2128,2438,1398,3128,2128,2438,1398,3118,2128,2438,1398,3108,2128,2438,1398,3098,2128,2438,1398,3088,2128,2438,1398,3078,2128,2438,1398,3068,2128,2438,1398,3068,2128,2448,1398,3078,2128,2448,1398,3088,2128,2448,1398,3098,2128,2448,1398,3108,2128,2448,1398,3118,2128,2448,1398,3128,2128,2448,1398,3138,2128,2448,1398,3148,2128,2448,1398,3158,2128,2448,1398,3168,2128,2448,1398,3178,2128,2448,1398,3188,2128,2448,1398,3188,2138,2448,1398,3178,2138,2448,1398,3168,2138,2448,1398,3158,2138,2448,1398,3148,2138,2448,1398,3138,2138,2448,1398,3128,2138,2448,1398,3118,2138,2448,1398,3108,2138,2448,1398,3098,2138,2448,1398,3088,2138,2448,1398,3078,2138,2448,1398,3068,2138,2448,1398,3068,2138,2458,1398,3078,2138,2458,1398,3088,2138,2458,1398,3098,2138,2458,1398,3108,2138,2458,1398,3118,2138,2458,1398,3128,2138,2458,1398,3138,2138,2458,1398,3148,2138,2458,1398,3158,2138,2458,1398,3168,2138,2458,1398,3178,2138,2458,1398,3188,2138,2458,1398,3198,2138,2458,1398,3198,2148,2458,1398,3188,2148,2458,1398,3178,2148,2458,1398,3168,2148,2458,1398,3158,2148,2458,1398,3148,2148,2458,1398,3138,2148,2458,1398,3128,2148,2458,1398,3118,2148,2458,1398,3108,2148,2458,1398,3098,2148,2458,1398,3088,2148,2458,1398,3078,2148,2458,1398,3068,2148,2458,1398,3068,2148,2468,1398,3078,2148,2468,1398,3088,2148,2468,1398,3098,2148,2468,1398,3108,2148,2468,1398,3118,2148,2468,1398,3128,2148,2468,1398,3138,2148,2468,1398,3148,2148,2468,1398,3158,2148,2468,1398,3168,2148,2468,1398,3178,2148,2468,1398,3188,2148,2468,1398,3198,2148,2468,1398,3208,2148,2468,1398,3218,2148,2468,1398,3218,2158,2468,1398,3208,2158,2468,1398,3198,2158,2468,1398,3188,2158,2468,1398,3178,2158,2468,1398,3168,2158,2468,1398,3158,2158,2468,1398,3148,2158,2468,1398,3138,2158,2468,1398,3128,2158,2468,1398,3118,2158,2468,1398,3108,2158,2468,1398,3098,2158,2468,1398,3088,2158,2468,1398,3078,2158,2468,1398,3068,2158,2468,1398,3068,2158,2478,1398,3068,2158,2488,1398,3078,2158,2488,1398,3088,2158,2488,1398,3098,2158,2488,1398,3108,2158,2488,1398,3118,2158,2488,1398,3128,2158,2488,1398,3138,2158,2488,1398,3148,2158,2488,1398,3158,2158,2488,1398,3168,2158,2488,1398,3178,2158,2488,1398,3188,2158,2488,1398,3198,2158,2488,1398,3208,2158,2488,1398,3218,2158,2488,1398,3228,2158,2488,1398,3228,2168,2488,1398,3218,2168,2488,1398,3208,2168,2488,1398,3198,2168,2488,1398,3188,2168,2488,1398,3178,2168,2488,1398,3168,2168,2488,1398,3158,2168,2488,1398,3148,2168,2488,1398,3138,2168,2488,1398,3128,2168,2488,1398,3118,2168,2488,1398,3108,2168,2488,1398,3098,2168,2488,1398,3088,2168,2488,1398,3078,2168,2488,1398,3068,2168,2488,1398,3068,2168,2498,1398,3078,2168,2498,1398,3088,2168,2498,1398,3098,2168,2498,1398,3108,2168,2498,1398,3118,2168,2498,1398,3128,2168,2498,1398,3138,2168,2498,1398,3148,2168,2498,1398,3158,2168,2498,1398,3168,2168,2498,1398,3178,2168,2498,1398,3188,2168,2498,1398,3198,2168,2498,1398,3208,2168,2498,1398,3218,2168,2498,1398,3228,2168,2498,1398,3238,2168,2498,1398,3248,2168,2498,1398,3248,2178,2498,1398,3238,2178,2498,1398,3228,2178,2498,1398,3218,2178,2498,1398,3208,2178,2498,1398,3198,2178,2498,1398,3188,2178,2498,1398,3178,2178,2498,1398,3168,2178,2498,1398,3158,2178,2498,1398,3148,2178,2498,1398,3138,2178,2498,1398,3128,2178,2498,1398,3118,2178,2498,1398,3108,2178,2498,1398,3098,2178,2498,1398,3088,2178,2498,1398,3078,2178,2498,1398,3068,2178,2498,1398,3068,2178,2508,1398,3078,2178,2508,1398,3088,2178,2508,1398,3098,2178,2508,1398,3108,2178,2508,1398,3118,2178,2508,1398,3128,2178,2508,1398,3138,2178,2508,1398,3148,2178,2508,1398,3158,2178,2508,1398,3168,2178,2508,1398,3178,2178,2508,1398,3188,2178,2508,1398,3198,2178,2508,1398,3208,2178,2508,1398,3218,2178,2508,1398,3228,2178,2508,1398,3238,2178,2508,1398,3248,2178,2508,1398,3258,2178,2508,1398,3258,2188,2508,1398,3248,2188,2508,1398,3238,2188,2508,1398,3228,2188,2508,1398,3218,2188,2508,1398,3208,2188,2508,1398,3198,2188,2508,1398,3188,2188,2508,1398,3178,2188,2508,1398,3168,2188,2508,1398,3158,2188,2508,1398,3148,2188,2508,1398,3138,2188,2508,1398,3128,2188,2508,1398,3118,2188,2508,1398,3108,2188,2508,1398,3098,2188,2508,1398,3088,2188,2508,1398,3078,2188,2508,1398,3068,2188,2508,1398,3068,2188,2518,1398,3078,2188,2518,1398,3088,2188,2518,1398,3098,2188,2518,1398,3108,2188,2518,1398,3118,2188,2518,1398,3128,2188,2518,1398,3138,2188,2518,1398,3148,2188,2518,1398,3158,2188,2518,1398,3168,2188,2518,1398,3178,2188,2518,1398,3188,2188,2518,1398,3198,2188,2518,1398,3208,2188,2518,1398,3218,2188,2518,1398,3228,2188,2518,1398,3238,2188,2518,1398,3248,2188,2518,1398,3258,2188,2518,1398,3268,2188,2518,1398,3278,2188,2518,1398,3278,2198,2518,1398,3268,2198,2518,1398,3258,2198,2518,1398,3248,2198,2518,1398,3238,2198,2518,1398,3228,2198,2518,1398,3218,2198,2518,1398,3208,2198,2518,1398,3198,2198,2518,1398,3188,2198,2518,1398,3178,2198,2518,1398,3168,2198,2518,1398,3158,2198,2518,1398,3148,2198,2518,1398,3138,2198,2518,1398,3128,2198,2518,1398,3118,2198,2518,1398,3108,2198,2518,1398,3098,2198,2518,1398,3088,2198,2518,1398,3078,2198,2518,1398,3068,2198,2518,1398,3068,2198,2528,1398,3068,2198,2538,1398,3078,2198,2538,1398,3088,2198,2538,1398,3098,2198,2538,1398,3108,2198,2538,1398,3118,2198,2538,1398,3128,2198,2538,1398,3138,2198,2538,1398,3148,2198,2538,1398,3158,2198,2538,1398,3168,2198,2538,1398,3178,2198,2538,1398,3188,2198,2538,1398,3198,2198,2538,1398,3208,2198,2538,1398,3218,2198,2538,1398,3228,2198,2538,1398,3238,2198,2538,1398,3248,2198,2538,1398,3258,2198,2538,1398,3268,2198,2538,1398,3278,2198,2538,1398,3288,2198,2538,1398,3288,2208,2538,1398,3278,2208,2538,1398,3268,2208,2538,1398,3258,2208,2538,1398,3248,2208,2538,1398,3238,2208,2538,1398,3228,2208,2538,1398,3218,2208,2538,1398,3208,2208,2538,1398,3198,2208,2538,1398,3188,2208,2538,1398,3178,2208,2538,1398,3168,2208,2538,1398,3158,2208,2538,1398,3148,2208,2538,1398,3138,2208,2538,1398,3128,2208,2538,1398,3118,2208,2538,1398,3108,2208,2538,1398,3098,2208,2538,1398,3088,2208,2538,1398,3078,2208,2538,1398,3068,2208,2538,1398,3068,2208,2548,1398,3078,2208,2548,1398,3088,2208,2548,1398,3098,2208,2548,1398,3108,2208,2548,1398,3118,2208,2548,1398,3128,2208,2548,1398,3138,2208,2548,1398,3148,2208,2548,1398,3158,2208,2548,1398,3168,2208,2548,1398,3178,2208,2548,1398,3188,2208,2548,1398,3198,2208,2548,1398,3208,2208,2548,1398,3218,2208,2548,1398,3228,2208,2548,1398,3238,2208,2548,1398,3248,2208,2548,1398,3258,2208,2548,1398,3268,2208,2548,1398,3278,2208,2548,1398,3288,2208,2548,1398,3298,2208,2548,1398,3308,2208,2548,1398,3308,2218,2548,1398,3298,2218,2548,1398,3288,2218,2548,1398,3278,2218,2548,1398,3268,2218,2548,1398,3258,2218,2548,1398,3248,2218,2548,1398,3238,2218,2548,1398,3228,2218,2548,1398,3218,2218,2548,1398,3208,2218,2548,1398,3198,2218,2548,1398,3188,2218,2548,1398,3178,2218,2548,1398,3168,2218,2548,1398,3158,2218,2548,1398,3148,2218,2548,1398,3138,2218,2548,1398,3128,2218,2548,1398,3118,2218,2548,1398,3108,2218,2548,1398,3098,2218,2548,1398,3088,2218,2548,1398,3078,2218,2548,1398,3068,2218,2548,1398,3068,2218,2558,1398,3078,2218,2558,1398,3088,2218,2558,1398,3098,2218,2558,1398,3108,2218,2558,1398,3118,2218,2558,1398,3128,2218,2558,1398,3138,2218,2558,1398,3148,2218,2558,1398,3158,2218,2558,1398,3168,2218,2558,1398,3178,2218,2558,1398,3188,2218,2558,1398,3198,2218,2558,1398,3208,2218,2558,1398,3218,2218,2558,1398,3228,2218,2558,1398,3238,2218,2558,1398,3248,2218,2558,1398,3258,2218,2558,1398,3268,2218,2558,1398,3278,2218,2558,1398,3288,2218,2558,1398,3298,2218,2558,1398,3308,2218,2558,1398,3318,2218,2558,1398,3318,2228,2558,1398,3308,2228,2558,1398,3298,2228,2558,1398,3288,2228,2558,1398,3278,2228,2558,1398,3268,2228,2558,1398,3258,2228,2558,1398,3248,2228,2558,1398,3238,2228,2558,1398,3228,2228,2558,1398,3218,2228,2558,1398,3208,2228,2558,1398,3198,2228,2558,1398,3188,2228,2558,1398,3178,2228,2558,1398,3168,2228,2558,1398,3158,2228,2558,1398,3148,2228,2558,1398,3138,2228,2558,1398,3128,2228,2558,1398,3118,2228,2558,1398,3108,2228,2558,1398,3098,2228,2558,1398,3088,2228,2558,1398,3078,2228,2558,1398,3068,2228,2558,1398,3068,2228,2568,1398,3068,2228,2578,1398,3078,2228,2578,1398,3088,2228,2578,1398,3098,2228,2578,1398,3108,2228,2578,1398,3118,2228,2578,1398,3128,2228,2578,1398,3138,2228,2578,1398,3148,2228,2578,1398,3158,2228,2578,1398,3168,2228,2578,1398,3178,2228,2578,1398,3188,2228,2578,1398,3198,2228,2578,1398,3208,2228,2578,1398,3218,2228,2578,1398,3228,2228,2578,1398,3238,2228,2578,1398,3248,2228,2578,1398,3258,2228,2578,1398,3268,2228,2578,1398,3278,2228,2578,1398,3288,2228,2578,1398,3298,2228,2578,1398,3308,2228,2578,1398,3318,2228,2578,1398,3328,2228,2578,1398,3338,2228,2578,1398,3338,2238,2578,1398,3328,2238,2578,1398,3318,2238,2578,1398,3308,2238,2578,1398,3298,2238,2578,1398,3288,2238,2578,1398,3278,2238,2578,1398,3268,2238,2578,1398,3258,2238,2578,1398,3248,2238,2578,1398,3238,2238,2578,1398,3228,2238,2578,1398,3218,2238,2578,1398,3208,2238,2578,1398,3198,2238,2578,1398,3188,2238,2578,1398,3178,2238,2578,1398,3168,2238,2578,1398,3158,2238,2578,1398,3148,2238,2578,1398,3138,2238,2578,1398,3128,2238,2578,1398,3118,2238,2578,1398,3108,2238,2578,1398,3098,2238,2578,1398,3088,2238,2578,1398,3078,2238,2578,1398,3068,2238,2578,1398,3068,2238,2588,1398,3078,2238,2588,1398,3088,2238,2588,1398,3098,2238,2588,1398,3108,2238,2588,1398,3118,2238,2588,1398,3128,2238,2588,1398,3138,2238,2588,1398,3148,2238,2588,1398,3158,2238,2588,1398,3168,2238,2588,1398,3178,2238,2588,1398,3188,2238,2588,1398,3198,2238,2588,1398,3208,2238,2588,1398,3218,2238,2588,1398,3228,2238,2588,1398,3238,2238,2588,1398,3248,2238,2588,1398,3258,2238,2588,1398,3268,2238,2588,1398,3278,2238,2588,1398,3288,2238,2588,1398,3298,2238,2588,1398,3308,2238,2588,1398,3318,2238,2588,1398,3328,2238,2588,1398,3338,2238,2588,1398,3348,2238,2588,1398,3348,2248,2588,1398,3338,2248,2588,1398,3328,2248,2588,1398,3318,2248,2588,1398,3308,2248,2588,1398,3298,2248,2588,1398,3288,2248,2588,1398,3278,2248,2588,1398,3268,2248,2588,1398,3258,2248,2588,1398,3248,2248,2588,1398,3238,2248,2588,1398,3228,2248,2588,1398,3218,2248,2588,1398,3208,2248,2588,1398,3198,2248,2588,1398,3188,2248,2588,1398,3178,2248,2588,1398,3168,2248,2588,1398,3158,2248,2588,1398,3148,2248,2588,1398,3138,2248,2588,1398,3128,2248,2588,1398,3118,2248,2588,1398,3108,2248,2588,1398,3098,2248,2588,1398,3088,2248,2588,1398,3078,2248,2588,1398,3068,2248,2588,1398,3068,2248,2598,1398,3078,2248,2598,1398,3088,2248,2598,1398,3098,2248,2598,1398,3108,2248,2598,1398,3118,2248,2598,1398,3128,2248,2598,1398,3138,2248,2598,1398,3148,2248,2598,1398,3158,2248,2598,1398,3168,2248,2598,1398,3178,2248,2598,1398,3188,2248,2598,1398,3198,2248,2598,1398,3208,2248,2598,1398,3218,2248,2598,1398,3228,2248,2598,1398,3238,2248,2598,1398,3248,2248,2598,1398,3258,2248,2598,1398,3268,2248,2598,1398,3278,2248,2598,1398,3288,2248,2598,1398,3298,2248,2598,1398,3308,2248,2598,1398,3318,2248,2598,1398,3328,2248,2598,1398,3338,2248,2598,1398,3348,2248,2598,1398,3358,2248,2598,1398,3368,2248,2598,1398,3368,2258,2598,1398,3358,2258,2598,1398,3348,2258,2598,1398,3338,2258,2598,1398,3328,2258,2598,1398,3318,2258,2598,1398,3308,2258,2598,1398,3298,2258,2598,1398,3288,2258,2598,1398,3278,2258,2598,1398,3268,2258,2598,1398,3258,2258,2598,1398,3248,2258,2598,1398,3238,2258,2598,1398,3228,2258,2598,1398,3218,2258,2598,1398,3208,2258,2598,1398,3198,2258,2598,1398,3188,2258,2598,1398,3178,2258,2598,1398,3168,2258,2598,1398,3158,2258,2598,1398,3148,2258,2598,1398,3138,2258,2598,1398,3128,2258,2598,1398,3118,2258,2598,1398,3108,2258,2598,1398,3098,2258,2598,1398,3088,2258,2598,1398,3078,2258,2598,1398,3068,2258,2598,1398,3068,2258,2608,1398,3068,2258,2618,1398,3078,2258,2618,1398,3088,2258,2618,1398,3098,2258,2618,1398,3108,2258,2618,1398,3118,2258,2618,1398,3128,2258,2618,1398,3138,2258,2618,1398,3148,2258,2618,1398,3158,2258,2618,1398,3168,2258,2618,1398,3178,2258,2618,1398,3188,2258,2618,1398,3198,2258,2618,1398,3208,2258,2618,1398,3218,2258,2618,1398,3228,2258,2618,1398,3238,2258,2618,1398,3248,2258,2618,1398,3258,2258,2618,1398,3268,2258,2618,1398,3278,2258,2618,1398,3288,2258,2618,1398,3298,2258,2618,1398,3308,2258,2618,1398,3318,2258,2618,1398,3328,2258,2618,1398,3338,2258,2618,1398,3348,2258,2618,1398,3358,2258,2618,1398,3368,2258,2618,1398,3378,2258,2618,1398,3378,2268,2618,1398,3368,2268,2618,1398,3358,2268,2618,1398,3348,2268,2618,1398,3338,2268,2618,1398,3328,2268,2618,1398,3318,2268,2618,1398,3308,2268,2618,1398,3298,2268,2618,1398,3288,2268,2618,1398,3278,2268,2618,1398,3268,2268,2618,1398,3258,2268,2618,1398,3248,2268,2618,1398,3238,2268,2618,1398,3228,2268,2618,1398,3218,2268,2618,1398,3208,2268,2618,1398,3198,2268,2618,1398,3188,2268,2618,1398,3178,2268,2618,1398,3168,2268,2618,1398,3158,2268,2618,1398,3148,2268,2618,1398,3138,2268,2618,1398,3128,2268,2618,1398,3118,2268,2618,1398,3108,2268,2618,1398,3098,2268,2618,1398,3088,2268,2618,1398,3078,2268,2618,1398,3068,2268,2618,1398,3068,2268,2628,1398,3078,2268,2628,1398,3088,2268,2628,1398,3098,2268,2628,1398,3108,2268,2628,1398,3118,2268,2628,1398,3128,2268,2628,1398,3138,2268,2628,1398,3148,2268,2628,1398,3158,2268,2628,1398,3168,2268,2628,1398,3178,2268,2628,1398,3188,2268,2628,1398,3198,2268,2628,1398,3208,2268,2628,1398,3218,2268,2628,1398,3228,2268,2628,1398,3238,2268,2628,1398,3248,2268,2628,1398,3258,2268,2628,1398,3268,2268,2628,1398,3278,2268,2628,1398,3288,2268,2628,1398,3298,2268,2628,1398,3308,2268,2628,1398,3318,2268,2628,1398,3328,2268,2628,1398,3338,2268,2628,1398,3348,2268,2628,1398,3358,2268,2628,1398,3368,2268,2628,1398,3378,2268,2628,1398,3388,2268,2628,1398,3398,2268,2628,1398,3398,2278,2628,1398,3388,2278,2628,1398,3378,2278,2628,1398,3368,2278,2628,1398,3358,2278,2628,1398,3348,2278,2628,1398,3338,2278,2628,1398,3328,2278,2628,1398,3318,2278,2628,1398,3308,2278,2628,1398,3298,2278,2628,1398,3288,2278,2628,1398,3278,2278,2628,1398,3268,2278,2628,1398,3258,2278,2628,1398,3248,2278,2628,1398,3238,2278,2628,1398,3228,2278,2628,1398,3218,2278,2628,1398,3208,2278,2628,1398,3198,2278,2628,1398,3188,2278,2628,1398,3178,2278,2628,1398,3168,2278,2628,1398,3158,2278,2628,1398,3148,2278,2628,1398,3138,2278,2628,1398,3128,2278,2628,1398,3118,2278,2628,1398,3108,2278,2628,1398,3098,2278,2628,1398,3088,2278,2628,1398,3078,2278,2628,1398,3068,2278,2628,1398,3068,2278,2638,1398,3078,2278,2638,1398,3088,2278,2638,1398,3098,2278,2638,1398,3108,2278,2638,1398,3118,2278,2638,1398,3128,2278,2638,1398,3138,2278,2638,1398,3148,2278,2638,1398,3158,2278,2638,1398,3168,2278,2638,1398,3178,2278,2638,1398,3188,2278,2638,1398,3198,2278,2638,1398,3208,2278,2638,1398,3218,2278,2638,1398,3228,2278,2638,1398,3238,2278,2638,1398,3248,2278,2638,1398,3258,2278,2638,1398,3268,2278,2638,1398,3278,2278,2638,1398,3288,2278,2638,1398,3298,2278,2638,1398,3308,2278,2638,1398,3318,2278,2638,1398,3328,2278,2638,1398,3338,2278,2638,1398,3348,2278,2638,1398,3358,2278,2638,1398,3368,2278,2638,1398,3378,2278,2638,1398,3388,2278,2638,1398,3398,2278,2638,1398,3408,2278,2638,1398,3408,2288,2638,1398,3398,2288,2638,1398,3388,2288,2638,1398,3378,2288,2638,1398,3368,2288,2638,1398,3358,2288,2638,1398,3348,2288,2638,1398,3338,2288,2638,1398,3328,2288,2638,1398,3318,2288,2638,1398,3308,2288,2638,1398,3298,2288,2638,1398,3288,2288,2638,1398,3278,2288,2638,1398,3268,2288,2638,1398,3258,2288,2638,1398,3248,2288,2638,1398,3238,2288,2638,1398,3228,2288,2638,1398,3218,2288,2638,1398,3208,2288,2638,1398,3198,2288,2638,1398,3188,2288,2638,1398,3178,2288,2638,1398,3168,2288,2638,1398,3158,2288,2638,1398,3148,2288,2638,1398,3138,2288,2638,1398,3128,2288,2638,1398,3118,2288,2638,1398,3108,2288,2638,1398,3098,2288,2638,1398,3088,2288,2638,1398,3078,2288,2638,1398,3068,2288,2638,1398,3068,2288,2648,1398,3068,2288,2658,1398,3078,2288,2658,1398,3088,2288,2658,1398,3098,2288,2658,1398,3108,2288,2658,1398,3118,2288,2658,1398,3128,2288,2658,1398,3138,2288,2658,1398,3148,2288,2658,1398,3158,2288,2658,1398,3168,2288,2658,1398,3178,2288,2658,1398,3188,2288,2658,1398,3198,2288,2658,1398,3208,2288,2658,1398,3218,2288,2658,1398,3228,2288,2658,1398,3238,2288,2658,1398,3248,2288,2658,1398,3258,2288,2658,1398,3268,2288,2658,1398,3278,2288,2658,1398,3288,2288,2658,1398,3298,2288,2658,1398,3308,2288,2658,1398,3318,2288,2658,1398,3328,2288,2658,1398,3338,2288,2658,1398,3348,2288,2658,1398,3358,2288,2658,1398,3368,2288,2658,1398,3378,2288,2658,1398,3388,2288,2658,1398,3398,2288,2658,1398,3408,2288,2658,1398,3418,2288,2658,1398,3428,2288,2658,1398,3428,2298,2658,1398,3418,2298,2658,1398,3408,2298,2658,1398,3398,2298,2658,1398,3388,2298,2658,1398,3378,2298,2658,1398,3368,2298,2658,1398,3358,2298,2658,1398,3348,2298,2658,1398,3338,2298,2658,1398,3328,2298,2658,1398,3318,2298,2658,1398,3308,2298,2658,1398,3298,2298,2658,1398,3288,2298,2658,1398,3278,2298,2658,1398,3268,2298,2658,1398,3258,2298,2658,1398,3248,2298,2658,1398,3238,2298,2658,1398,3228,2298,2658,1398,3218,2298,2658,1398,3208,2298,2658,1398,3198,2298,2658,1398,3188,2298,2658,1398,3178,2298,2658,1398,3168,2298,2658,1398,3158,2298,2658,1398,3148,2298,2658,1398,3138,2298,2658,1398,3128,2298,2658,1398,3118,2298,2658,1398,3108,2298,2658,1398,3098,2298,2658,1398,3088,2298,2658,1398,3078,2298,2658,1398,3068,2298,2658,1398,3068,2298,2668,1398,3078,2298,2668,1398,3088,2298,2668,1398,3098,2298,2668,1398,3108,2298,2668,1398,3118,2298,2668,1398,3128,2298,2668,1398,3138,2298,2668,1398,3148,2298,2668,1398,3158,2298,2668,1398,3168,2298,2668,1398,3178,2298,2668,1398,3188,2298,2668,1398,3198,2298,2668,1398,3208,2298,2668,1398,3218,2298,2668,1398,3228,2298,2668,1398,3238,2298,2668,1398,3248,2298,2668,1398,3258,2298,2668,1398,3268,2298,2668,1398,3278,2298,2668,1398,3288,2298,2668,1398,3298,2298,2668,1398,3308,2298,2668,1398,3318,2298,2668,1398,3328,2298,2668,1398,3338,2298,2668,1398,3348,2298,2668,1398,3358,2298,2668,1398,3368,2298,2668,1398,3378,2298,2668,1398,3388,2298,2668,1398,3398,2298,2668,1398,3408,2298,2668,1398,3418,2298,2668,1398,3428,2298,2668,1398,3438,2298,2668,1398,3438,2308,2668,1398,3428,2308,2668,1398,3418,2308,2668,1398,3408,2308,2668,1398,3398,2308,2668,1398,3388,2308,2668,1398,3378,2308,2668,1398,3368,2308,2668,1398,3358,2308,2668,1398,3348,2308,2668,1398,3338,2308,2668,1398,3328,2308,2668,1398,3318,2308,2668,1398,3308,2308,2668,1398,3298,2308,2668,1398,3288,2308,2668,1398,3278,2308,2668,1398,3268,2308,2668,1398,3258,2308,2668,1398,3248,2308,2668,1398,3238,2308,2668,1398,3228,2308,2668,1398,3218,2308,2668,1398,3208,2308,2668,1398,3198,2308,2668,1398,3188,2308,2668,1398,3178,2308,2668,1398,3168,2308,2668,1398,3158,2308,2668,1398,3148,2308,2668,1398,3138,2308,2668,1398,3128,2308,2668,1398,3118,2308,2668,1398,3108,2308,2668,1398,3098,2308,2668,1398,3088,2308,2668,1398,3078,2308,2668,1398,3068,2308,2668,1398,3068,2308,2678,1398,3068,2308,2688,1398,3078,2308,2688,1398,3088,2308,2688,1398,3098,2308,2688,1398,3108,2308,2688,1398,3118,2308,2688,1398,3128,2308,2688,1398,3138,2308,2688,1398,3148,2308,2688,1398,3158,2308,2688,1398,3168,2308,2688,1398,3178,2308,2688,1398,3188,2308,2688,1398,3198,2308,2688,1398,3208,2308,2688,1398,3218,2308,2688,1398,3228,2308,2688,1398,3238,2308,2688,1398,3248,2308,2688,1398,3258,2308,2688,1398,3268,2308,2688,1398,3278,2308,2688,1398,3288,2308,2688,1398,3298,2308,2688,1398,3308,2308,2688,1398,3318,2308,2688,1398,3328,2308,2688,1398,3338,2308,2688,1398,3348,2308,2688,1398,3358,2308,2688,1398,3368,2308,2688,1398,3378,2308,2688,1398,3388,2308,2688,1398,3398,2308,2688,1398,3408,2308,2688,1398,3418,2308,2688,1398,3428,2308,2688,1398,3438,2308,2688,1398,3448,2308,2688,1398,3458,2308,2688,1398,3458,2318,2688,1398,3448,2318,2688,1398,3438,2318,2688,1398,3428,2318,2688,1398,3418,2318,2688,1398,3408,2318,2688,1398,3398,2318,2688,1398,3388,2318,2688,1398,3378,2318,2688,1398,3368,2318,2688,1398,3358,2318,2688,1398,3348,2318,2688,1398,3338,2318,2688,1398,3328,2318,2688,1398,3318,2318,2688,1398,3308,2318,2688,1398,3298,2318,2688,1398,3288,2318,2688,1398,3278,2318,2688,1398,3268,2318,2688,1398,3258,2318,2688,1398,3248,2318,2688,1398,3238,2318,2688,1398,3228,2318,2688,1398,3218,2318,2688,1398,3208,2318,2688,1398,3198,2318,2688,1398,3188,2318,2688,1398,3178,2318,2688,1398,3168,2318,2688,1398,3158,2318,2688,1398,3148,2318,2688,1398,3138,2318,2688,1398,3128,2318,2688,1398,3118,2318,2688,1398,3108,2318,2688,1398,3098,2318,2688,1398,3088,2318,2688,1398,3078,2318,2688,1398,3068,2318,2688,1398,3068,2318,2698,1398,3078,2318,2698,1398,3088,2318,2698,1398,3098,2318,2698,1398,3108,2318,2698,1398,3118,2318,2698,1398,3128,2318,2698,1398,3138,2318,2698,1398,3148,2318,2698,1398,3158,2318,2698,1398,3168,2318,2698,1398,3178,2318,2698,1398,3188,2318,2698,1398,3198,2318,2698,1398,3208,2318,2698,1398,3218,2318,2698,1398,3228,2318,2698,1398,3238,2318,2698,1398,3248,2318,2698,1398,3258,2318,2698,1398,3268,2318,2698,1398,3278,2318,2698,1398,3288,2318,2698,1398,3298,2318,2698,1398,3308,2318,2698,1398,3318,2318,2698,1398,3328,2318,2698,1398,3338,2318,2698,1398,3348,2318,2698,1398,3358,2318,2698,1398,3368,2318,2698,1398,3378,2318,2698,1398,3388,2318,2698,1398,3398,2318,2698,1398,3408,2318,2698,1398,3418,2318,2698,1398,3428,2318,2698,1398,3438,2318,2698,1398,3448,2318,2698,1398,3458,2318,2698,1398,3468,2318,2698,1398,3468,2328,2698,1398,3458,2328,2698,1398,3448,2328,2698,1398,3438,2328,2698,1398,3428,2328,2698,1398,3418,2328,2698,1398,3408,2328,2698,1398,3398,2328,2698,1398,3388,2328,2698,1398,3378,2328,2698,1398,3368,2328,2698,1398,3358,2328,2698,1398,3348,2328,2698,1398,3338,2328,2698,1398,3328,2328,2698,1398,3318,2328,2698,1398,3308,2328,2698,1398,3298,2328,2698,1398,3288,2328,2698,1398,3278,2328,2698,1398,3268,2328,2698,1398,3258,2328,2698,1398,3248,2328,2698,1398,3238,2328,2698,1398,3228,2328,2698,1398,3218,2328,2698,1398,3208,2328,2698,1398,3198,2328,2698,1398,3188,2328,2698,1398,3178,2328,2698,1398,3168,2328,2698,1398,3158,2328,2698,1398,3148,2328,2698,1398,3138,2328,2698,1398,3128,2328,2698,1398,3118,2328,2698,1398,3108,2328,2698,1398,3098,2328,2698,1398,3088,2328,2698,1398,3078,2328,2698,1398,3068,2328,2698,1398,3068,2328,2708,1398,3078,2328,2708,1398,3088,2328,2708,1398,3098,2328,2708,1398,3108,2328,2708,1398,3118,2328,2708,1398,3128,2328,2708,1398,3138,2328,2708,1398,3148,2328,2708,1398,3158,2328,2708,1398,3168,2328,2708,1398,3178,2328,2708,1398,3188,2328,2708,1398,3198,2328,2708,1398,3208,2328,2708,1398,3218,2328,2708,1398,3228,2328,2708,1398,3238,2328,2708,1398,3248,2328,2708,1398,3258,2328,2708,1398,3268,2328,2708,1398,3278,2328,2708,1398,3288,2328,2708,1398,3298,2328,2708,1398,3308,2328,2708,1398,3318,2328,2708,1398,3328,2328,2708,1398,3338,2328,2708,1398,3348,2328,2708,1398,3358,2328,2708,1398,3368,2328,2708,1398,3378,2328,2708,1398,3388,2328,2708,1398,3398,2328,2708,1398,3408,2328,2708,1398,3418,2328,2708,1398,3428,2328,2708,1398,3438,2328,2708,1398,3448,2328,2708,1398,3458,2328,2708,1398,3468,2328,2708,1398,3478,2328,2708,1398,3478,2338,2708,1398,3468,2338,2708,1398,3458,2338,2708,1398,3448,2338,2708,1398,3438,2338,2708,1398,3428,2338,2708,1398,3418,2338,2708,1398,3408,2338,2708,1398,3398,2338,2708,1398,3388,2338,2708,1398,3378,2338,2708,1398,3368,2338,2708,1398,3358,2338,2708,1398,3348,2338,2708,1398,3338,2338,2708,1398,3328,2338,2708,1398,3318,2338,2708,1398,3308,2338,2708,1398,3298,2338,2708,1398,3288,2338,2708,1398,3278,2338,2708,1398,3268,2338,2708,1398,3258,2338,2708,1398,3248,2338,2708,1398,3238,2338,2708,1398,3228,2338,2708,1398,3218,2338,2708,1398,3208,2338,2708,1398,3198,2338,2708,1398,3188,2338,2708,1398,3178,2338,2708,1398,3168,2338,2708,1398,3158,2338,2708,1398,3148,2338,2708,1398,3138,2338,2708,1398,3128,2338,2708,1398,3118,2338,2708,1398,3108,2338,2708,1398,3098,2338,2708,1398,3088,2338,2708,1398,3078,2338,2708,1398,3068,2338,2708,1398,3068,2338,2718,1398,3068,2338,2728,1398,3078,2338,2728,1398,3088,2338,2728,1398,3098,2338,2728,1398,3108,2338,2728,1398,3118,2338,2728,1398,3128,2338,2728,1398,3138,2338,2728,1398,3148,2338,2728,1398,3158,2338,2728,1398,3168,2338,2728,1398,3178,2338,2728,1398,3188,2338,2728,1398,3198,2338,2728,1398,3208,2338,2728,1398,3218,2338,2728,1398,3228,2338,2728,1398,3238,2338,2728,1398,3248,2338,2728,1398,3258,2338,2728,1398,3268,2338,2728,1398,3278,2338,2728,1398,3288,2338,2728,1398,3298,2338,2728,1398,3308,2338,2728,1398,3318,2338,2728,1398,3328,2338,2728,1398,3338,2338,2728,1398,3348,2338,2728,1398,3358,2338,2728,1398,3368,2338,2728,1398,3378,2338,2728,1398,3388,2338,2728,1398,3398,2338,2728,1398,3408,2338,2728,1398,3418,2338,2728,1398,3428,2338,2728,1398
2048,2048,2048,2048,512,256,-155,305,391,82,-65490,65490,0,69,2048,2038,2048,2048,2048,2028,2048,2048,2048,2018,2048,2048,2048,2008,2048,2048,2048,1998,2048,2048,2048,1988,2048,2048,2048,1978,2048,2048,2048,1968,2048,2048,2048,1958,2048,2048,2048,1948,2048,2048,2048,1938,2048,2048,2048,1928,2048,2048,2048,1918,2048,2048,2048,1908,2048,2048,2048,1898,2048,2048,2048,1898,2058,2048,2048,1898,2068,2048,2048,1898,2078,2048,2048,1898,2088,2048,2048,1898,2098,2048,2048,1898,2108,2048,2048,1898,2118,2048,2048,1898,2128,2048,2048,1898,2138,2048,2048,1898,2148,2048,2048,1898,2158,2048,2048,1898,2168,2048,2058,1898,2168,2048,2068,1898,2168,2048,2078,1898,2168,2048,2088,1898,2168,2048,2098,1898,2168,2048,2108,1898,2168,2048,2118,1898,2168,2048,2128,1898,2168,2048,2138,1898,2168,2048,2148,1898,2168,2048,2158,1898,2168,2048,2168,1898,2168,2048,2178,1898,2168,2048,2188,1898,2168,2048,2198,1898,2168,2048,2208,1898,2168,2048,2218,1898,2168,2048,2228,1898,2168,2048,2238,1898,2168,2048,2248,1898,2168,2048,2258,1898,2168,2048,2268,1898,2168,2048,2278,1898,2168,2048,2288,1898,2168,2048,2298,1898,2168,2048,2308,1898,2168,2048,2318,1898,2168,2048,2328,1898,2168,2048,2338,1898,2168,2048,2348,1898,2168,2048,2358,1898,2168,2048,2368,1898,2168,2048,2378,1898,2168,2048,2388,1898,2168,2048,2398,1898,2168,2048,2408,1898,2168,2048,2418,1898,2168,2048,2428,1898,2168,2048,2428,1898,2158,2048,2418,1898,2158,2048,2418,1898,2168,2048,2428,1898,2168,2048
2048,2048,2048,2048,512,256,-368,144,234,1091,-261692,261692,0,1500,2058,2048,2048,2048,2068,2048,2048,2048,2078,2048,2048,2048,2088,2048,2048,2048,2098,2048,2048,2048,2108,2048,2048,2048,2118,2048,2048,2048,2128,2048,2048,2048,2138,2048,2048,2048,2148,2048,2048,2048,2158,2048,2048,2048,2168,2048,2048,2048,2178,2048,2048,2048,2188,2048,2048,2048,2198,2048,2048,2048,2208,2048,2048,2048,2218,2048,2048,2048,2228,2048,2048,2048,2238,2048,2048,2048,2248,2048,2048,2048,2258,2048,2048,2048,2268,2048,2048,2048,2278,2048,2048,2048,2288,2048,2048,2048,2298,2048,2048,2048,2308,2048,2048,2048,2318,2048,2048,2048,2328,2048,2048,2048,2338,2048,2048,2048,2348,2048,2048,2048,2358,2048,2048,2048,2368,2048,2048,2048,2378,2048,2048,2048,2388,2048,2048,2048,2398,2048,2048,2048,2408,2048,2048,2048,2418,2048,2048,2048,2428,2048,2048,2048,2438,2048,2048,2048,2448,2048,2048,2048,2458,2048,2048,2048,2468,2048,2048,2048,2478,2048,2048,2048,2488,2048,2048,2048,2498,2048,2048,2048,2508,2048,2048,2048,2518,2048,2048,2048,2528,2048,2048,2048,2538,2048,2048,2048,2548,2048,2048,2048,2558,2048,2048,2048,2568,2048,2048,2048,2578,2048,2048,2048,2588,2048,2048,2048,2598,2048,2048,2048,2608,2048,2048,2048,2618,2048,2048,2048,2628,2048,2048,2048,2638,2048,2048,2048,2648,2048,2048,2048,2658,2048,2048,2048,2668,2048,2048,2048,2678,2048,2048,2048,2678,2048,2048,2038,2678,2048,2048,2028,2688,2048,2048,2028,2688,2048,2048,2018,2688,2048,2048,2008,2698,2048,2048,2008,2698,2048,2048,1998,2698,2048,2048,1988,2698,2048,2048,1978,2708,2048,2048,1978,2708,2048,2048,1968,2708,2048,2048,1958,2718,2048,2048,1958,2718,2048,2048,1948,2718,2048,2048,1938,2728,2048,2048,1938,2728,2048,2048,1928,2728,2048,2048,1918,2738,2048,2048,1918,2738,2048,2048,1908,2748,2048,2048,1908,2758,2048,2048,1908,2768,2048,2048,1908,2778,2048,2048,1908,2788,2048,2048,1908,2788,2048,2058,1908,2788,2048,2058,1898,2788,2048,2058,1888,2788,2048,2068,1888,2788,2048,2068,1878,2788,2048,2068,1868,2788,2048,2078,1868,2788,2048,2078,1858,2788,2048,2078,1848,2788,2048,2088,1848,2788,2048,2088,1838,2788,2048,2088,1828,2788,2048,2098,1828,2798,2048,2098,1828,2798,2048,2098,1818,2798,2048,2098,1808,2798,2048,2108,1808,2808,2048,2108,1808,2808,2048,2108,1798,2808,2048,2108,1788,2808,2048,2118,1788,2818,2048,2118,1788,2818,2048,2118,1778,2828,2048,2118,1778,2828,2048,2118,1768,2828,2048,2128,1768,2828,2048,2128,1758,2838,2048,2128,1758,2838,2048,2128,1748,2838,2048,2138,1748,2848,2048,2138,1748,2848,2048,2138,1738,2848,2048,2138,1728,2848,2048,2148,1728,2858,2048,2148,1728,2858,2048,2148,1718,2858,2048,2148,1708,2858,2048,2158,1708,2868,2048,2158,1708,2868,2048,2158,1698,2868,2048,2158,1688,2868,2048,2168,1688,2878,2048,2168,1688,2878,2048,2168,1678,2878,2048,2168,1668,2878,2048,2178,1668,2888,2048,2178,1668,2888,2048,2178,1658,2888,2048,2178,1648,2888,2048,2188,1648,2898,2048,2188,1648,2898,2048,2188,1638,2898,2048,2188,1628,2898,2048,2198,1628,2908,2048,2198,1628,2908,2048,2198,1618,2908,2048,2198,1608,2908,2048,2208,1608,2918,2048,2208,1608,2918,2048,2208,1598,2918,2048,2208,1588,2918,2048,2218,1588,2928,2048,2218,1588,2928,2048,2218,1578,2928,2048,2218,1568,2928,2048,2228,1568,2938,2048,2228,1568,2938,2048,2228,1558,2938,2048,2238,1558,2948,2048,2238,1558,2948,2048,2238,1548,2948,2048,2238,1538,2948,2048,2248,1538,2958,2048,2248,1538,2958,2048,2248,1528,2958,2048,2248,1518,2958,2048,2258,1518,2968,2048,2258,1518,2968,2048,2258,1508,2968,2048,2258,1498,2968,2048,2268,1498,2978,2048,2268,1498,2978,2048,2268,1488,2978,2048,2268,1478,2978,2048,2278,1478,2988,2048,2278,1478,2988,2048,2278,1468,2988,2048,2278,1458,2988,2048,2278,1448,2988,2048,2288,1448,2998,2048,2288,1448,2998,2048,2288,1438,2998,2048,2288,1428,2998,2048,2298,1428,3008,2048,2298,1428,3008,2048,2298,1418,3008,2048,2298,1408,3008,2048,2308,1408,3008,2048,2308,1398,3018,2048,2308,1398,3018,2048,2308,1388,3018,2048,2318,1388,3018,2048,2318,1378,3028,2048,2318,1378,3028,2048,2318,1368,3028,2048,2328,1368,3028,2048,2328,1358,3028,2048,2328,1348,3028,2048,2338,1348,3038,2048,2338,1348,3038,2048,2338,1338,3038,2048,2338,1328,3038,2048,2348,1328,3048,2048,2348,1328,3048,2048,2348,1318,3048,2048,2348,1308,3048,2048,2358,1308,3048,2048,2358,1298,3058,2048,2358,1298,3058,2048,2358,1288,3058,2048,2368,1288,3058,2048,2368,1278,3058,2048,2368,1268,3058,2048,2378,1268,3068,2048,2378,1268,3068,2058,2378,1268,3068,2058,2388,1268,3078,2058,2388,1268,3078,2068,2388,1268,3068,2068,2388,1268,3068,2068,2398,1268,3078,2068,2398,1268,3088,2068,2398,1268,3098,2068,2398,1268,3098,2078,2398,1268,3088,2078,2398,1268,3078,2078,2398,1268,3068,2078,2398,1268,3068,2078,2408,1268,3068,2078,2418,1268,3078,2078,2418,1268,3088,2078,2418,1268,3098,2078,2418,1268,3108,2078,2418,1268,3118,2078,2418,1268,3118,2088,2418,1268,3108,2088,2418,1268,3098,2088,2418,1268,3088,2088,2418,1268,3078,2088,2418,1268,3068,2088,2418,1268,3068,2088,2428,1268,3078,2088,2428,1268,3088,2088,2428,1268,3098,2088,2428,1268,3108,2088,2428,1268,3118,2088,2428,1268,3128,2088,2428,1268,3128,2098,2428,1268,3118,2098,2428,1268,3108,2098,2428,1268,3098,2098,2428,1268,3088,2098,2428,1268,3078,2098,2428,1268,3068,2098,2428,1268,3068,2098,2438,1268,3078,2098,2438,1268,3088,2098,2438,1268,3098,2098,2438,1268,3108,2098,2438,1268,3118,2098,2438,1268,3128,2098,2438,1268,3138,2098,2438,1268,3138,2108,2438,1268,3128,2108,2438,1268,3118,2108,2438,1268,3108,2108,2438,1268,3098,2108,2438,1268,3088,2108,2438,1268,3078,2108,2438,1268,3068,2108,2438,1268,3068,2108,2448,1268,3078,2108,2448,1268,3088,2108,2448,1268,3098,2108,2448,1268,3108,2108,2448,1268,3118,2108,2448,1268,3128,2108,2448,1268,3138,2108,2448,1268,3148,2108,2448,1268,3158,2108,2448,1268,3158,2118,2448,1268,3148,2118,2448,1268,3138,2118,2448,1268,3128,2118,2448,1268,3118,2118,2448,1268,3108,2118,2448,1268,3098,2118,2448,1268,3088,2118,2448,1268,3078,2118,2448,1268,3068,2118,2448,1268,3068,2118,2458,1268,3078,2118,2458,1268,3088,2118,2458,1268,3098,2118,2458,1268,3108,2118,2458,1268,3118,2118,2458,1268,3128,2118,2458,1268,3138,2118,2458,1268,3148,2118,2458,1268,3158,2118,2458,1268,3168,2118,2458,1268,3168,2128,2458,1268,3158,2128,2458,1268,3148,2128,2458,1268,3138,2128,2458,1268,3128,2128,2458,1268,3118,2128,2458,1268,3108,2128,2458,1268,3098,2128,2458,1268,3088,2128,2458,1268,3078,2128,2458,1268,3068,2128,2458,1268,3068,2128,2468,1268,3068,2128,2478,1268,3078,2128,2478,1268,3088,2128,2478,1268,3098,2128,2478,1268,3108,2128,2478,1268,3118,2128,2478,1268,3128,2128,2478,1268,3138,2128,2478,1268,3148,2128,2478,1268,3158,2128,2478,1268,3168,2128,2478,1268,3178,2128,2478,1268,3188,2128,2478,1268,3188,2138,2478,1268,3178,2138,2478,1268,3168,2138,2478,1268,3158,2138,2478,1268,3148,2138,2478,1268,3138,2138,2478,1268,3128,2138,2478,1268,3118,2138,2478,1268,3108,2138,2478,1268,3098,2138,2478,1268,3088,2138,2478,1268,3078,2138,2478,1268,3068,2138,2478,1268,3068,2138,2488,1268,3078,2138,2488,1268,3088,2138,2488,1268,3098,2138,2488,1268,3108,2138,2488,1268,3118,2138,2488,1268,3128,2138,2488,1268,3138,2138,2488,1268,3148,2138,2488,1268,3158,2138,2488,1268,3168,2138,2488,1268,3178,2138,2488,1268,3188,2138,2488,1268,3198,2138,2488,1268,3198,2148,2488,1268,3188,2148,2488,1268,3178,2148,2488,1268,3168,2148,2488,1268,3158,2148,2488,1268,3148,2148,2488,1268,3138,2148,2488,1268,3128,2148,2488,1268,3118,2148,2488,1268,3108,2148,2488,1268,3098,2148,2488,1268,3088,2148,2488,1268,3078,2148,2488,1268,3068,2148,2488,1268,3068,2148,2498,1268,3078,2148,2498,1268,3088,2148,2498,1268,3098,2148,2498,1268,3108,2148,2498,1268,3118,2148,2498,1268,3128,2148,2498,1268,3138,2148,2498,1268,3148,2148,2498,1268,3158,2148,2498,1268,3168,2148,2498,1268,3178,2148,2498,1268,3188,2148,2498,1268,3198,2148,2498,1268,3208,2148,2498,1268,3218,2148,2498,1268,3218,2158,2498,1268,3208,2158,2498,1268,3198,2158,2498,1268,3188,2158,2498,1268,3178,2158,2498,1268,3168,2158,2498,1268,3158,2158,2498,1268,3148,2158,2498,1268,3138,2158,2498,1268,3128,2158,2498,1268,3118,2158,2498,1268,3108,2158,2498,1268,3098,2158,2498,1268,3088,2158,2498,1268,3078,2158,2498,1268,3068,2158,2498,1268,3068,2158,2508,1268,3068,2158,2518,1268,3078,2158,2518,1268,3088,2158,2518,1268,3098,2158,2518,1268,3108,2158,2518,1268,3118,2158,2518,1268,3128,2158,2518,1268,3138,2158,2518,1268,3148,2158,2518,1268,3158,2158,2518,1268,3168,2158,2518,1268,3178,2158,2518,1268,3188,2158,2518,1268,3198,2158,2518,1268,3208,2158,2518,1268,3218,2158,2518,1268,3228,2158,2518,1268,3228,2168,2518,1268,3218,2168,2518,1268,3208,2168,2518,1268,3198,2168,2518,1268,3188,2168,2518,1268,3178,2168,2518,1268,3168,2168,2518,1268,3158,2168,2518,1268,3148,2168,2518,1268,3138,2168,2518,1268,3128,2168,2518,1268,3118,2168,2518,1268,3108,2168,2518,1268,3098,2168,2518,1268,3088,2168,2518,1268,3078,2168,2518,1268,3068,2168,2518,1268,3068,2168,2528,1268,3078,2168,2528,1268,3088,2168,2528,1268,3098,2168,2528,1268,3108,2168,2528,1268,3118,2168,2528,1268,3128,2168,2528,1268,3138,2168,2528,1268,3148,2168,2528,1268,3158,2168,2528,1268,3168,2168,2528,1268,3178,2168,2528,1268,3188,2168,2528,1268,3198,2168,2528,1268,3208,2168,2528,1268,3218,2168,2528,1268,3228,2168,2528,1268,3238,2168,2528,1268,3248,2168,2528,1268,3248,2178,2528,1268,3238,2178,2528,1268,3228,2178,2528,1268,3218,2178,2528,1268,3208,2178,2528,1268,3198,2178,2528,1268,3188,2178,2528,1268,3178,2178,2528,1268,3168,2178,2528,1268,3158,2178,2528,1268,3148,2178,2528,1268,3138,2178,2528,1268,3128,2178,2528,1268,3118,2178,2528,1268,3108,2178,2528,1268,3098,2178,2528,1268,3088,2178,2528,1268,3078,2178,2528,1268,3068,2178,2528,1268,3068,2178,2538,1268,3078,2178,2538,1268,3088,2178,2538,1268,3098,2178,2538,1268,3108,2178,2538,1268,3118,2178,2538,1268,3128,2178,2538,1268,3138,2178,2538,1268,3148,2178,2538,1268,3158,2178,2538,1268,3168,2178,2538,1268,3178,2178,2538,1268,3188,2178,2538,1268,3198,2178,2538,1268,3208,2178,2538,1268,3218,2178,2538,1268,3228,2178,2538,1268,3238,2178,2538,1268,3248,2178,2538,1268,3258,2178,2538,1268,3258,2188,2538,1268,3248,2188,2538,1268,3238,2188,2538,1268,3228,2188,2538,1268,3218,2188,2538,1268,3208,2188,2538,1268,3198,2188,2538,1268,3188,2188,2538,1268,3178,2188,2538,1268,3168,2188,2538,1268,3158,2188,2538,1268,3148,2188,2538,1268,3138,2188,2538,1268,3128,2188,2538,1268,3118,2188,2538,1268,3108,2188,2538,1268,3098,2188,2538,1268,3088,2188,2538,1268,3078,2188,2538,1268,3068,2188,2538,1268,3068,2188,2548,1268,3068,2188,2558,1268,3078,2188,2558,1268,3088,2188,2558,1268,3098,2188,2558,1268,3108,2188,2558,1268,3118,2188,2558,1268,3128,2188,2558,1268,3138,2188,2558,1268,3148,2188,2558,1268,3158,2188,2558,1268,3168,2188,2558,1268,3178,2188,2558,1268,3188,2188,2558,1268,3198,2188,2558,1268,3208,2188,2558,1268,3218,2188,2558,1268,3228,2188,2558,1268,3238,2188,2558,1268,3248,2188,2558,1268,3258,2188,2558,1268,3268,2188,2558,1268,3278,2188,2558,1268,3278,2198,2558,1268,3268,2198,2558,1268,3258,2198,2558,1268,3248,2198,2558,1268,3238,2198,2558,1268,3228,2198,2558,1268,3218,2198,2558,1268,3208,2198,2558,1268,3198,2198,2558,1268,3188,2198,2558,1268,3178,2198,2558,1268,3168,2198,2558,1268,3158,2198,2558,1268,3148,2198,2558,1268,3138,2198,2558,1268,3128,2198,2558,1268,3118,2198,2558,1268,3108,2198,2558,1268,3098,2198,2558,1268,3088,2198,2558,1268,3078,2198,2558,1268,3068,2198,2558,1268,3068,2198,2568,1268,3078,2198,2568,1268,3088,2198,2568,1268,3098,2198,2568,1268,3108,2198,2568,1268,3118,2198,2568,1268,3128,2198,2568,1268,3138,2198,2568,1268,3148,2198,2568,1268,3158,2198,2568,1268,3168,2198,2568,1268,3178,2198,2568,1268,3188,2198,2568,1268,3198,2198,2568,1268,3208,2198,2568,1268,3218,2198,2568,1268,3228,2198,2568,1268,3238,2198,2568,1268,3248,2198,2568,1268,3258,2198,2568,1268,3268,2198,2568,1268,3278,2198,2568,1268,3288,2198,2568,1268,3288,2208,2568,1268,3278,2208,2568,1268,3268,2208,2568,1268,3258,2208,2568,1268,3248,2208,2568,1268,3238,2208,2568,1268,3228,2208,2568,1268,3218,2208,2568,1268,3208,2208,2568,1268,3198,2208,2568,1268,3188,2208,2568,1268,3178,2208,2568,1268,3168,2208,2568,1268,3158,2208,2568,1268,3148,2208,2568,1268,3138,2208,2568,1268,3128,2208,2568,1268,3118,2208,2568,1268,3108,2208,2568,1268,3098,2208,2568,1268,3088,2208,2568,1268,3078,2208,2568,1268,3068,2208,2568,1268,3068,2208,2578,1268,3078,2208,2578,1268,3088,2208,2578,1268,3098,2208,2578,1268,3108,2208,2578,1268,3118,2208,2578,1268,3128,2208,2578,1268,3138,2208,2578,1268,3148,2208,2578,1268,3158,2208,2578,1268,3168,2208,2578,1268,3178,2208,2578,1268,3188,2208,2578,1268,3198,2208,2578,1268,3208,2208,2578,1268,3218,2208,2578,1268,3228,2208,2578,1268,3238,2208,2578,1268,3248,2208,2578,1268,3258,2208,2578,1268,3268,2208,2578,1268,3278,2208,2578,1268,3288,2208,2578,1268,3298,2208,2578,1268,3308,2208,2578,1268,3308,2218,2578,1268,3298,2218,2578,1268,3288,2218,2578,1268,3278,2218,2578,1268,3268,2218,2578,1268,3258,2218,2578,1268,3248,2218,2578,1268,3238,2218,2578,1268,3228,2218,2578,1268,3218,2218,2578,1268,3208,2218,2578,1268,3198,2218,2578,1268,3188,2218,2578,1268,3178,2218,2578,1268,3168,2218,2578,1268,3158,2218,2578,1268,3148,2218,2578,1268,3138,2218,2578,1268,3128,2218,2578,1268,3118,2218,2578,1268,3108,2218,2578,1268,3098,2218,2578,1268,3088,2218,2578,1268,3078,2218,2578,1268,3068,2218,2578,1268,3068,2218,2588,1268,3068,2218,2598,1268,3078,2218,2598,1268,3088,2218,2598,1268,3098,2218,2598,1268,3108,2218,2598,1268,3118,2218,2598,1268,3128,2218,2598,1268,3138,2218,2598,1268,3148,2218,2598,1268,3158,2218,2598,1268,3168,2218,2598,1268,3178,2218,2598,1268,3188,2218,2598,1268,3198,2218,2598,1268,3208,2218,2598,1268,3218,2218,2598,1268,3228,2218,2598,1268,3238,2218,2598,1268,3248,2218,2598,1268,3258,2218,2598,1268,3268,2218,2598,1268,3278,2218,2598,1268,3288,2218,2598,1268,3298,2218,2598,1268,3308,2218,2598,1268,3318,2218,2598,1268,3318,2228,2598,1268,3308,2228,2598,1268,3298,2228,2598,1268,3288,2228,2598,1268,3278,2228,2598,1268,3268,2228,2598,1268,3258,2228,2598,1268,3248,2228,2598,1268,3238,2228,2598,1268,3228,2228,2598,1268,3218,2228,2598,1268,3208,2228,2598,1268,3198,2228,2598,1268,3188,2228,2598,1268,3178,2228,2598,1268,3168,2228,2598,1268,3158,2228,2598,1268,3148,2228,2598,1268,3138,2228,2598,1268,3128,2228,2598,1268,3118,2228,2598,1268,3108,2228,2598,1268,3098,2228,2598,1268,3088,2228,2598,1268,3078,2228,2598,1268,3068,2228,2598,1268,3068,2228,2608,1268,3078,2228,2608,1268,3088,2228,2608,1268,3098,2228,2608,1268,3108,2228,2608,1268,3118,2228,2608,1268,3128,2228,2608,1268,3138,2228,2608,1268,3148,2228,2608,1268,3158,2228,2608,1268,3168,2228,2608,1268,3178,2228,2608,1268,3188,2228,2608,1268,3198,2228,2608,1268,3208,2228,2608,1268,3218,2228,2608,1268,3228,2228,2608,1268,3238,2228,2608,1268,3248,2228,2608,1268,3258,2228,2608,1268,3268,2228,2608,1268,3278,2228,2608,1268,3288,2228,2608,1268,3298,2228,2608,1268,3308,2228,2608,1268,3318,2228,2608,1268,3328,2228,2608,1268,3338,2228,2608,1268,3338,2238,2608,1268,3328,2238,2608,1268,3318,2238,2608,1268,3308,2238,2608,1268,3298,2238,2608,1268,3288,2238,2608,1268,3278,2238,2608,1268,3268,2238,2608,1268,3258,2238,2608,1268,3248,2238,2608,1268,3238,2238,2608,1268,3228,2238,2608,1268,3218,2238,2608,1268,3208,2238,2608,1268,3198,2238,2608,1268,3188,2238,2608,1268,3178,2238,2608,1268,3168,2238,2608,1268,3158,2238,2608,1268,3148,2238,2608,1268,3138,2238,2608,1268,3128,2238,2608,1268,3118,2238,2608,1268,3108,2238,2608,1268,3098,2238,2608,1268,3088,2238,2608,1268,3078,2238,2608,1268,3068,2238,2608,1268,3068,2238,2618,1268,3078,2238,2618,1268,3088,2238,2618,1268,3098,2238,2618,1268,3108,2238,2618,1268,3118,2238,2618,1268,3128,2238,2618,1268,3138,2238,2618,1268,3148,2238,2618,1268,3158,2238,2618,1268,3168,2238,2618,1268,3178,2238,2618,1268,3188,2238,2618,1268,3198,2238,2618,1268,3208,2238,2618,1268,3218,2238,2618,1268,3228,2238,2618,1268,3238,2238,2618,1268,3248,2238,2618,1268,3258,2238,2618,1268,3268,2238,2618,1268,3278,2238,2618,1268,3288,2238,2618,1268,3298,2238,2618,1268,3308,2238,2618,1268,3318,2238,2618,1268,3328,2238,2618,1268,3338,2238,2618,1268,3348,2238,2618,1268,3348,2248,2618,1268,3338,2248,2618,1268,3328,2248,2618,1268,3318,2248,2618,1268,3308,2248,2618,1268,3298,2248,2618,1268,3288,2248,2618,1268,3278,2248,2618,1268,3268,2248,2618,1268,3258,2248,2618,1268,3248,2248,2618,1268,3238,2248,2618,1268,3228,2248,2618,1268,3218,2248,2618,1268,3208,2248,2618,1268,3198,2248,2618,1268,3188,2248,2618,1268,3178,2248,2618,1268,3168,2248,2618,1268,3158,2248,2618,1268,3148,2248,2618,1268,3138,2248,2618,1268,3128,2248,2618,1268,3118,2248,2618,1268,3108,2248,2618,1268,3098,2248,2618,1268,3088,2248,2618,1268,3078,2248,2618,1268,3068,2248,2618,1268,3068,2248,2628,1268,3068,2248,2638,1268,3078,2248,2638,1268,3088,2248,2638,1268,3098,2248,2638,1268,3108,2248,2638,1268,3118,2248,2638,1268,3128,2248,2638,1268,3138,2248,2638,1268,3148,2248,2638,1268,3158,2248,2638,1268,3168,2248,2638,1268,3178,2248,2638,1268,3188,2248,2638,1268,3198,2248,2638,1268,3208,2248,2638,1268,3218,2248,2638,1268,3228,2248,2638,1268,3238,2248,2638,1268,3248,2248,2638,1268,3258,2248,2638,1268,3268,2248,2638,1268,3278,2248,2638,1268,3288,2248,2638,1268,3298,2248,2638,1268,3308,2248,2638,1268,3318,2248,2638,1268,3328,2248,2638,1268,3338,2248,2638,1268,3348,2248,2638,1268,3358,2248,2638,1268,3368,2248,2638,1268,3368,2258,2638,1268,3358,2258,2638,1268,3348,2258,2638,1268,3338,2258,2638,1268,3328,2258,2638,1268,3318,2258,2638,1268,3308,2258,2638,1268,3298,2258,2638,1268,3288,2258,2638,1268,3278,2258,2638,1268,3268,2258,2638,1268,3258,2258,2638,1268,3248,2258,2638,1268,3238,2258,2638,1268,3228,2258,2638,1268,3218,2258,2638,1268,3208,2258,2638,1268,3198,2258,2638,1268,3188,2258,2638,1268,3178,2258,2638,1268,3168,2258,2638,1268,3158,2258,2638,1268,3148,2258,2638,1268,3138,2258,2638,1268,3128,2258,2638,1268,3118,2258,2638,1268,3108,2258,2638,1268,3098,2258,2638,1268,3088,2258,2638,1268,3078,2258,2638,1268,3068,2258,2638,1268,3068,2258,2648,1268,3078,2258,2648,1268,3088,2258,2648,1268,3098,2258,2648,1268,3108,2258,2648,1268,3118,2258,2648,1268,3128,2258,2648,1268,3138,2258,2648,1268,3148,2258,2648,1268,3158,2258,2648,1268,3168,2258,2648,1268,3178,2258,2648,1268,3188,2258,2648,1268,3198,2258,2648,1268,3208,2258,2648,1268,3218,2258,2648,1268,3228,2258,2648,1268,3238,2258,2648,1268,3248,2258,2648,1268,3258,2258,2648,1268,3268,2258,2648,1268,3278,2258,2648,1268,3288,2258,2648,1268,3298,2258,2648,1268,3308,2258,2648,1268,3318,2258,2648,1268,3328,2258,2648,1268,3338,2258,2648,1268,3348,2258,2648,1268,3358,2258,2648,1268,3368,2258,2648,1268,3378,2258,2648,1268,3378,2268,2648,1268,3368,2268,2648,1268,3358,2268,2648,1268,3348,2268,2648,1268,3338,2268,2648,1268,3328,2268,2648,1268,3318,2268,2648,1268,3308,2268,2648,1268,3298,2268,2648,1268,3288,2268,2648,1268,3278,2268,2648,1268,3268,2268,2648,1268,3258,2268,2648,1268,3248,2268,2648,1268,3238,2268,2648,1268,3228,2268,2648,1268,3218,2268,2648,1268,3208,2268,2648,1268,3198,2268,2648,1268,3188,2268,2648,1268,3178,2268,2648,1268,3168,2268,2648,1268,3158,2268,2648,1268,3148,2268,2648,1268,3138,2268,2648,1268,3128,2268,2648,1268,3118,2268,2648,1268,3108,2268,2648,1268,3098,2268,2648,1268,3088,2268,2648,1268,3078,2268,2648,1268,3068,2268,2648,1268,3068,2268,2658,1268,3078,2268,2658,1268,3088,2268,2658,1268,3098,2268,2658,1268,3108,2268,2658,1268,3118,2268,2658,1268,3128,2268,2658,1268,3138,2268,2658,1268,3148,2268,2658,1268,3158,2268,2658,1268,3168,2268,2658,1268,3178,2268,2658,1268,3188,2268,2658,1268,3198,2268,2658,1268,3208,2268,2658,1268,3218,2268,2658,1268,3228,2268,2658,1268,3238,2268,2658,1268,3248,2268,2658,1268,3258,2268,2658,1268,3268,2268,2658,1268,3278,2268,2658,1268,3288,2268,2658,1268,3298,2268,2658,1268,3308,2268,2658,1268,3318,2268,2658,1268,3328,2268,2658,1268,3338,2268,2658,1268,3348,2268,2658,1268,3358,2268,2658,1268,3368,2268,2658,1268,3378,2268,2658,1268,3388,2268,2658,1268,3388,2278,2658,1268,3378,2278,2658,1268,3368,2278,2658,1268,3358,2278,2658,1268,3348,2278,2658,1268,3338,2278,2658,1268,3328,2278,2658,1268,3318,2278,2658,1268,3308,2278,2658,1268,3298,2278,2658,1268,3288,2278,2658,1268,3278,2278,2658,1268,3268,2278,2658,1268,3258,2278,2658,1268,3248,2278,2658,1268,3238,2278,2658,1268,3228,2278,2658,1268,3218,2278,2658,1268,3208,2278,2658,1268,3198,2278,2658,1268,3188,2278,2658,1268,3178,2278,2658,1268,3168,2278,2658,1268,3158,2278,2658,1268,3148,2278,2658,1268,3138,2278,2658,1268,3128,2278,2658,1268,3118,2278,2658,1268,3108,2278,2658,1268,3098,2278,2658,1268,3088,2278,2658,1268,3078,2278,2658,1268,3068,2278,2658,1268,3068,2278,2668,1268,3068,2278,2678,1268,3078,2278,2678,1268,3088,2278,2678,1268,3098,2278,2678,1268,3108,2278,2678,1268,3118,2278,2678,1268,3128,2278,2678,1268,3138,2278,2678,1268,3148,2278,2678,1268,3158,2278,2678,1268,3168,2278,2678,1268,3178,2278,2678,1268,3188,2278,2678,1268,3198,2278,2678,1268,3208,2278,2678,1268,3218,2278,2678,1268,3228,2278,2678,1268,3238,2278,2678,1268,3248,2278,2678,1268,3258,2278,2678,1268,3268,2278,2678,1268,3278,2278,2678,1268,3288,2278,2678,1268,3298,2278,2678,1268,3308,2278,2678,1268,3318,2278,2678,1268,3328,2278,2678,1268,3338,2278,2678,1268,3348,2278,2678,1268,3358,2278,2678,1268,3368,2278,2678,1268,3378,2278,2678,1268,3388,2278,2678,1268,3398,2278,2678,1268,3408,2278,2678,1268,3408,2288,2678,1268,3398,2288,2678,1268,3388,2288,2678,1268,3378,2288,2678,1268,3368,2288,2678,1268,3358,2288,2678,1268,3348,2288,2678,1268,3338,2288,2678,1268,3328,2288,2678,1268,3318,2288,2678,1268,3308,2288,2678,1268,3298,2288,2678,1268,3288,2288,2678,1268,3278,2288,2678,1268,3268,2288,2678,1268,3258,2288,2678,1268,3248,2288,2678,1268,3238,2288,2678,1268,3228,2288,2678,1268,3218,2288,2678,1268,3208,2288,2678,1268,3198,2288,2678,1268,3188,2288,2678,1268,3178,2288,2678,1268,3168,2288,2678,1268,3158,2288,2678,1268,3148,2288,2678,1268,3138,2288,2678,1268,3128,2288,2678,1268,3118,2288,2678,1268,3108,2288,2678,1268,3098,2288,2678,1268,3088,2288,2678,1268,3078,2288,2678,1268,3068,2288,2678,1268,3068,2288,2688,1268,3078,2288,2688,1268,3088,2288,2688,1268,3098,2288,2688,1268,3108,2288,2688,1268,3118,2288,2688,1268,3128,2288,2688,1268,3138,2288,2688,1268,3148,2288,2688,1268,3158,2288,2688,1268,3168,2288,2688,1268,3178,2288,2688,1268,3188,2288,2688,1268,3198,2288,2688,1268,3208,2288,2688,1268,3218,2288,2688,1268,3228,2288,2688,1268,3238,2288,2688,1268,3248,2288,2688,1268,3258,2288,2688,1268,3268,2288,2688,1268,3278,2288,2688,1268,3288,2288,2688,1268,3298,2288,2688,1268,3308,2288,2688,1268,3318,2288,2688,1268,3328,2288,2688,1268,3338,2288,2688,1268,3348,2288,2688,1268,3358,2288,2688,1268,3368,2288,2688,1268,3378,2288,2688,1268,3388,2288,2688,1268,3398,2288,2688,1268,3408,2288,2688,1268,3418,2288,2688,1268,3418,2298,2688,1268,3408,2298,2688,1268,3398,2298,2688,1268,3388,2298,2688,1268,3378,2298,2688,1268,3368,2298,2688,1268,3358,2298,2688,1268,3348,2298,2688,1268,3338,2298,2688,1268,3328,2298,2688,1268,3318,2298,2688,1268,3308,2298,2688,1268,3298,2298,2688,1268,3288,2298,2688,1268,3278,2298,2688,1268,3268,2298,2688,1268,3258,2298,2688,1268,3248,2298,2688,1268,3238,2298,2688,1268,3228,2298,2688,1268,3218,2298,2688,1268,3208,2298,2688,1268,3198,2298,2688,1268,3188,2298,2688,1268,3178,2298,2688,1268,3168,2298,2688,1268,3158,2298,2688,1268,3148,2298,2688,1268,3138,2298,2688,1268,3128,2298,2688,1268,3118,2298,2688,1268,3108,2298,2688,1268,3098,2298,2688,1268,3088,2298,2688,1268,3078,2298,2688,1268,3068,2298,2688,1268,3068,2298,2698,1268,3078,2298,2698,1268,3088,2298,2698,1268,3098,2298,2698,1268,3108,2298,2698,1268,3118,2298,2698,1268,3128,2298,2698,1268,3138,2298,2698,1268,3148,2298,2698,1268,3158,2298,2698,1268,3168,2298,2698,1268,3178,2298,2698,1268,3188,2298,2698,1268,3198,2298,2698,1268,3208,2298,2698,1268,3218,2298,2698,1268,3228,2298,2698,1268,3238,2298,2698,1268,3248,2298,2698,1268,3258,2298,2698,1268,3268,2298,2698,1268,3278,2298,2698,1268,3288,2298,2698,1268,3298,2298,2698,1268,3308,2298,2698,1268,3318,2298,2698,1268,3328,2298,2698,1268,3338,2298,2698,1268,3348,2298,2698,1268,3358,2298,2698,1268,3368,2298,2698,1268,3378,2298,2698,1268,3388,2298,2698,1268,3398,2298,2698,1268,3408,2298,2698,1268,3418,2298,2698,1268,3428,2298,2698,1268,3438,2298,2698,1268,3438,2308,2698,1268,3428,2308,2698,1268,3418,2308,2698,1268,3408,2308,2698,1268,3398,2308,2698,1268,3388,2308,2698,1268,3378,2308,2698,1268,3368,2308,2698,1268,3358,2308,2698,1268,3348,2308,2698,1268,3338,2308,2698,1268,3328,2308,2698,1268,3318,2308,2698,1268,3308,2308,2698,1268,3298,2308,2698,1268,3288,2308,2698,1268,3278,2308,2698,1268,3268,2308,2698,1268,3258,2308,2698,1268,3248,2308,2698,1268,3238,2308,2698,1268,3228,2308,2698,1268,3218,2308,2698,1268,3208,2308,2698,1268,3198,2308,2698,1268,3188,2308,2698,1268,3178,2308,2698,1268,3168,2308,2698,1268,3158,2308,2698,1268,3148,2308,2698,1268,3138,2308,2698,1268,3128,2308,2698,1268,3118,2308,2698,1268,3108,2308,2698,1268,3098,2308,2698,1268,3088,2308,2698,1268,3078,2308,2698,1268,3068,2308,2698,1268,3068,2308,2708,1268,3068,2308,2718,1268,3078,2308,2718,1268,3088,2308,2718,1268,3098,2308,2718,1268,3108,2308,2718,1268,3118,2308,2718,1268,3128,2308,2718,1268,3138,2308,2718,1268,3148,2308,2718,1268,3158,2308,2718,1268,3168,2308,2718,1268,3178,2308,2718,1268,3188,2308,2718,1268,3198,2308,2718,1268,3208,2308,2718,1268,3218,2308,2718,1268,3228,2308,2718,1268,3238,2308,2718,1268,3248,2308,2718,1268,3258,2308,2718,1268,3268,2308,2718,1268,3278,2308,2718,1268,3288,2308,2718,1268,3298,2308,2718,1268,3308,2308,2718,1268,3318,2308,2718,1268,3328,2308,2718,1268,3338,2308,2718,1268,3348,2308,2718,1268,3358,2308,2718,1268,3368,2308,2718,1268,3378,2308,2718,1268,3388,2308,2718,1268,3398,2308,2718,1268,3408,2308,2718,1268,3418,2308,2718,1268,3428,2308,2718,1268,3438,2308,2718,1268,3448,2308,2718,1268,3448,2318,2718,1268,3438,2318,2718,1268,3428,2318,2718,1268,3418,2318,2718,1268,3408,2318,2718,1268,3398,2318,2718,1268,3388,2318,2718,1268,3378,2318,2718,1268,3368,2318,2718,1268,3358,2318,2718,1268,3348,2318,2718,1268,3338,2318,2718,1268,3328,2318,2718,1268,3318,2318,2718,1268,3308,2318,2718,1268,3298,2318,2718,1268,3288,2318,2718,1268,3278,2318,2718,1268,3268,2318,2718,1268,3258,2318,2718,1268,3248,2318,2718,1268,3238,2318,2718,1268,3228,2318,2718,1268,3218,2318,2718,1268,3208,2318,2718,1268,3198,2318,2718,1268,3188,2318,2718,1268,3178,2318,2718,1268,3168,2318,2718,1268,3158,2318,2718,1268,3148,2318,2718,1268,3138,2318,2718,1268,3128,2318,2718,1268,3118,2318,2718,1268,3108,2318,2718,1268,3098,2318,2718,1268,3088,2318,2718,1268,3078,2318,2718,1268,3068,2318,2718,1268,3068,2318,2728,1268,3078,2318,2728,1268,3088,2318,2728,1268,3098,2318,2728,1268,3108,2318,2728,1268,3118,2318,2728,1268,3128,2318,2728,1268,3138,2318,2728,1268,3148,2318,2728,1268,3158,2318,2728,1268,3168,2318,2728,1268,3178,2318,2728,1268,3188,2318,2728,1268,3198,2318,2728,1268,3208,2318,2728,1268,3218,2318,2728,1268,3228,2318,2728,1268,3238,2318,2728,1268,3248,2318,2728,1268,3258,2318,2728,1268,3268,2318,2728,1268,3278,2318,2728,1268,3288,2318,2728,1268,3298,2318,2728,1268,3308,2318,2728,1268,3318,2318,2728,1268,3328,2318,2728,1268,3338,2318,2728,1268,3348,2318,2728,1268,3358,2318,2728,1268,3368,2318,2728,1268,3378,2318,2728,1268,3388,2318,2728,1268,3398,2318,2728,1268,3408,2318,2728,1268,3418,2318,2728,1268,3428,2318,2728,1268,3438,2318,2728,1268,3448,2318,2728,1268,3458,2318,2728,1268,3468,2318,2728,1268,3468,2328,2728,1268,3458,2328,2728,1268,3448,2328,2728,1268,3438,2328,2728,1268,3428,2328,2728,1268,3418,2328,2728,1268,3408,2328,2728,1268,3398,2328,2728,1268,3388,2328,2728,1268,3378,2328,2728,1268,3368,2328,2728,1268,3358,2328,2728,1268,3348,2328,2728,1268,3338,2328,2728,1268,3328,2328,2728,1268,3318,2328,2728,1268,3308,2328,2728,1268,3298,2328,2728,1268,3288,2328,2728,1268,3278,2328,2728,1268,3268,2328,2728,1268,3258,2328,2728,1268,3248,2328,2728,1268,3238,2328,2728,1268,3228,2328,2728,1268,3218,2328,2728,1268,3208,2328,2728,1268,3198,2328,2728,1268,3188,2328,2728,1268,3178,2328,2728,1268,3168,2328,2728,1268,3158,2328,2728,1268,3148,2328,2728,1268,3138,2328,2728,1268,3128,2328,2728,1268,3118,2328,2728,1268,3108,2328,2728,1268,3098,2328,2728,1268,3088,2328,2728,1268,3078,2328,2728,1268,3068,2328,2728,1268,3068,2328,2738,1268,3068,2328,2748,1268,3078,2328,2748,1268,3088,2328,2748,1268,3098,2328,2748,1268,3108,2328,2748,1268,3118,2328,2748,1268,3128,2328,2748,1268,3138,2328,2748,1268,3148,2328,2748,1268,3158,2328,2748,1268,3168,2328,2748,1268,3178,2328,2748,1268,3188,2328,2748,1268,3198,2328,2748,1268,3208,2328,2748,1268,3218,2328,2748,1268,3228,2328,2748,1268,3238,2328,2748,1268,3248,2328,2748,1268,3258,2328,2748,1268,3268,2328,2748,1268,3278,2328,2748,1268,3288,2328,2748,1268,3298,2328,2748,1268,3308,2328,2748,1268,3318,2328,2748,1268,3328,2328,2748,1268,3338,2328,2748,1268,3348,2328,2748,1268,3358,2328,2748,1268,3368,2328,2748,1268,3378,2328,2748,1268,3388,2328,2748,1268,3398,2328,2748,1268,3408,2328,2748,1268,3418,2328,2748,1268,3428,2328,2748,1268,3438,2328,2748,1268,3448,2328,2748,1268,3458,2328,2748,1268,3468,2328,2748,1268,3478,2328,2748,1268,3478,2338,2748,1268,3468,2338,2748,1268,3458,2338,2748,1268,3448,2338,2748,1268,3438,2338,2748,1268,3428,2338,2748,1268,3418,2338,2748,1268,3408,2338,2748,1268,3398,2338,2748,1268,3388,2338,2748,1268,3378,2338,2748,1268,3368,2338,2748,1268,3358,2338,2748,1268,3348,2338,2748,1268,3338,2338,2748,1268,3328,2338,2748,1268,3318,2338,2748,1268,3308,2338,2748,1268,3298,2338,2748,1268,3288,2338,2748,1268,3278,2338,2748,1268,3268,2338,2748,1268,3258,2338,2748,1268,3248,2338,2748,1268,3238,2338,2748,1268,3228,2338,2748,1268,3218,2338,2748,1268,3208,2338,2748,1268,3198,2338,2748,1268,3188,2338,2748,1268,3178,2338,2748,1268,3168,2338,2748,1268,3158,2338,2748,1268,3148,2338,2748,1268,3138,2338,2748,1268,3128,2338,2748,1268,3118,2338,2748,1268,3108,2338,2748,1268,3098,2338,2748,1268,3088,2338,2748,1268,3078,2338,2748,1268,3068,2338,2748,1268,3068,2338,2758,1268,3078,2338,2758,1268,3088,2338,2758,1268,3098,2338,2758,1268,3108,2338,2758,1268,3118,2338,2758,1268,3128,2338,2758,1268,3138,2338,2758,1268,3148,2338,2758,1268,3158,2338,2758,1268,3168,2338,2758,1268,3178,2338,2758,1268,3188,2338,2758,1268,3198,2338,2758,1268,3208,2338,2758,1268,3218,2338,2758,1268,3228,2338,2758,1268,3238,2338,2758,1268,3248,2338,2758,1268,3258,2338,2758,1268,3268,2338,2758,1268,3278,2338,2758,1268,3288,2338,2758,1268
2048,2048,2048,2048,512,256,323,83,148,110,-14380,14380,0,116,2048,2048,2038,2048,2048,2048,2028,2048,2048,2048,2018,2048,2048,2048,2008,2048,2048,2048,1998,2048,2048,2048,1988,2048,2048,2048,1978,2048,2048,2048,1968,2048,2048,2048,1958,2048,2048,2048,1948,2048,2048,2048,1938,2048,2048,2048,1928,2048,2048,2048,1918,2048,2048,2048,1908,2048,2048,2048,1898,2048,2048,2048,1888,2048,2048,2048,1878,2048,2048,2048,1868,2048,2048,2048,1858,2048,2048,2048,1848,2048,2048,2048,1838,2048,2048,2048,1828,2048,2048,2048,1818,2048,2048,2048,1808,2048,2048,2048,1798,2048,2048,2048,1788,2048,2048,2048,1778,2048,2038,2048,1778,2048,2028,2048,1778,2048,2018,2048,1778,2048,2008,2048,1778,2048,1998,2048,1778,2048,1988,2048,1778,2048,1978,2048,1778,2048,1968,2048,1778,2048,1958,2048,1778,2048,1948,2048,1778,2048,1938,2048,1778,2048,1928,2048,1778,2048,1918,2048,1778,2048,1908,2048,1778,2048,1898,2048,1778,2048,1888,2048,1778,2048,1878,2048,1778,2048,1868,2048,1778,2048,1858,2048,1778,2048,1848,2048,1778,2048,1838,2048,1778,2048,1828,2048,1778,2048,1818,2048,1778,2048,1808,2048,1778,2048,1798,2048,1778,2048,1788,2048,1778,2048,1778,2048,1778,2048,1768,2048,1778,2048,1758,2048,1778,2048,1748,2048,1778,2048,1738,2048,1778,2048,1728,2048,1778,2048,1718,2048,1778,2048,1708,2048,1778,2048,1698,2048,1778,2048,1688,2048,1778,2048,1678,2048,1778,2048,1668,2048,1778,2048,1658,2048,1778,2048,1648,2048,1778,2048,1638,2048,1778,2048,1628,2048,1778,2048,1618,2048,1778,2048,1608,2048,1778,2048,1598,2048,1778,2048,1588,2048,1778,2048,1578,2048,1778,2048,1568,2048,1778,2048,1558,2048,1778,2048,1548,2048,1778,2048,1538,2048,1778,2048,1528,2048,1778,2048,1518,2048,1778,2048,1508,2048,1778,2048,1498,2048,1778,2048,1488,2048,1778,2048,1478,2048,1778,2048,1468,2048,1778,2048,1458,2048,1778,2048,1448,2048,1778,2048,1438,2048,1778,2048,1428,2048,1778,2048,1418,2048,1778,2048,1408,2048,1778,2048,1398,2048,1778,2048,1388,2048,1778,2048,1378,2048,1778,2048,1368,2048,1778,2048,1358,2048,1778,2048,1348,2048,1778,2048,1338,2048,1778,2048,1328,2048,1778,2048,1318,2048,1778,2048,1308,2048,1778,2048,1298,2048,1778,2048,1288,2048,1778,2048,1278,2048,1778,2048,1268,2048,1778,2048,1258,2048,1778,2048,1248,2048,1778,2048,1238,2048,1778,2048,1228,2048,1778,2048,1218,2048,1778,2048,1208,2048,1778,2048,1198,2048,1778,2048,1188,2048,1778,2048,1178,2048,1778,2048,1188,2048,1778,2048,1178,2048,1778,2048
2048,2048,2048,2048,512,256,224,-69,376,161,-44256,44256,0,147,2038,2048,2048,2048,2028,2048,2048,2048,2018,2048,2048,2048,2008,2048,2048,2048,1998,2048,2048,2048,1988,2048,2048,2048,1978,2048,2048,2048,1968,2048,2048,2048,1958,2048,2048,2048,1948,2048,2048,2048,1938,2048,2048,2048,1928,2048,2048,2048,1918,2048,2048,2048,1908,2048,2048,2048,1898,2048,2048,2048,1888,2048,2048,2048,1878,2048,2048,2048,1868,2048,2048,2048,1858,2048,2048,2048,1848,2048,2048,2048,1838,2048,2048,2048,1828,2048,2048,2048,1818,2048,2048,2048,1808,2048,2048,2048,1798,2048,2048,2048,1788,2048,2048,2048,1778,2048,2048,2048,1768,2048,2048,2048,1758,2048,2048,2048,1748,2048,2048,2048,1738,2048,2048,2048,1728,2048,2048,2048,1718,2048,2048,2048,1708,2048,2048,2048,1698,2048,2048,2048,1688,2048,2048,2048,1678,2048,2048,2048,1668,2048,2048,2048,1658,2048,2048,2048,1648,2048,2048,2048,1638,2048,2048,2048,1628,2048,2048,2048,1618,2048,2048,2048,1608,2048,2048,2048,1598,2048,2048,2048,1588,2048,2048,2048,1578,2048,2048,2048,1578,2038,2048,2048,1578,2028,2048,2048,1578,2018,2048,2048,1568,2018,2048,2048,1568,2008,2048,2048,1568,1998,2048,2048,1558,1998,2048,2048,1558,1988,2048,2048,1558,1978,2048,2048,1548,1978,2048,2048,1548,1968,2048,2048,1548,1958,2048,2048,1538,1958,2048,2048,1538,1948,2048,2048,1538,1938,2048,2048,1528,1938,2048,2048,1528,1928,2048,2048,1518,1928,2048,2048,1518,1918,2048,2048,1518,1908,2048,2048,1508,1908,2048,2048,1508,1898,2048,2048,1498,1898,2048,2048,1498,1888,2048,2048,1498,1878,2048,2048,1488,1878,2048,2048,1488,1868,2048,2048,1478,1868,2048,2048,1478,1858,2048,2048,1468,1858,2048,2048,1468,1848,2048,2048,1458,1848,2048,2048,1458,1838,2048,2048,1448,1838,2048,2048,1438,1838,2048,2048,1428,1838,2048,2048,1418,1838,2048,2048,1408,1838,2048,2048,1398,1838,2048,2048,1388,1838,2048,2048,1378,1838,2048,2048,1368,1838,2048,2048,1358,1838,2048,2048,1348,1838,2048,2048,1338,1838,2048,2048,1328,1838,2048,2048,1318,1838,2048,2048,1308,1838,2048,2048,1298,1838,2048,2048,1288,1838,2048,2048,1278,1838,2048,2048,1268,1838,2048,2048,1258,1838,2048,2048,1248,1838,2048,2048,1238,1838,2048,2048,1228,1838,2048,2048,1218,1838,2048,2048,1208,1838,2048,2048,1198,1838,2048,2048,1188,1838,2048,2048,1178,1838,2048,2048,1168,1838,2048,2048,1158,1838,2048,2048,1148,1838,2048,2048,1138,1838,2048,2048,1128,1838,2048,2048,1118,1838,2048,2048,1108,1838,2048,2048,1098,1838,2048,2048,1088,1838,2048,2048,1078,1838,2048,2048,1068,1838,2048,2048,1058,1838,2048,2048,1048,1838,2048,2048,1038,1838,2048,2048,1038,1828,2048,2048,1028,1828,2048,2048,1018,1828,2048,2048,1018,1828,2058,2048,1008,1828,2058,2048,998,1828,2058,2048,988,1828,2058,2048,978,1828,2058,2048,968,1828,2058,2048,958,1828,2058,2048,948,1828,2058,2048,938,1828,2058,2048,928,1828,2058,2048,918,1828,2058,2048,908,1828,2058,2048,898,1828,2058,2048,888,1828,2058,2048,878,1828,2058,2048,868,1828,2058,2048,858,1828,2058,2048,858,1828,2048,2048,848,1828,2048,2048,838,1828,2048,2048,848,1828,2048,2048,838,1828,2048,2048
2048,2048,2048,2048,512,256,-14,-107,298,182,-225616,225616,0,204,2058,2048,2048,2048,2068,2048,2048,2048,2078,2048,2048,2048,2088,2048,2048,2048,2098,2048,2048,2048,2108,2048,2048,2048,2118,2048,2048,2048,2128,2048,2048,2048,2138,2048,2048,2048,2148,2048,2048,2048,2158,2048,2048,2048,2168,2048,2048,2048,2178,2048,2048,2048,2188,2048,2048,2048,2198,2048,2048,2048,2208,2048,2048,2048,2218,2048,2048,2048,2228,2048,2048,2048,2238,2048,2048,2048,2248,2048,2048,2048,2258,2048,2048,2048,2268,2048,2048,2048,2278,2048,2048,2048,2288,2048,2048,2048,2298,2048,2048,2048,2308,2048,2048,2048,2318,2048,2048,2048,2328,2048,2048,2048,2338,2048,2048,2048,2348,2048,2048,2048,2358,2048,2048,2048,2368,2048,2048,2048,2378,2048,2048,2048,2388,2048,2048,2048,2398,2048,2048,2048,2408,2048,2048,2048,2418,2048,2048,2048,2428,2048,2048,2048,2438,2048,2048,2048,2448,2048,2048,2048,2458,2048,2048,2048,2468,2048,2048,2048,2478,2048,2048,2048,2488,2048,2048,2048,2498,2048,2048,2048,2508,2048,2048,2048,2518,2048,2048,2048,2528,2048,2048,2048,2538,2048,2048,2048,2548,2048,2048,2048,2558,2048,2048,2048,2568,2048,2048,2048,2578,2048,2048,2048,2588,2048,2048,2048,2598,2048,2048,2048,2608,2048,2048,2048,2618,2048,2048,2048,2628,2048,2048,2048,2638,2048,2048,2048,2648,2048,2048,2048,2658,2048,2048,2048,2668,2048,2048,2048,2678,2048,2048,2048,2688,2048,2048,2048,2698,2048,2048,2048,2708,2048,2048,2048,2718,2048,2048,2048,2728,2048,2048,2048,2738,2048,2048,2048,2748,2048,2048,2048,2758,2048,2048,2048,2768,2048,2048,2048,2778,2048,2048,2048,2788,2048,2048,2048,2798,2048,2048,2048,2808,2048,2048,2048,2818,2048,2048,2048,2828,2048,2048,2048,2838,2048,2048,2048,2848,2048,2048,2048,2858,2048,2048,2048,2868,2048,2048,2048,2878,2048,2048,2048,2888,2048,2048,2048,2898,2048,2048,2048,2908,2048,2048,2048,2918,2048,2048,2048,2928,2048,2048,2048,2938,2048,2048,2048,2948,2048,2048,2048,2958,2048,2048,2048,2968,2048,2048,2048,2978,2048,2048,2048,2988,2048,2048,2048,2998,2048,2048,2048,3008,2048,2048,2048,3018,2048,2048,2048,3028,2048,2048,2048,3038,2048,2048,2048,3048,2048,2048,2048,3058,2048,2048,2048,3068,2048,2048,2048,3078,2048,2048,2048,3088,2048,2048,2048,3098,2048,2048,2048,3108,2048,2048,2048,3118,2048,2048,2048,3128,2048,2048,2048,3138,2048,2048,2048,3148,2048,2048,2048,3158,2048,2048,2048,3168,2048,2048,2048,3178,2048,2048,2048,3188,2048,2048,2048,3198,2048,2048,2048,3208,2048,2048,2048,3218,2048,2048,2048,3228,2048,2048,2048,3238,2048,2048,2048,3248,2048,2048,2048,3258,2048,2048,2048,3268,2048,2048,2048,3278,2048,2048,2048,3288,2048,2048,2048,3298,2048,2048,2048,3308,2048,2048,2048,3308,2038,2048,2048,3308,2028,2048,2048,3308,2018,2048,2048,3308,2008,2048,2048,3308,1998,2048,2048,3318,1998,2048,2048,3328,1998,2048,2048,3338,1998,2048,2048,3348,1998,2048,2048,3358,1998,2048,2048,3368,1998,2048,2048,3378,1998,2048,2048,3388,1998,2048,2048,3398,1998,2048,2048,3408,1998,2048,2048,3418,1998,2048,2048,3428,1998,2048,2048,3438,1998,2048,2048,3448,1998,2048,2048,3458,1998,2048,2048,3468,1998,2048,2048,3478,1998,2048,2048,3488,1998,2048,2048,3498,1998,2048,2048,3508,1998,2048,2048,3518,1998,2048,2048,3528,1998,2048,2048,3538,1998,2048,2048,3548,1998,2048,2048,3558,1998,2048,2048,3568,1998,2048,2048,3578,1998,2048,2048,3588,1998,2048,2048,3598,1998,2048,2048,3608,1998,2048,2048,3618,1998,2048,2048,3628,1998,2048,2048,3638,1998,2048,2048,3648,1998,2048,2048,3658,1998,2048,2048,3668,1998,2048,2048,3678,1998,2048,2048,3688,1998,2048,2048,3698,1998,2048,2048,3708,1998,2048,2048,3718,1998,2048,2048,3728,1998,2048,2048,3738,1998,2048,2048,3748,1998,2048,2048,3758,1998,2048,2048,3768,1998,2048,2048,3778,1998,2048,2048,3788,1998,2048,2048,3798,1998,2048,2048,3808,1998,2048,2048,3818,1998,2048,2048,3828,1998,2048,2048,3838,1998,2048,2048,3848,1998,2048,2048,3858,1998,2048,2048,3868,1998,2048,2048,3878,1998,2048,2048,3888,1998,2048,2048,3898,1998,2048,2048,3908,1998,2048,2048,3918,1998,2048,2048,3928,1998,2048,2048,3938,1998,2048,2048,3948,1998,2048,2048,3958,1998,2048,2048,3968,1998,2048,2048,3978,1998,2048,2048,3988,1998,2048,2048,3998,1998,2048,2048,4008,1998,2048,2048,4018,1998,2048,2048,4008,1998,2048,2048,4018,1998,2048,2048
2048,2048,2048,2048,512,256,-84,200,238,128,13590,4356,1,141,2058,2048,2048,2048,2068,2048,2048,2048,2078,2048,2048,2048,2088,2048,2048,2048,2098,2048,2048,2048,2108,2048,2048,2048,2118,2048,2048,2048,2128,2048,2048,2048,2138,2048,2048,2048,2148,2048,2048,2048,2158,2048,2048,2048,2168,2048,2048,2048,2178,2048,2048,2048,2188,2048,2048,2048,2198,2048,2048,2048,2208,2048,2048,2048,2218,2048,2048,2048,2218,2048,2038,2048,2218,2048,2028,2048,2218,2048,2018,2048,2218,2048,2008,2048,2218,2048,1998,2048,2218,2048,1988,2048,2218,2048,1978,2048,2228,2048,1978,2048,2238,2048,1978,2048,2248,2048,1978,2048,2258,2048,1978,2048,2268,2048,1978,2048,2278,2048,1978,2048,2288,2048,1978,2048,2298,2048,1978,2048,2308,2048,1978,2048,2308,2038,1978,2048,2308,2038,1968,2048,2308,2028,1968,2048,2308,2028,1958,2048,2308,2018,1958,2048,2308,2018,1948,2048,2308,2008,1948,2048,2308,2008,1938,2048,2308,1998,1938,2048,2308,1998,1928,2048,2308,1988,1928,2048,2308,1988,1918,2048,2308,1988,1908,2048,2308,1978,1908,2048,2308,1978,1898,2048,2308,1968,1898,2048,2308,1968,1888,2048,2308,1958,1888,2048,2308,1958,1878,2048,2308,1948,1878,2048,2308,1948,1868,2048,2308,1938,1868,2048,2308,1938,1858,2048,2308,1928,1858,2048,2308,1928,1848,2048,2308,1918,1848,2048,2308,1918,1838,2048,2308,1908,1838,2048,2308,1908,1828,2048,2308,1898,1828,2048,2308,1898,1818,2048,2308,1888,1818,2048,2308,1888,1808,2048,2308,1878,1808,2048,2308,1878,1798,2048,2308,1868,1798,2048,2308,1868,1788,2048,2308,1858,1788,2048,2308,1858,1778,2048,2308,1848,1778,2048,2308,1848,1768,2048,2308,1838,1768,2048,2308,1838,1758,2048,2308,1838,1748,2048,2308,1828,1748,2048,2308,1828,1738,2048,2308,1818,1738,2048,2308,1808,1738,2048,2308,1808,1728,2048,2308,1798,1728,2048,2308,1798,1718,2048,2308,1788,1718,2048,2308,1788,1708,2048,2308,1778,1708,2048,2308,1778,1698,2048,2308,1768,1698,2048,2308,1768,1688,2048,2308,1758,1688,2048,2308,1758,1678,2048,2308,1748,1678,2048,2308,1748,1668,2048,2308,1738,1668,2048,2308,1738,1658,2048,2308,1728,1658,2048,2308,1728,1648,2048,2308,1718,1648,2048,2308,1718,1638,2048,2308,1708,1638,2048,2308,1708,1628,2048,2308,1698,1628,2048,2308,1698,1618,2048,2308,1688,1618,2048,2308,1688,1608,2048,2308,1678,1608,2048,2308,1678,1598,2048,2308,1668,1598,2048,2308,1658,1598,2048,2308,1658,1588,2048,2308,1648,1588,2048,2308,1648,1578,2048,2308,1638,1578,2048,2308,1638,1568,2048,2308,1628,1568,2048,2308,1628,1558,2048,2308,1618,1558,2048,2308,1618,1548,2048,2308,1608,1548,2048,2308,1608,1538,2048,2308,1598,1538,2048,2308,1588,1538,2048,2308,1588,1528,2048,2308,1578,1528,2048,2308,1578,1518,2048,2308,1568,1518,2048,2308,1568,1508,2048,2308,1558,1508,2048,2308,1558,1498,2048,2308,1548,1498,2048,2308,1538,1498,2048,2308,1538,1488,2048,2308,1528,1488,2048,2308,1528,1478,2048,2308,1518,1478,2048,2308,1518,1468,2048,2308,1508,1468,2048,2308,1508,1458,2048,2308,1498,1458,2048,2308,1488,1458,2048
2048,2048,2048,2048,512,256,116,226,91,83,-31690,31690,0,76,2048,2048,2038,2048,2048,2048,2028,2048,2048,2048,2018,2048,2048,2048,2008,2048,2048,2048,1998,2048,2048,2048,1988,2048,2048,2048,1978,2048,2048,2048,1968,2048,2048,2048,1958,2048,2048,2048,1948,2048,2048,2048,1938,2048,2048,2048,1928,2048,2048,2048,1918,2048,2048,2048,1908,2048,2048,2048,1898,2048,2048,2048,1888,2048,2048,2048,1878,2048,2048,2048,1868,2048,2048,2048,1858,2048,2048,2048,1848,2048,2048,2048,1838,2048,2048,2048,1828,2048,2048,2048,1818,2048,2048,2048,1808,2048,2048,2048,1798,2048,2048,2048,1788,2048,2048,2048,1778,2048,2048,2048,1768,2048,2048,2048,1758,2048,2048,2048,1748,2048,2048,2048,1738,2048,2048,2048,1728,2048,2048,2048,1718,2048,2048,2048,1708,2048,2048,2048,1698,2048,2048,2048,1688,2048,2048,2048,1678,2048,2048,2048,1668,2048,2048,2048,1658,2048,2048,2048,1648,2048,2048,2048,1638,2048,2048,2048,1628,2048,2038,2048,1628,2048,2028,2048,1628,2048,2018,2048,1628,2048,2008,2048,1628,2048,1998,2048,1628,2048,1988,2048,1628,2048,1978,2048,1628,2048,1968,2048,1628,2048,1958,2048,1628,2048,1948,2048,1628,2048,1938,2048,1628,2048,1928,2048,1628,2048,1918,2048,1628,2048,1908,2048,1628,2048,1898,2048,1628,2048,1888,2048,1628,2048,1878,2048,1628,2048,1868,2048,1628,2048,1858,2048,1628,2048,1848,2048,1628,2048,1838,2048,1628,2048,1828,2048,1628,2048,1818,2048,1628,2048,1808,2048,1628,2048,1798,2048,1628,2048,1788,2048,1628,2048,1778,2048,1628,2048,1768,2048,1628,2048,1758,2048,1628,2048,1748,2048,1628,2048,1738,2048,1628,2048,1728,2048,1628,2048,1738,2048,1628,2048,1728,2048,1628,2048
2048,2048,2048,2048,512,256,74,-261,376,201,-48585,48585,0,224,2038,2048,2048,2048,2028,2048,2048,2048,2018,2048,2048,2048,2008,2048,2048,2048,1998,2048,2048,2048,1988,2048,2048,2048,1978,2048,2048,2048,1968,2048,2048,2048,1958,2048,2048,2048,1948,2048,2048,2048,1938,2048,2048,2048,1928,2048,2048,2048,1918,2048,2048,2048,1908,2048,2048,2048,1898,2048,2048,2048,1898,2038,2048,2048,1898,2028,2048,2048,1898,2018,2048,2048,1898,2008,2048,2048,1898,1998,2048,2048,1898,1988,2048,2048,1898,1978,2048,2048,1898,1968,2048,2048,1898,1958,2048,2048,1888,1958,2048,2048,1888,1948,2048,2048,1888,1938,2048,2048,1888,1928,2048,2048,1888,1918,2048,2048,1888,1908,2048,2048,1888,1898,2048,2048,1878,1898,2048,2048,1878,1888,2048,2048,1878,1878,2048,2048,1878,1868,2048,2048,1878,1858,2048,2048,1878,1848,2048,2048,1868,1848,2048,2048,1868,1838,2048,2048,1858,1838,2048,2048,1848,1838,2048,2048,1838,1838,2048,2048,1828,1838,2048,2048,1818,1838,2048,2048,1808,1838,2048,2048,1798,1838,2048,2048,1788,1838,2048,2048,1778,1838,2048,2048,1768,1838,2048,2048,1758,1838,2048,2048,1748,1838,2048,2048,1738,1838,2048,2048,1728,1838,2048,2048,1718,1838,2048,2048,1708,1838,2048,2048,1698,1838,2048,2048,1688,1838,2048,2048,1678,1838,2048,2048,1668,1838,2048,2048,1658,1838,2048,2048,1648,1838,2048,2048,1638,1838,2048,2048,1628,1838,2048,2048,1618,1838,2048,2048,1608,1838,2048,2048,1598,1838,2048,2048,1588,1838,2048,2048,1578,1838,2048,2048,1568,1838,2048,2048,1558,1838,2048,2048,1548,1838,2048,2048,1538,1838,2048,2048,1528,1838,2048,2048,1518,1838,2048,2048,1508,1838,2048,2048,1498,1838,2048,2048,1488,1838,2048,2048,1478,1838,2048,2048,1468,1838,2048,2048,1458,1838,2048,2048,1448,1838,2048,2048,1438,1838,2048,2048,1428,1838,2048,2048,1418,1838,2048,2048,1408,1838,2048,2048,1398,1838,2048,2048,1388,1838,2048,2048,1378,1838,2048,2048,1368,1838,2048,2048,1358,1838,2048,2048,1348,1838,2048,2048,1338,1838,2048,2048,1328,1838,2048,2048,1318,1838,2048,2048,1308,1838,2048,2048,1298,1838,2048,2048,1288,1838,2048,2048,1278,1838,2048,2048,1268,1838,2048,2048,1258,1838,2048,2048,1248,1838,2048,2048,1238,1838,2048,2048,1228,1838,2048,2048,1218,1838,2048,2048,1208,1838,2048,2048,1198,1838,2048,2048,1188,1838,2048,2048,1178,1838,2048,2048,1168,1838,2048,2048,1158,1838,2048,2048,1148,1838,2048,2048,1138,1838,2048,2048,1128,1838,2048,2048,1118,1838,2048,2048,1108,1838,2048,2048,1098,1838,2048,2048,1088,1838,2048,2048,1078,1838,2048,2048,1068,1838,2048,2048,1058,1838,2048,2048,1048,1838,2048,2048,1038,1838,2048,2048,1028,1838,2048,2048,1018,1838,2048,2048,1018,1838,2058,2048,1018,1838,2068,2048,1008,1838,2068,2048,998,1838,2068,2048,988,1838,2068,2048,978,1838,2068,2048,968,1838,2068,2048,958,1838,2068,2048,948,1838,2068,2048,938,1838,2068,2048,928,1838,2068,2048,918,1838,2068,2048,908,1838,2068,2048,898,1838,2068,2048,888,1838,2068,2048,878,1838,2068,2048,868,1838,2068,2048,858,1838,2068,2048,848,1838,2068,2048,838,1838,2068,2048,828,1838,2068,2048,818,1838,2068,2048,808,1838,2068,2048,798,1838,2068,2048,788,1838,2068,2048,778,1838,2068,2048,768,1838,2068,2048,758,1838,2068,2048,748,1838,2068,2048,738,1838,2068,2048,728,1838,2068,2048,718,1838,2068,2048,708,1838,2068,2048,698,1838,2068,2048,688,1838,2068,2048,678,1838,2068,2048,668,1838,2068,2048,658,1838,2068,2048,648,1838,2068,2048,638,1838,2068,2048,628,1838,2068,2048,618,1838,2068,2048,608,1838,2068,2048,598,1838,2068,2048,588,1838,2068,2048,578,1838,2068,2048,568,1838,2068,2048,558,1838,2068,2048,548,1838,2068,2048,538,1838,2068,2048,528,1838,2068,2048,518,1838,2068,2048,508,1838,2068,2048,498,1838,2068,2048,488,1838,2068,2048,478,1838,2068,2048,468,1838,2068,2048,458,1838,2068,2048,448,1838,2068,2048,438,1838,2068,2048,428,1838,2068,2048,418,1838,2068,2048,408,1838,2068,2048,398,1838,2068,2048,388,1838,2068,2048,378,1838,2068,2048,368,1838,2068,2048,358,1838,2068,2048,348,1838,2068,2048,338,1838,2068,2048,328,1838,2068,2048,318,1838,2068,2048,308,1838,2068,2048,298,1838,2068,2048,288,1838,2068,2048,278,1838,2068,2048,268,1838,2068,2048,258,1838,2068,2048,248,1838,2068,2048,238,1838,2068,2048,238,1838,2058,2048,228,1838,2058,2048,218,1838,2058,2048,208,1838,2058,2048,198,1838,2058,2048,188,1838,2058,2048,178,1838,2058,2048,168,1838,2058,2048,158,1838,2058,2048,148,1838,2058,2048,138,1838,2058,2048,128,1838,2058,2048,118,1838,2058,2048,108,1838,2058,2048,98,1838,2058,2048,88,1838,2058,2048,78,1838,2058,2048,68,1838,2058,2048,78,1838,2058,2048,68,1838,2058,2048
2048,2048,2048,2048,512,256,167,-78,68,156,-87227,87227,0,176,2048,2048,2038,2048,2048,2048,2028,2048,2048,2048,2018,2048,2048,2048,2008,2048,2048,2048,1998,2048,2048,2048,1988,2048,2048,2048,1978,2048,2048,2048,1968,2048,2048,2048,1958,2048,2048,2048,1948,2048,2048,2048,1938,2048,2048,2048,1928,2048,2048,2048,1918,2048,2048,2048,1908,2048,2048,2048,1898,2048,2048,2048,1888,2048,2048,2048,1878,2048,2048,2048,1868,2048,2048,2048,1858,2048,2048,2048,1848,2048,2048,2048,1838,2048,2048,2048,1828,2048,2048,2048,1818,2048,2048,2048,1808,2048,2048,2048,1798,2048,2048,2048,1788,2048,2048,2048,1778,2048,2048,2048,1768,2048,2048,2048,1758,2048,2048,2048,1748,2048,2048,2048,1738,2048,2048,2048,1728,2048,2048,2048,1718,2048,2048,2048,1708,2048,2048,2048,1698,2048,2048,2048,1688,2048,2048,2048,1678,2048,2048,2048,1668,2048,2048,2048,1658,2048,2048,2048,1648,2048,2048,2048,1638,2048,2048,2048,1628,2048,2048,2048,1618,2048,2048,2048,1608,2048,2048,2048,1598,2048,2048,2048,1588,2048,2048,2048,1578,2048,2048,2048,1568,2048,2038,2048,1568,2048,2028,2048,1568,2048,2018,2048,1568,2048,2008,2048,1568,2048,1998,2048,1568,2048,1988,2048,1568,2048,1978,2048,1568,2048,1968,2048,1568,2048,1958,2048,1568,2048,1948,2048,1568,2048,1938,2048,1568,2048,1928,2048,1568,2048,1918,2048,1568,2048,1908,2048,1568,2048,1898,2048,1568,2048,1888,2048,1568,2048,1878,2048,1568,2048,1868,2048,1568,2048,1858,2048,1568,2048,1848,2048,1568,2048,1838,2048,1568,2048,1828,2048,1568,2048,1818,2048,1568,2048,1808,2048,1568,2048,1798,2048,1568,2048,1788,2048,1568,2048,1778,2048,1568,2048,1768,2048,1568,2048,1758,2048,1568,2048,1748,2048,1568,2048,1738,2048,1568,2048,1728,2048,1568,2048,1718,2048,1568,2048,1708,2048,1568,2048,1698,2048,1568,2048,1688,2048,1568,2048,1678,2048,1568,2048,1668,2048,1568,2048,1658,2048,1568,2048,1648,2048,1568,2048,1638,2048,1568,2048,1628,2048,1568,2048,1618,2048,1568,2048,1608,2048,1568,2048,1598,2048,1568,2048,1588,2048,1568,2048,1578,2048,1568,2048,1568,2048,1568,2048,1558,2048,1568,2048,1548,2048,1568,2048,1538,2048,1568,2048,1528,2048,1568,2048,1518,2048,1568,2048,1508,2048,1568,2048,1498,2048,1568,2048,1488,2048,1568,2048,1478,2048,1568,2048,1468,2048,1568,2048,1458,2048,1568,2048,1448,2048,1568,2048,1438,2048,1568,2048,1428,2048,1568,2048,1418,2048,1568,2048,1408,2048,1568,2048,1398,2048,1568,2048,1388,2048,1568,2048,1378,2048,1568,2048,1368,2048,1568,2048,1358,2048,1568,2048,1348,2048,1568,2048,1338,2048,1568,2048,1328,2048,1568,2048,1318,2048,1568,2048,1308,2048,1568,2048,1298,2048,1568,2048,1288,2048,1568,2048,1278,2048,1568,2048,1268,2048,1568,2048,1258,2048,1568,2048,1248,2048,1568,2048,1238,2048,1568,2048,1228,2048,1568,2048,1218,2048,1568,2048,1208,2048,1568,2048,1198,2048,1568,2048,1188,2048,1568,2048,1178,2048,1568,2048,1168,2048,1568,2048,1158,2048,1568,2048,1148,2048,1568,2048,1138,2048,1568,2048,1128,2048,1568,2048,1118,2048,1568,2048,1108,2048,1568,2048,1098,2048,1568,2048,1088,2048,1568,2048,1078,2048,1568,2048,1068,2048,1568,2048,1058,2048,1568,2048,1048,2048,1568,2048,1038,2048,1568,2048,1028,2048,1568,2048,1018,2048,1568,2048,1018,2048,1578,2048,1008,2048,1578,2048,998,2048,1578,2048,988,2048,1578,2048,978,2048,1578,2048,968,2048,1578,2048,958,2048,1578,2048,948,2048,1578,2048,938,2048,1578,2048,928,2048,1578,2048,918,2048,1578,2048,908,2048,1578,2048,898,2048,1578,2048,888,2048,1578,2048,878,2048,1578,2048,868,2048,1578,2048,858,2048,1578,2048,848,2048,1578,2048,838,2048,1578,2048,828,2048,1578,2048,828,2048,1568,2048,818,2048,1568,2048,808,2048,1568,2048,818,2048,1568,2048,808,2048,1568,2048
2048,2048,2048,2048,512,256,218,200,382,103,-18944,18944,0,78,2038,2048,2048,2048,2028,2048,2048,2048,2018,2048,2048,2048,2008,2048,2048,2048,1998,2048,2048,2048,1988,2048,2048,2048,1978,2048,2048,2048,1968,2048,2048,2048,1958,2048,2048,2048,1948,2048,2048,2048,1938,2048,2048,2048,1928,2048,2048,2048,1918,2048,2048,2048,1908,2048,2048,2048,1898,2048,2048,2048,1888,2048,2048,2048,1878,2048,2048,2048,1868,2048,2048,2048,1858,2048,2048,2048,1848,2048,2048,2048,1838,2048,2048,2048,1828,2048,2048,2048,1818,2048,2048,2048,1808,2048,2048,2048,1798,2048,2048,2048,1788,2048,2048,2048,1778,2048,2048,2048,1768,2048,2048,2048,1758,2048,2048,2048,1748,2048,2048,2048,1738,2048,2048,2048,1728,2048,2048,2048,1718,2048,2048,2048,1708,2048,2048,2048,1698,2048,2048,2048,1688,2048,2048,2048,1678,2048,2048,2048,1668,2048,2048,2048,1658,2048,2048,2048,1648,2048,2048,2048,1638,2048,2048,2048,1628,2048,2048,2048,1618,2048,2048,2048,1608,2048,2048,2048,1598,2048,2048,2048,1598,2038,2048,2048,1598,2028,2048,2048,1588,2028,2048,2048,1588,2018,2048,2048,1588,2008,2048,2048,1578,2008,2048,2048,1578,1998,2048,2048,1578,1988,2048,2048,1578,1978,2048,2048,1568,1978,2048,2048,1568,1968,2048,2048,1568,1958,2048,2048,1558,1958,2048,2048,1558,1948,2048,2048,1558,1938,2048,2048,1548,1938,2048,2048,1548,1928,2048,2048,1538,1928,2048,2048,1538,1918,2048,2048,1538,1908,2048,2048,1528,1908,2048,2048,1528,1898,2048,2048,1518,1898,2048,2048,1518,1888,2048,2048,1518,1878,2048,2048,1508,1878,2048,2048,1508,1868,2048,2048,1498,1868,2048,2048,1498,1868,2058,2048,1498,1868,2068,2048,1508,1868,2068,2048,1498,1868,2068,2048,1508,1868,2068,2048
2048,2048,2048,2048,512,256,-226,235,164,97,14170,4594,1,83,2058,2048,2048,2048,2068,2048,2048,2048,2078,2048,2048,2048,2088,2048,2048,2048,2098,2048,2048,2048,2108,2048,2048,2048,2118,2048,2048,2048,2128,2048,2048,2048,2138,2048,2048,2048,2148,2048,2048,2048,2158,2048,2048,2048,2168,2048,2048,2048,2178,2048,2048,2048,2188,2048,2048,2048,2198,2048,2048,2048,2208,2048,2048,2048,2218,2048,2048,2048,2228,2048,2048,2048,2238,2048,2048,2048,2248,2048,2048,2048,2258,2048,2048,2048,2268,2048,2048,2048,2278,2048,2048,2048,2288,2048,2048,2048,2298,2048,2048,2048,2308,2048,2048,2048,2318,2048,2048,2048,2328,2048,2048,2048,2338,2048,2048,2048,2348,2048,2048,2048,2358,2048,2048,2048,2368,2048,2048,2048,2378,2048,2048,2048,2388,2048,2048,2048,2398,2048,2048,2048,2408,2048,2048,2048,2418,2048,2048,2048,2428,2048,2048,2048,2438,2048,2048,2048,2448,2048,2048,2048,2458,2048,2048,2048,2468,2048,2048,2048,2468,2048,2048,2038,2478,2048,2048,2038,2478,2048,2048,2028,2488,2048,2048,2028,2488,2048,2048,2018,2488,2048,2048,2008,2498,2048,2048,2008,2498,2048,2048,1998,2498,2048,2048,1988,2508,2048,2048,1988,2508,2048,2048,1978,2508,2048,2048,1968,2518,2048,2048,1968,2518,2048,2038,1968,2518,2048,2028,1968,2518,2048,2018,1968,2518,2048,2018,1958,2518,2048,2018,1948,2518,2048,2018,1938,2518,2048,2018,1928,2528,2048,2018,1928,2528,2048,2008,1928,2528,2048,1998,1928,2528,2048,1988,1928,2528,2048,1978,1928,2528,2048,1968,1928,2528,2048,1968,1918,2528,2048,1968,1908,2528,2048,1968,1898,2528,2048,1968,1888,2528,2048,1968,1878,2528,2048,1968,1868,2538,2048,1968,1868,2538,2048,1958,1868,2538,2048,1958,1858,2538,2048,1958,1848,2538,2048,1958,1838,2548,2048,1958,1838,2548,2048,1948,1838,2548,2048,1938,1838,2548,2048,1938,1828
2048,2048,2048,2048,512,256,206,189,63,105,-17765,17765,0,107,2048,2048,2038,2048,2048,2048,2028,2048,2048,2048,2018,2048,2048,2048,2008,2048,2048,2048,1998,2048,2048,2048,1988,2048,2048,2048,1978,2048,2048,2048,1968,2048,2048,2048,1958,2048,2048,2048,1948,2048,2048,2048,1938,2048,2048,2048,1928,2048,2048,2048,1918,2048,2048,2048,1908,2048,2048,2048,1898,2048,2048,2048,1888,2048,2048,2048,1878,2048,2048,2048,1868,2048,2048,2048,1858,2048,2048,2048,1848,2048,2048,2048,1838,2048,2048,2048,1828,2048,2048,2048,1818,2048,2048,2048,1808,2048,2048,2048,1798,2048,2048,2048,1788,2048,2048,2048,1778,2048,2048,2048,1768,2048,2048,2048,1758,2048,2048,2048,1748,2048,2048,2048,1738,2048,2048,2048,1728,2048,2048,2048,1718,2048,2048,2048,1708,2048,2048,2048,1698,2048,2048,2048,1688,2048,2048,2048,1678,2048,2048,2048,1668,2048,2048,2048,1658,2048,2048,2048,1648,2048,2048,2048,1638,2048,2048,2048,1628,2048,2048,2048,1618,2048,2048,2048,1608,2048,2048,2048,1598,2048,2048,2048,1588,2048,2048,2048,1578,2048,2048,2048,1568,2048,2048,2048,1558,2048,2048,2048,1548,2048,2038,2048,1548,2048,2028,2048,1548,2048,2018,2048,1548,2048,2008,2048,1548,2048,1998,2048,1548,2048,1988,2048,1548,2048,1978,2048,1548,2048,1968,2048,1548,2048,1958,2048,1548,2048,1948,2048,1548,2048,1938,2048,1548,2048,1928,2048,1548,2048,1918,2048,1548,2048,1908,2048,1548,2048,1898,2048,1548,2048,1888,2048,1548,2048,1878,2048,1548,2048,1868,2048,1548,2048,1858,2048,1548,2048,1848,2048,1548,2048,1838,2048,1548,2048,1828,2048,1548,2048,1818,2048,1548,2048,1808,2048,1548,2048,1798,2048,1548,2048,1788,2048,1548,2048,1778,2048,1548,2048,1768,2048,1548,2048,1758,2048,1548,2048,1748,2048,1548,2048,1738,2048,1548,2048,1728,2048,1548,2048,1718,2048,1548,2048,1708,2048,1548,2048,1698,2048,1548,2048,1688,2048,1548,2048,1678,2048,1548,2048,1668,2048,1548,2048,1658,2048,1548,2048,1648,2048,1548,2048,1638,2048,1548,2048,1628,2048,1548,2048,1618,2048,1548,2048,1608,2048,1548,2048,1598,2048,1548,2048,1588,2048,1548,2048,1578,2048,1548,2048,1568,2048,1548,2048,1558,2048,1548,2048,1548,2048,1548,2048,1538,2048,1548,2048,1528,2048,1548,2048,1518,2048,1548,2048,1508,2048,1548,2048,1498,2048,1548,2048,1508,2048,1548,2048,1498,2048,1548,2048
2048,2048,2048,2048,512,256,93,-379,218,245,12170,3647,1,283,2048,2048,2038,2048,2048,2048,2028,2048,2048,2048,2018,2048,2048,2048,2008,2048,2048,2048,1998,2048,2048,2048,1988,2048,2048,2048,1978,2048,2048,2048,1968,2048,2048,2048,1958,2048,2048,2048,1948,2048,2048,2048,1938,2048,2038,2048,1938,2048,2028,2048,1938,2048,2018,2048,1938,2048,2008,2048,1938,2048,1998,2048,1938,2048,1988,2048,1938,2048,1978,2048,1938,2048,1968,2048,1938,2048,1958,2048,1938,2048,1948,2048,1938,2048,1938,2048,1938,2048,1928,2048,1938,2048,1918,2048,1938,2048,1908,2048,1938,2048,1898,2048,1938,2048,1888,2048,1938,2048,1878,2048,1938,2048,1868,2048,1938,2048,1858,2048,1938,2048,1848,2048,1938,2048,1838,2048,1938,2048,1828,2048,1938,2048,1818,2048,1938,2048,1808,2048,1938,2048,1798,2048,1938,2048,1788,2048,1938,2048,1778,2048,1938,2048,1768,2048,1938,2048,1758,2048,1938,2048,1748,2048,1938,2048,1738,2048,1938,2048,1728,2048,1938,2048,1718,2048,1938,2048,1708,2048,1938,2048,1698,2048,1938,2048,1688,2048,1938,2048,1678,2048,1938,2048,1668,2048,1938,2048,1658,2048,1938,2048,1648,2048,1938,2048,1638,2048,1938,2048,1628,2048,1938,2048,1618,2048,1938,2048,1608,2048,1938,2048,1598,2048,1938,2048,1588,2048,1938,2048,1578,2048,1938,2048,1568,2048,1938,2048,1558,2048,1938,2048,1548,2048,1938,2048,1538,2048,1938,2048,1528,2048,1938,2048,1518,2048,1938,2048,1508,2048,1938,2048,1498,2048,1938,2048,1488,2048,1938,2048,1478,2048,1938,2048,1468,2048,1938,2048,1458,2048,1938,2048,1448,2048,1938,2048,1438,2048,1938,2048,1428,2048,1938,2048,1418,2048,1938,2048,1408,2048,1938,2048,1398,2048,1938,2048,1388,2048,1938,2048,1378,2048,1938,2048,1368,2048,1938,2048,1358,2048,1938,2048,1348,2048,1938,2048,1338,2048,1938,2048,1328,2048,1938,2048,1318,2048,1938,2048,1308,2048,1938,2048,1298,2048,1938,2048,1288,2048,1938,2048,1278,2048,1938,2048,1268,2048,1938,2048,1258,2048,1938,2048,1248,2048,1938,2048,1238,2048,1938,2048,1228,2048,1938,2048,1218,2048,1938,2048,1208,2048,1938,2048,1198,2048,1938,2048,1188,2048,1938,2048,1178,2048,1938,2048,1168,2048,1938,2048,1158,2048,1938,2048,1148,2048,1938,2048,1138,2048,1938,2048,1128,2048,1938,2048,1118,2048,1938,2048,1108,2048,1938,2048,1098,2048,1938,2048,1088,2048,1938,2048,1078,2048,1938,2048,1068,2048,1938,2048,1058,2048,1938,2048,1048,2048,1938,2048,1038,2048,1938,2048,1028,2048,1938,2048,1018,2048,1938,2048,1018,2048,1948,2048,1008,2048,1948,2048,998,2048,1948,2048,988,2048,1948,2048,978,2048,1948,2048,968,2048,1948,2048,958,2048,1948,2048,948,2048,1948,2048,938,2048,1948,2048,928,2048,1948,2048,918,2048,1948,2048,908,2048,1948,2048,898,2048,1948,2048,888,2048,1948,2048,878,2048,1948,2048,868,2048,1948,2048,858,2048,1948,2048,848,2048,1948,2048,838,2048,1948,2048,828,2048,1948,2048,818,2048,1948,2048,808,2048,1948,2048,798,2048,1948,2048,788,2048,1948,2048,778,2048,1948,2048,768,2048,1948,2048,758,2048,1948,2048,748,2048,1948,2048,738,2048,1948,2048,728,2048,1948,2048,718,2048,1948,2048,708,2048,1948,2048,698,2048,1948,2048,688,2048,1948,2048,678,2048,1948,2048,668,2048,1948,2048,658,2048,1948,2048,648,2048,1948,2048,638,2048,1948,2048,628,2048,1948,2048,618,2048,1948,2048,608,2048,1948,2048,598,2048,1948,2048,588,2048,1948,2048,578,2048,1948,2048,568,2048,1948,2048,558,2048,1948,2048,548,2048,1948,2048,538,2048,1948,2048,528,2048,1948,2048,518,2048,1948,2048,508,2048,1948,2048,498,2048,1948,2048,488,2048,1948,2048,478,2048,1948,2048,468,2048,1948,2048,458,2048,1948,2048,448,2048,1948,2048,438,2048,1948,2048,428,2048,1948,2048,418,2048,1948,2048,408,2048,1948,2048,398,2048,1948,2048,388,2048,1948,2048,378,2048,1948,2048,368,2048,1948,2048,358,2048,1948,2048,348,2048,1948,2048,338,2048,1948,2048,328,2048,1948,2048,318,2048,1948,2048,308,2048,1948,2048,298,2048,1948,2048,288,2048,1948,2048,278,2048,1948,2048,268,2048,1948,2048,258,2048,1948,2048,248,2048,1948,2048,238,2048,1948,2048,228,2048,1948,2048,218,2048,1948,2048,208,2048,1948,2048,198,2048,1948,2048,188,2048,1948,2048,178,2048,1948,2048,178,2058,1948,2048,188,2058,1948,2048,188,2058,1958,2048,178,2058,1958,2048,178,2068,1958,2048,188,2068,1958,2048,188,2068,1968,2048,178,2068,1968,2048,178,2078,1968,2048,178,2078,1978,2048,168,2078,1978,2048,168,2088,1978,2048,178,2088,1978,2048,178,2088,1988,2048,178,2088,1998,2048,168,2088,1998,2048,168,2098,1998,2048,178,2098,1998,2048,178,2098,2008,2048,168,2098,2008,2048,168,2108,2008,2048,178,2108,2008,2048,178,2108,2018,2048,168,2108,2018,2048,168,2118,2018,2048,178,2118,2018,2048,178,2118,2028,2048,168,2118,2028,2048,168,2128,2028,2048,178,2128,2028,2048,178,2128,2038,2048,168,2128,2038,2048,168,2138,2038,2048,178,2138,2038,2048,178,2138,2048,2048,178,2138,2058,2048,168,2138,2058,2048,168,2148,2058,2048,178,2148,2058,2048,178,2148,2068,2048,168,2148,2068,2048,168,2158,2068,2048,178,2158,2068,2048,178,2158,2078,2048,168,2158,2078,2048,168,2168,2078,2048,168,2168,2088,2048,158,2168,2088,2048,158,2178,2088,2048,168,2178,2088,2048,168,2178,2098,2048,168,2178,2108,2048,158,2178,2108,2048,158,2188,2108,2048,168,2188,2108,2048,168,2188,2118,2048,158,2188,2118,2048,158,2198,2118,2048,168,2198,2118,2048,168,2198,2128,2048,158,2198,2128,2048,158,2208,2128,2048,168,2208,2128,2048,168,2208,2138,2048,158,2208,2138,2048,158,2218,2138,2048,168,2218,2138,2048,168,2218,2148,2048,168,2218,2158,2048,158,2218,2158,2048,158,2228,2158,2048,168,2228,2158,2048,168,2228,2168,2048,158,2228,2168,2048,158,2238,2168,2048,168,2238,2168,2048,168,2238,2178,2048,158,2238,2178,2048,158,2248,2178,2048,168,2248,2178,2048,168,2248,2188,2048,168,2248,2198,2048,158,2248,2198,2048,158,2258,2198,2048
