0 2
1 2
2 2
3 2
4 2
5 2
6 2
7 2
8 2
9 2
10 2
11 2
12 2
13 2
14 2
15 2
16 2
17 2
18 2
19 2
20 2
21 2
22 2
23 2
24 2
25 2
26 2
27 2
28 2
29 2
30 2
31 2
32 2
33 2
34 2
35 0
36 0
37 0
38 0
39 0
40 0
41 0
42 0
43 0
44 0
45 0
46 0
47 0
48 0
49 0
50 0
51 0
52 0
53 0
54 0
55 0
56 0
57 0
58 0
59 0
60 0
61 0
62 0
63 0
64 0
65 0
66 0
67 0
68 0
69 0
70 0
71 0
72 0
73 0
74 0
75 0
76 0
77 0
78 0
79 0
80 0
81 0
82 0
83 0
84 0
85 0
86 0
87 0
88 0
89 0
90 0
91 0
92 0
93 0
94 0
95 0
96 0
97 0
98 0
99 0
100 0
101 0
102 0
103 0
104 0
105 0
106 0
107 0
108 0
109 0
110 0
111 0
112 0
113 0
114 0
115 0
116 0
117 0
118 0
119 0
120 0
121 0
122 0
123 0
124 0
125 0
126 0
127 0
128 0
129 0
130 0
131 0
132 0
133 0
134 0
135 5
136 5
137 5
138 0
139 0
140 0
141 0
142 0
143 0
144 0
145 0
146 0
147 0
148 0
149 0
150 0
151 0
152 0
153 0
154 0
155 0
156 0
157 0
158 0
159 0
160 0
161 0
162 0
163 0
164 0
165 0
166 0
167 0
168 0
169 0
170 0
171 0
172 0
173 0
174 0
175 0
176 0
177 0
178 0
179 0
180 0
181 0
182 0
183 0
184 0
185 0
186 0
187 0
188 0
189 0
190 0
191 0
192 0
193 0
194 0
195 0
196 0
197 0
198 0
199 0
200 0
201 0
202 0
203 0
204 0
205 0
206 0
207 0
208 0
209 0
210 0
211 0
212 0
213 0
214 0
215 0
216 0
217 0
218 0
219 0
220 0
221 0
222 0
223 0
224 0
225 0
226 0
227 0
228 0
229 0
230 0
231 0
232 0
233 0
234 0
235 0
236 0
237 0
238 0
239 0
240 0
241 0
242 0
243 0
244 0
245 0
246 0
247 0
248 0
249 0
250 0
251 0
252 0
253 0
254 0
255 0
256 0
257 0
258 0
259 0
260 0
261 0
262 0
263 0
264 0
265 0
266 0
267 0
268 0
269 0
270 0
271 0
272 0
273 0
274 0
275 0
276 0
277 0
278 0
279 0
280 0
281 0
282 0
283 0
284 0
285 0
286 0
287 0
288 0
289 0
290 0
291 0
292 0
293 0
294 0
295 0
296 0
297 0
298 0
299 0
300 0
301 0
302 0
303 0
304 0
305 0
306 0
307 0
308 0
309 0
310 0
311 0
312 0
313 0
314 0
315 0
316 0
317 0
318 0
319 0
320 0
321 0
322 0
323 0
324 0
325 0
326 0
327 0
328 0
329 0
330 0
331 0
332 0
333 0
334 0
335 0
336 0
337 0
338 0
339 0
340 0
341 0
342 0
343 0
344 0
345 0
346 0
347 0
348 0
349 0
350 0
351 0
352 0
353 0
354 0
355 0
356 0
357 0
358 0
359 0
360 0
361 0
362 0
363 0
364 0
365 0
366 0
367 0
368 0
369 0
370 0
371 0
372 0
373 0
374 0
375 0
376 0
377 0
378 0
379 0
380 0
381 0
382 0
383 0
384 0
385 0
386 0
387 0
388 0
389 0
390 0
391 0
392 0
393 0
394 0
395 0
396 0
397 0
398 0
399 0
400 0
401 0
402 0
403 0
404 0
405 0
406 0
407 0
408 0
409 0
410 0
411 0
412 0
413 0
414 0
415 0
416 0
417 0
418 0
419 0
420 0
421 0
422 0
423 0
424 0
425 0
426 0
427 0
428 0
429 0
430 0
431 0
432 0
433 0
434 0
435 0
436 0
437 0
438 0
439 0
440 0
441 0
442 0
443 0
444 0
445 0
446 0
447 0
448 0
449 0
450 0
451 0
452 0
453 0
454 0
455 0
456 0
457 0
458 0
459 0
460 0
461 0
462 0
463 0
464 0
465 0
466 0
467 0
468 0
469 0
470 0
471 0
472 0
473 0
474 0
475 0
476 0
477 0
478 0
479 0
480 0
481 0
482 0
483 0
484 0
485 0
486 0
487 0
488 0
489 0
490 0
491 0
492 0
493 0
494 0
495 0
496 0
497 0
498 0
499 0
500 0
501 0
502 0
503 0
504 0
505 0
506 0
507 0
508 0
509 0
510 0
511 0
512 0
513 0
514 0
515 0
516 0
517 0
518 0
519 0
520 0
521 0
522 0
523 0
524 0
525 0
526 0
527 0
528 0
529 0
530 0
531 0
532 0
533 0
534 0
535 0
536 0
537 0
538 0
539 0
540 0
541 0
542 0
543 0
544 0
545 0
546 0
547 0
548 0
549 0
550 0
551 0
552 0
553 0
554 0
555 0
556 0
557 0
558 0
559 0
560 0
561 0
562 0
563 0
564 0
565 0
566 6
567 6
568 6
569 6
570 6
571 6
572 6
573 5
574 6
575 5
576 0
577 6
578 6
579 5
580 6
581 5
582 6
583 5
584 6
585 5
586 6
587 5
588 0
589 6
590 5
591 6
592 6
593 5
594 6
595 5
596 6
597 5
598 6
599 5
600 0
601 6
602 5
603 6
604 5
605 6
606 5
607 6
608 5
609 0
610 6
611 5
612 6
613 6
614 5
615 6
616 5
617 6
618 5
619 0
620 6
621 5
622 6
623 5
624 6
625 5
626 6
627 5
628 0
629 6
630 5
631 6
632 5
633 6
634 5
635 6
636 5
637 0
638 6
639 5
640 6
641 6
642 5
643 6
644 5
645 0
646 6
647 5
648 6
649 5
650 6
651 5
652 6
653 5
654 0
655 6
656 5
657 6
658 5
659 6
660 5
661 0
662 6
663 5
664 6
665 5
666 6
667 5
668 6
669 5
670 0
671 6
672 5
673 6
674 5
675 6
676 5
677 0
678 6
679 5
680 6
681 5
682 6
683 5
684 0
685 6
686 5
687 6
688 5
689 6
690 5
691 0
692 6
693 5
694 6
695 5
696 6
697 5
698 0
699 6
700 5
701 6
702 5
703 6
704 5
705 0
706 6
707 5
708 6
709 5
710 5
711 0
712 6
713 5
714 6
715 5
716 6
717 5
718 0
719 6
720 5
721 6
722 5
723 6
724 5
725 0
726 6
727 5
728 6
729 5
730 0
731 6
732 5
733 6
734 5
735 6
736 5
737 5
738 0
739 6
740 5
741 6
742 7
743 5
744 0
745 6
746 5
747 5
748 0
749 6
750 5
751 6
752 5
753 7
754 7
755 5
756 0
757 6
758 6
759 6
760 6
761 6
762 6
763 6
764 6
765 6
766 6
767 6
768 6
769 6
770 6
771 6
772 6
773 6
774 6
775 6
776 6
777 6
778 6
779 6
780 6
781 6
782 6
783 6
784 6
785 6
786 6
787 6
788 6
789 6
790 6
791 6
792 6
793 6
794 6
795 6
796 6
797 6
798 6
799 6
800 6
801 6
802 6
803 6
804 6
805 6
806 6
807 6
808 6
809 6
810 6
811 6
812 6
813 6
814 6
815 6
816 6
817 6
818 6
819 6
820 6
821 6
822 6
823 6
824 6
825 6
826 6
827 6
828 4
829 4
830 4
831 4
832 4
833 4
834 4
835 4
836 4
837 4
838 4
839 4
840 4
841 4
842 4
843 4
844 4
845 4
846 4
847 4
848 4
849 4
850 4
851 4
852 4
853 4
854 4
855 4
856 4
857 4
858 4
859 4
860 4
861 4
862 4
863 4
864 4
865 4
866 4
867 4
868 4
869 4
870 4
871 4
872 6
873 4
874 4
875 4
876 4
877 4
878 4
879 4
880 4
881 4
882 4
883 4
884 4
885 4
886 4
887 4
888 4
889 4
890 4
891 4
892 4
893 4
894 4
895 4
896 4
897 4
898 4
899 4
900 4
901 4
902 4
903 4
904 4
905 4
906 4
907 4
908 4
909 4
910 4
911 4
912 4
913 4
914 4
915 4
916 4
917 4
918 4
919 4
920 4
921 4
922 4
923 4
924 4
925 4
926 4
927 4
928 4
929 4
930 4
931 4
932 4
933 4
934 4
935 4
936 4
937 4
938 6
939 4
940 4
941 4
942 4
943 4
944 4
945 4
946 4
947 4
948 4
949 4
950 4
951 4
952 4
953 4
954 4
955 4
956 4
957 4
958 4
959 4
960 4
961 4
962 4
963 4
964 4
965 4
966 4
967 4
968 4
969 4
970 4
971 4
972 4
973 4
974 4
975 4
976 4
977 4
978 4
979 4
980 4
981 4
982 4
983 4
984 4
985 4
986 4
987 4
988 4
989 4
990 6
991 4
992 4
993 4
994 4
995 4
996 4
997 4
998 4
999 4
1000 4
1001 4
1002 4
1003 4
1004 4
1005 4
1006 4
1007 4
1008 4
1009 4
1010 4
1011 4
1012 4
1013 4
1014 4
1015 4
1016 4
1017 4
1018 4
1019 4
1020 4
1021 4
1022 4
1023 4
1024 4
1025 4
1026 4
1027 4
1028 6
1029 4
1030 4
1031 4
1032 4
1033 4
1034 4
1035 4
1036 4
1037 4
1038 4
1039 4
1040 4
1041 4
1042 4
1043 4
1044 4
1045 4
1046 4
1047 4
1048 4
1049 4
1050 4
1051 4
1052 4
1053 4
1054 4
1055 4
1056 4
1057 6
1058 4
1059 4
1060 4
1061 4
1062 4
1063 4
1064 4
1065 4
1066 4
1067 4
1068 4
1069 4
1070 4
1071 4
1072 4
1073 4
1074 4
1075 4
1076 4
1077 4
1078 4
1079 4
1080 4
1081 4
1082 6
1083 4
1084 4
1085 4
1086 4
1087 4
1088 4
1089 4
1090 4
1091 4
1092 4
1093 4
1094 4
1095 4
1096 4
1097 4
1098 4
1099 4
1100 4
1101 4
1102 4
1103 4
1104 4
1105 4
1106 4
1107 4
1108 4
1109 4
1110 4
1111 4
1112 4
1113 4
1114 4
1115 4
1116 4
1117 4
1118 4
1119 4
1120 4
1121 4
1122 4
1123 4
1124 4
1125 4
1126 4
1127 4
1128 4
1129 4
1130 4
1131 4
1132 4
1133 4
1134 4
1135 4
1136 4
1137 4
1138 4
1139 4
1140 4
1141 4
1142 4
1143 4
1144 4
1145 4
1146 4
1147 4
1148 4
1149 4
1150 4
1151 4
1152 4
1153 4
1154 4
1155 4
1156 4
1157 4
1158 4
1159 4
1160 4
1161 4
1162 4
1163 4
1164 4
1165 4
1166 4
1167 4
1168 4
1169 4
1170 4
1171 4
1172 4
1173 4
1174 4
1175 4
1176 4
1177 4
1178 4
1179 4
1180 4
1181 4
1182 4
1183 4
1184 4
1185 4
1186 4
1187 4
1188 4
1189 4
1190 4
1191 4
1192 4
1193 4
1194 4
1195 4
1196 4
1197 4
1198 4
1199 4
1200 4
1201 4
1202 4
1203 4
1204 4
1205 4
1206 4
1207 4
1208 4
1209 4
1210 4
1211 4
1212 4
1213 4
1214 4
1215 4
1216 6
1217 6
1218 6
1219 6
1220 6
1221 6
1222 6
1223 6
1224 6
1225 6
1226 6
1227 0
1228 0
1229 4
1230 0
1231 6
1232 6
1233 6
1234 6
1235 6
1236 6
1237 6
1238 6
1239 6
1240 6
1241 6
1242 6
1243 6
1244 6
1245 6
1246 6
1247 6
1248 6
1249 6
1250 6
1251 6
1252 6
1253 6
1254 6
1255 6
1256 6
1257 6
1258 6
1259 6
1260 6
1261 6
1262 6
1263 6
1264 6
1265 6
1266 6
1267 6
1268 6
1269 6
1270 6
1271 6
1272 6
1273 6
1274 6
1275 6
1276 6
1277 6
1278 6
1279 6
1280 6
1281 6
1282 6
1283 6
1284 6
1285 6
1286 6
1287 6
1288 6
1289 6
1290 6
1291 6
1292 6
1293 6
1294 6
1295 6
1296 6
1297 6
1298 6
1299 6
1300 6
1301 6
1302 6
1303 6
1304 6
1305 6
1306 6
1307 4
1308 4
1309 4
1310 4
1311 4
1312 4
1313 4
1314 4
1315 4
1316 4
1317 4
1318 6
1319 6
1320 6
1321 4
1322 6
1323 6
1324 6
1325 6
1326 6
1327 6
1328 6
1329 6
1330 6
1331 6
1332 6
1333 6
1334 6
1335 6
1336 6
1337 6
1338 6
1339 4
1340 6
1341 6
1342 6
1343 6
1344 6
1345 5
1346 6
1347 5
1348 6
1349 5
1350 6
1351 6
1352 5
1353 6
1354 5
1355 6
1356 5
1357 6
1358 5
1359 6
1360 5
1361 6
1362 6
1363 5
1364 6
1365 5
1366 4
1367 6
1368 5
1369 6
1370 5
1371 6
1372 5
1373 6
1374 5
1375 6
1376 6
1377 5
1378 6
1379 5
1380 6
1381 5
1382 6
1383 5
1384 6
1385 5
1386 6
1387 5
1388 6
1389 6
1390 5
1391 6
1392 5
1393 6
1394 5
1395 4
1396 6
1397 5
1398 6
1399 5
1400 6
1401 5
1402 6
1403 5
1404 6
1405 5
1406 6
1407 5
1408 6
1409 5
1410 6
1411 6
1412 5
1413 6
1414 5
1415 6
1416 5
1417 6
1418 5
1419 6
1420 5
1421 4
1422 6
1423 5
1424 6
1425 5
1426 6
1427 5
1428 6
1429 5
1430 6
1431 5
1432 6
1433 5
1434 6
1435 6
1436 6
1437 6
1438 6
1439 6
1440 6
1441 6
1442 6
1443 6
1444 6
1445 6
1446 6
1447 6
1448 6
1449 6
1450 6
1451 6
1452 6
1453 6
1454 6
1455 6
1456 6
1457 6
1458 6
1459 6
1460 6
1461 6
1462 6
1463 6
1464 6
1465 6
1466 6
1467 6
1468 6
1469 6
1470 6
1471 6
1472 6
1473 6
1474 6
1475 6
1476 6
1477 6
1478 6
1479 6
1480 6
1481 6
1482 6
1483 6
1484 6
1485 6
1486 6
1487 6
1488 0
1489 0
1490 0
1491 0
1492 0
1493 0
1494 0
1495 0
1496 0
1497 0
1498 0
1499 0
1500 0
1501 0
1502 0
1503 0
1504 0
1505 0
1506 0
1507 0
1508 0
1509 0
1510 0
1511 0
1512 0
1513 0
1514 0
1515 0
1516 0
1517 0
1518 0
1519 0
1520 0
1521 0
1522 0
1523 0
1524 0
1525 0
1526 0
1527 0
1528 0
1529 0
1530 0
1531 0
1532 0
1533 0
1534 0
1535 0
1536 0
1537 0
1538 0
1539 0
1540 0
1541 0
1542 0
1543 0
1544 0
1545 0
1546 0
1547 0
1548 0
1549 0
1550 6
1551 6
1552 6
1553 6
1554 0
1555 6
1556 6
1557 6
1558 6
1559 0
1560 6
1561 6
1562 6
1563 6
1564 6
1565 0
1566 6
1567 6
1568 6
1569 6
1570 0
1571 6
1572 6
1573 6
1574 0
1575 6
1576 6
1577 6
1578 5
1579 6
1580 5
1581 0
1582 6
1583 6
1584 5
1585 6
1586 5
1587 0
1588 6
1589 5
1590 6
1591 5
1592 6
1593 5
1594 6
1595 0
1596 6
1597 5
1598 6
1599 5
1600 6
1601 5
1602 0
1603 6
1604 5
1605 6
1606 5
1607 6
1608 5
1609 0
1610 6
1611 5
1612 6
1613 6
1614 5
1615 0
1616 6
1617 5
1618 6
1619 5
1620 6
1621 5
1622 0
1623 6
1624 5
1625 6
1626 5
1627 6
1628 5
1629 0
1630 6
1631 5
1632 6
1633 6
1634 5
1635 0
1636 6
1637 5
1638 6
1639 5
1640 6
1641 5
1642 0
1643 6
1644 5
1645 6
1646 5
1647 0
1648 6
1649 5
1650 6
1651 5
1652 6
1653 5
1654 0
1655 6
1656 5
1657 6
1658 5
1659 0
1660 6
1661 5
1662 6
1663 5
1664 6
1665 5
1666 0
1667 6
1668 6
1669 5
1670 0
1671 6
1672 5
1673 6
1674 5
1675 0
1676 6
1677 5
1678 6
1679 5
1680 0
1681 6
1682 5
1683 6
1684 5
1685 6
1686 5
1687 0
1688 6
1689 5
1690 6
1691 5
1692 0
1693 6
1694 5
1695 6
1696 5
1697 0
1698 6
1699 5
1700 6
1701 5
1702 0
1703 6
1704 5
1705 6
1706 5
1707 5
1708 0
1709 6
1710 5
1711 6
1712 5
1713 0
1714 6
1715 5
1716 6
1717 5
1718 0
1719 6
1720 5
1721 6
1722 5
1723 0
1724 6
1725 5
1726 0
1727 6
1728 5
1729 6
1730 5
1731 0
1732 6
1733 5
1734 6
1735 5
1736 0
1737 6
1738 5
1739 6
1740 5
1741 5
1742 0
1743 6
1744 5
1745 0
1746 6
1747 5
1748 6
1749 5
1750 0
1751 6
1752 5
1753 6
1754 5
1755 0
1756 6
1757 5
1758 0
1759 6
1760 5
1761 5
1762 6
1763 5
1764 0
1765 6
1766 5
1767 0
1768 6
1769 5
1770 6
1771 5
1772 0
1773 6
1774 5
1775 0
1776 6
1777 5
1778 5
1779 6
1780 5
1781 0
1782 6
1783 5
1784 0
1785 6
1786 5
1787 0
1788 6
1789 5
1790 5
1791 6
1792 5
1793 0
1794 6
1795 5
1796 0
1797 6
1798 5
1799 0
1800 6
1801 5
1802 5
1803 6
1804 5
1805 0
1806 6
1807 5
1808 0
1809 6
1810 5
1811 0
1812 6
1813 5
1814 5
1815 6
1816 5
1817 0
1818 6
1819 5
1820 0
1821 6
1822 5
1823 5
1824 0
1825 6
1826 5
1827 0
1828 6
1829 5
1830 0
1831 6
1832 5
1833 5
1834 6
1835 5
1836 0
1837 6
1838 5
1839 5
1840 0
1841 6
1842 5
1843 0
1844 6
1845 5
1846 0
1847 6
1848 5
1849 5
1850 0
1851 6
1852 5
1853 0
1854 6
1855 5
1856 5
1857 0
1858 6
1859 5
1860 0
1861 6
1862 5
1863 5
1864 0
1865 6
1866 5
1867 0
1868 6
1869 5
1870 0
1871 6
1872 5
1873 5
1874 0
1875 6
1876 5
1877 0
1878 6
1879 5
1880 5
1881 0
1882 6
1883 5
1884 0
1885 6
1886 5
1887 5
1888 0
1889 6
1890 5
1891 0
1892 6
1893 5
1894 5
1895 0
1896 6
1897 5
1898 5
1899 0
1900 6
1901 5
1902 0
1903 6
1904 6
1905 6
1906 6
1907 6
1908 6
1909 6
1910 6
1911 6
1912 6
1913 6
1914 6
1915 6
1916 6
1917 6
1918 6
1919 6
1920 6
1921 6
1922 6
1923 6
1924 6
1925 6
1926 6
1927 4
1928 4
1929 4
1930 4
1931 4
1932 4
1933 4
1934 4
1935 4
1936 4
1937 4
1938 4
1939 4
1940 4
1941 4
1942 4
1943 4
1944 4
1945 4
1946 4
1947 4
1948 4
1949 4
1950 4
1951 4
1952 6
1953 4
1954 4
1955 4
1956 4
1957 4
1958 4
1959 4
1960 4
1961 4
1962 4
1963 4
1964 4
1965 4
1966 4
1967 4
1968 4
1969 4
1970 4
1971 4
1972 4
1973 4
1974 4
1975 4
1976 4
1977 4
1978 4
1979 4
1980 4
1981 4
1982 4
1983 4
1984 4
1985 4
1986 4
1987 4
1988 4
1989 4
1990 4
1991 4
1992 4
1993 4
1994 4
1995 4
1996 4
1997 4
1998 4
1999 4
2000 4
2001 4
2002 4
2003 4
2004 4
2005 4
2006 4
2007 4
2008 4
2009 4
2010 4
2011 4
2012 4
2013 4
2014 4
2015 4
2016 4
2017 4
2018 4
2019 4
2020 4
2021 4
2022 4
2023 4
2024 4
2025 4
2026 4
2027 4
2028 4
2029 4
2030 4
2031 4
2032 4
2033 4
2034 4
2035 4
2036 4
2037 4
2038 4
2039 4
2040 4
2041 4
2042 4
2043 4
2044 4
2045 6
2046 4
2047 4
2048 4
2049 4
2050 4
2051 4
2052 4
2053 4
2054 4
2055 4
2056 4
2057 4
2058 4
2059 4
2060 4
2061 4
2062 4
2063 4
2064 4
2065 4
2066 4
2067 4
2068 4
2069 4
2070 4
2071 4
2072 4
2073 4
2074 4
2075 4
2076 4
2077 4
2078 4
2079 4
2080 4
2081 4
2082 4
2083 4
2084 4
2085 4
2086 4
2087 4
2088 4
2089 4
2090 4
2091 4
2092 4
2093 4
2094 4
2095 4
2096 4
2097 4
2098 4
2099 4
2100 4
2101 4
2102 4
2103 4
2104 4
2105 4
2106 4
2107 6
2108 4
2109 4
2110 4
2111 4
2112 4
2113 4
2114 4
2115 4
2116 4
2117 4
2118 4
2119 4
2120 4
2121 4
2122 4
2123 4
2124 4
2125 4
2126 4
2127 4
2128 4
2129 4
2130 4
2131 4
2132 4
2133 4
2134 4
2135 4
2136 4
2137 4
2138 4
2139 4
2140 4
2141 4
2142 4
2143 4
2144 4
2145 4
2146 4
2147 4
2148 6
2149 4
2150 4
2151 4
2152 4
2153 4
2154 4
2155 4
2156 4
2157 4
2158 6
2159 6
2160 6
2161 6
2162 6
2163 6
2164 6
2165 6
2166 6
2167 6
2168 6
2169 4
2170 6
2171 6
2172 6
2173 6
2174 6
2175 5
2176 6
2177 6
2178 5
2179 6
2180 5
2181 6
2182 5
2183 6
2184 5
2185 6
2186 5
2187 6
2188 5
2189 6
2190 6
2191 5
2192 6
2193 5
2194 4
2195 6
2196 5
2197 6
2198 5
2199 6
2200 5
2201 6
2202 5
2203 6
2204 5
2205 6
2206 6
2207 5
2208 6
2209 5
2210 6
2211 5
2212 6
2213 5
2214 6
2215 5
2216 6
2217 5
2218 4
2219 6
2220 5
2221 6
2222 5
2223 6
2224 5
2225 6
2226 5
2227 6
2228 6
2229 5
2230 6
2231 5
2232 6
2233 5
2234 6
2235 5
2236 6
2237 5
2238 6
2239 5
2240 4
2241 6
2242 5
2243 6
2244 5
2245 6
2246 5
2247 6
2248 5
2249 6
2250 5
2251 6
2252 5
2253 6
2254 5
2255 6
2256 5
2257 6
2258 5
2259 6
2260 5
2261 4
2262 6
2263 5
2264 6
2265 5
2266 6
2267 5
2268 6
2269 5
2270 6
2271 5
2272 6
2273 5
2274 6
2275 5
2276 6
2277 5
2278 4
2279 6
2280 5
2281 6
2282 5
2283 6
2284 5
2285 6
2286 5
2287 6
2288 5
2289 6
2290 5
2291 6
2292 5
2293 6
2294 5
2295 6
2296 5
2297 4
2298 6
2299 5
2300 6
2301 5
2302 6
2303 5
2304 6
2305 5
2306 6
2307 5
2308 6
2309 5
2310 5
2311 6
2312 5
2313 4
2314 6
2315 5
2316 6
2317 5
2318 6
2319 5
2320 6
2321 5
2322 6
2323 5
2324 6
2325 5
2326 6
2327 5
2328 6
2329 5
2330 5
2331 4
2332 6
2333 5
2334 6
2335 5
2336 6
2337 5
2338 6
2339 5
2340 6
2341 5
2342 6
2343 5
2344 4
2345 6
2346 5
2347 5
2348 6
2349 5
2350 6
2351 5
2352 6
2353 5
2354 6
2355 5
2356 6
2357 5
2358 5
2359 4
2360 6
2361 5
2362 6
2363 5
2364 6
2365 5
2366 6
2367 5
2368 5
2369 6
2370 5
2371 6
2372 5
2373 4
2374 6
2375 5
2376 6
2377 5
2378 5
2379 6
2380 5
2381 6
2382 5
2383 6
2384 5
2385 6
2386 5
2387 5
2388 4
2389 6
2390 5
2391 6
2392 5
2393 6
2394 5
2395 5
2396 6
2397 5
2398 6
2399 5
2400 4
2401 6
2402 5
2403 5
2404 6
2405 5
2406 6
2407 5
2408 6
2409 5
2410 5
2411 6
2412 5
2413 4
2414 6
2415 5
2416 5
2417 6
2418 5
2419 6
2420 5
2421 6
2422 5
2423 5
2424 6
2425 5
2426 4
2427 6
2428 5
2429 5
2430 6
2431 5
2432 6
2433 5
2434 6
2435 5
2436 5
2437 6
2438 5
2439 4
2440 6
2441 5
2442 5
2443 6
2444 5
2445 6
2446 5
2447 5
2448 6
2449 5
2450 6
2451 5
2452 5
2453 4
2454 6
2455 5
2456 6
2457 5
2458 5
2459 6
2460 5
2461 5
2462 6
2463 5
2464 4
2465 6
2466 5
2467 5
2468 6
2469 5
2470 6
2471 5
2472 5
2473 6
2474 5
2475 4
2476 6
2477 5
2478 5
2479 6
2480 5
2481 5
2482 6
2483 5
2484 6
2485 5
2486 5
2487 4
2488 6
2489 5
2490 5
2491 6
2492 5
2493 6
2494 5
2495 5
2496 6
2497 5
2498 5
2499 4
2500 6
2501 5
2502 6
2503 5
2504 5
2505 6
2506 5
2507 5
2508 6
2509 5
2510 6
2511 5
2512 5
2513 4
2514 6
2515 5
2516 5
2517 6
2518 5
2519 5
2520 6
2521 5
2522 6
2523 5
2524 5
2525 4
2526 6
2527 5
2528 5
2529 6
2530 5
2531 5
2532 6
2533 5
2534 5
2535 6
2536 2
2537 2
2538 2
2539 2
2540 2
2541 2
2542 2
2543 2
2544 2
2545 2
2546 2
2547 2
2548 2
2549 2
2550 2
2551 2
2552 2
2553 2
2554 2
2555 2
2556 2
2557 2
2558 2
2559 2
2560 2
2561 2
2562 2
2563 2
2564 2
2565 2
2566 2
2567 2
2568 2
2569 2
2570 2
2571 2
2572 2
2573 2
2574 2
2575 2
2576 2
2577 2
2578 2
2579 2
2580 2
2581 2
2582 2
2583 2
2584 2
2585 2
2586 2
2587 2
2588 2
2589 2
2590 2
2591 2
2592 2
2593 2
2594 2
2595 2
2596 2
2597 2
2598 2
2599 2
2600 2
2601 2
2602 2
2603 2
2604 2
2605 2
2606 2
2607 2
2608 2
2609 2
2610 2
2611 2
2612 2
2613 2
2614 2
2615 2
2616 2
2617 2
2618 2
2619 2
2620 2
2621 2
2622 2
2623 2
2624 2
2625 2
2626 2
2627 2
2628 2
2629 2
2630 2
2631 2
2632 2
2633 2
2634 2
2635 2
2636 2
2637 2
2638 2
2639 2
2640 2
2641 2
2642 2
2643 2
2644 2
2645 2
2646 2
2647 2
2648 2
2649 2
2650 2
2651 2
2652 2
2653 2
2654 2
2655 2
2656 2
2657 5
2658 5
2659 5
2660 5
2661 4
2662 4
2663 4
2664 4
2665 4
2666 4
2667 4
2668 4
2669 4
2670 4
2671 4
2672 4
2673 4
2674 4
2675 4
2676 4
2677 4
2678 4
2679 4
2680 4
2681 4
2682 4
2683 4
2684 4
2685 4
2686 4
2687 4
2688 4
2689 4
2690 4
2691 4
2692 4
2693 4
2694 4
2695 4
2696 4
2697 4
2698 4
2699 4
2700 4
2701 4
2702 4
2703 4
2704 4
2705 4
2706 4
2707 4
2708 4
2709 4
2710 4
2711 4
2712 4
2713 4
2714 4
2715 4
2716 4
2717 4
2718 4
2719 4
2720 4
2721 4
2722 4
2723 4
2724 4
2725 4
2726 4
2727 4
2728 4
2729 4
2730 4
2731 4
2732 4
2733 4
2734 4
2735 6
2736 6
2737 5
2738 6
2739 5
2740 6
2741 5
2742 6
2743 5
2744 4
2745 6
2746 6
2747 5
2748 6
2749 5
2750 6
2751 5
2752 6
2753 5
2754 4
2755 6
2756 5
2757 6
2758 6
2759 5
2760 6
2761 5
2762 6
2763 5
2764 4
2765 6
2766 5
2767 6
2768 5
2769 4
2770 6
2771 6
2772 5
2773 6
2774 5
2775 6
2776 5
2777 6
2778 5
2779 4
2780 6
2781 5
2782 6
2783 5
2784 4
2785 6
2786 5
2787 6
2788 6
2789 5
2790 6
2791 5
2792 4
2793 6
2794 5
2795 6
2796 5
2797 4
2798 6
2799 5
2800 6
2801 5
2802 4
2803 6
2804 5
2805 6
2806 5
2807 4
2808 6
2809 5
2810 4
2811 6
2812 5
2813 6
2814 5
2815 4
2816 6
2817 5
2818 6
2819 5
2820 4
2821 6
2822 6
2823 5
2824 6
2825 5
2826 6
2827 5
2828 4
2829 6
2830 5
2831 4
2832 6
2833 5
2834 6
2835 5
2836 4
2837 6
2838 5
2839 6
2840 6
2841 6
2842 6
2843 6
2844 6
2845 6
2846 6
2847 6
2848 6
2849 6
2850 6
2851 6
2852 6
2853 6
2854 6
2855 6
2856 6
2857 6
2858 6
2859 6
2860 6
2861 6
2862 6
2863 6
2864 6
2865 6
2866 6
2867 6
2868 6
2869 6
2870 6
2871 6
2872 6
2873 6
2874 6
2875 6
2876 6
2877 6
2878 6
2879 6
2880 6
2881 6
2882 6
2883 6
2884 6
2885 6
2886 6
2887 6
2888 6
2889 6
2890 6
2891 6
2892 6
2893 6
2894 6
2895 6
2896 6
2897 6
2898 6
2899 6
2900 6
2901 6
2902 4
2903 4
2904 4
2905 4
2906 4
2907 4
2908 4
2909 4
2910 4
2911 4
2912 4
2913 4
2914 4
2915 4
2916 4
2917 4
2918 4
2919 4
2920 4
2921 4
2922 4
2923 4
2924 4
2925 4
2926 4
2927 4
2928 4
2929 4
2930 4
2931 4
2932 4
2933 4
2934 4
2935 4
2936 4
2937 4
2938 4
2939 4
2940 4
2941 4
2942 4
2943 4
2944 4
2945 6
2946 4
2947 4
2948 4
2949 4
2950 4
2951 4
2952 4
2953 4
2954 4
2955 4
2956 4
2957 4
2958 4
2959 4
2960 4
2961 4
2962 4
2963 4
2964 4
2965 4
2966 6
2967 6
2968 4
2969 6
2970 6
2971 6
2972 6
2973 4
2974 6
2975 6
2976 6
2977 6
2978 4
2979 6
2980 6
2981 6
2982 4
2983 6
2984 6
2985 4
2986 6
2987 6
2988 6
2989 4
2990 6
2991 6
2992 6
2993 4
2994 6
2995 5
2996 6
2997 5
2998 6
2999 5
3000 4
3001 6
3002 5
3003 6
3004 5
3005 6
3006 4
3007 6
3008 5
3009 6
3010 5
3011 6
3012 5
3013 4
3014 6
3015 5
3016 6
3017 5
3018 6
3019 5
3020 4
3021 6
3022 6
3023 5
3024 6
3025 5
3026 4
3027 6
3028 5
3029 6
3030 5
3031 6
3032 5
3033 4
3034 6
3035 5
3036 6
3037 5
3038 6
3039 4
3040 6
3041 5
3042 6
3043 5
3044 4
3045 6
3046 5
3047 6
3048 5
3049 6
3050 5
3051 4
3052 6
3053 5
3054 6
3055 5
3056 4
3057 6
3058 5
3059 6
3060 5
3061 6
3062 4
3063 6
3064 5
3065 6
3066 5
3067 4
3068 6
3069 5
3070 6
3071 5
3072 4
3073 6
3074 5
3075 6
3076 5
3077 4
3078 6
3079 5
3080 6
3081 5
3082 4
3083 6
3084 5
3085 6
3086 5
3087 6
3088 5
3089 4
3090 6
3091 5
3092 6
3093 5
3094 4
3095 6
3096 5
3097 6
3098 5
3099 4
3100 6
3101 5
3102 6
3103 5
3104 4
3105 6
3106 5
3107 4
3108 6
3109 5
3110 6
3111 5
3112 4
3113 6
3114 5
3115 6
3116 5
3117 4
3118 6
3119 5
3120 6
3121 5
3122 4
3123 6
3124 5
3125 6
3126 5
3127 4
3128 6
3129 5
3130 4
3131 6
3132 5
3133 6
3134 5
3135 4
3136 6
3137 5
3138 4
3139 6
3140 5
3141 6
3142 5
3143 4
3144 6
3145 5
3146 5
3147 6
3148 5
3149 4
3150 6
3151 5
3152 4
3153 6
3154 2
3155 0
3156 0
3157 0
3158 0
3159 0
3160 0
3161 0
3162 0
3163 0
3164 0
3165 0
3166 0
3167 0
3168 0
3169 0
3170 0
3171 0
3172 0
3173 0
3174 0
3175 0
3176 5
3177 5
3178 0
3179 0
3180 0
3181 0
3182 0
3183 0
3184 0
3185 0
3186 0
3187 0
3188 0
3189 0
3190 0
3191 0
3192 0
3193 0
3194 0
3195 0
3196 0
3197 0
3198 0
3199 0
3200 0
3201 0
3202 0
3203 0
3204 0
3205 0
3206 0
3207 0
3208 0
3209 0
3210 0
3211 0
3212 0
3213 0
3214 0
3215 0
3216 0
3217 0
3218 0
3219 0
3220 0
3221 0
3222 0
3223 0
3224 0
3225 0
3226 0
3227 0
3228 0
3229 0
3230 0
3231 0
3232 0
3233 0
3234 0
3235 0
3236 0
3237 0
3238 0
3239 0
3240 0
3241 0
3242 0
3243 0
3244 0
3245 0
3246 0
3247 0
3248 0
3249 0
3250 0
3251 0
3252 0
3253 0
3254 0
3255 0
3256 0
3257 0
3258 0
3259 0
3260 0
3261 0
3262 0
3263 0
3264 0
3265 0
3266 0
3267 0
3268 0
3269 0
3270 0
3271 0
3272 0
3273 0
3274 0
3275 0
3276 0
3277 0
3278 0
3279 0
3280 0
3281 0
3282 0
3283 0
3284 0
3285 0
3286 0
3287 0
3288 0
3289 0
3290 0
3291 0
3292 0
3293 0
3294 0
3295 0
3296 0
3297 0
3298 0
3299 0
3300 0
3301 0
3302 0
3303 0
3304 0
3305 0
3306 0
3307 0
3308 0
3309 0
3310 0
3311 0
3312 0
3313 0
3314 0
3315 0
3316 0
3317 0
3318 0
3319 0
3320 0
3321 0
3322 0
3323 0
3324 0
3325 0
3326 0
3327 0
3328 0
3329 0
3330 0
3331 0
3332 0
3333 0
3334 0
3335 0
3336 0
3337 0
3338 0
3339 0
3340 0
3341 0
3342 0
3343 0
3344 0
3345 0
3346 0
3347 0
3348 0
3349 0
3350 0
3351 0
3352 0
3353 0
3354 0
3355 0
3356 0
3357 0
3358 0
3359 0
3360 0
3361 0
3362 0
3363 0
3364 0
3365 0
3366 0
3367 0
3368 0
3369 0
3370 0
3371 0
3372 0
3373 0
3374 0
3375 0
3376 0
3377 0
3378 0
3379 0
3380 0
3381 0
3382 0
3383 0
3384 0
3385 0
3386 7
3387 7
3388 5
3389 7
3390 7
3391 5
3392 7
3393 7
3394 5
3395 7
3396 7
3397 5
3398 7
3399 7
3400 7
3401 5
3402 0
3403 7
3404 7
3405 5
3406 7
3407 7
3408 5
3409 7
3410 7
3411 5
3412 7
3413 7
3414 5
3415 7
3416 7
3417 7
3418 5
3419 7
3420 7
3421 5
3422 7
3423 7
3424 5
3425 7
3426 7
3427 5
3428 7
3429 7
3430 5
3431 7
3432 7
3433 5
3434 0
3435 7
3436 7
3437 5
3438 7
3439 7
3440 5
3441 7
3442 7
3443 5
3444 7
3445 7
3446 7
3447 5
3448 7
3449 7
3450 5
3451 7
3452 7
3453 5
3454 7
3455 7
3456 5
3457 7
3458 7
3459 5
3460 7
3461 0
3462 7
3463 5
3464 7
3465 7
3466 5
3467 7
3468 7
3469 5
3470 7
3471 7
3472 5
3473 7
3474 7
3475 5
3476 7
3477 7
3478 5
3479 7
3480 7
3481 5
3482 7
3483 0
3484 7
3485 5
3486 7
3487 7
3488 5
3489 7
3490 7
3491 5
3492 7
3493 7
3494 5
3495 7
3496 7
3497 5
3498 7
3499 7
3500 5
3501 7
3502 0
3503 7
3504 5
3505 7
3506 7
3507 5
3508 7
3509 7
3510 5
3511 7
3512 7
3513 5
3514 7
3515 7
3516 5
3517 7
3518 7
3519 7
3520 5
3521 0
3522 7
3523 5
3524 7
3525 5
3526 7
3527 7
3528 5
3529 7
3530 7
3531 5
3532 7
3533 7
3534 5
3535 0
3536 7
3537 7
3538 5
3539 7
3540 7
3541 5
3542 7
3543 7
3544 5
3545 7
3546 7
3547 5
3548 0
3549 7
3550 5
3551 7
3552 7
3553 5
3554 7
3555 7
3556 5
3557 7
3558 7
3559 5
3560 0
3561 7
3562 7
3563 5
3564 7
3565 5
3566 7
3567 7
3568 5
3569 7
3570 7
3571 5
3572 0
3573 7
3574 7
3575 5
3576 7
3577 5
3578 7
3579 7
3580 5
3581 7
3582 0
3583 7
3584 5
3585 7
3586 7
3587 5
3588 7
3589 5
3590 7
3591 7
3592 5
3593 0
3594 7
3595 7
3596 5
3597 7
3598 5
3599 7
3600 7
3601 5
3602 0
3603 7
3604 7
3605 5
3606 7
3607 5
3608 7
3609 7
3610 5
3611 0
3612 7
3613 7
3614 5
3615 7
3616 5
3617 7
3618 0
3619 7
3620 5
3621 7
3622 7
3623 5
3624 7
3625 5
3626 0
3627 7
3628 7
3629 5
3630 7
3631 5
3632 7
3633 0
3634 7
3635 5
3636 7
3637 5
3638 7
3639 7
3640 5
3641 0
3642 6
3643 5
3644 6
3645 5
3646 6
3647 5
3648 5
3649 0
3650 6
3651 5
3652 6
3653 5
3654 6
3655 5
3656 0
3657 6
3658 5
3659 5
3660 6
3661 5
3662 6
3663 5
3664 0
3665 6
3666 5
3667 5
3668 6
3669 5
3670 6
3671 5
3672 0
3673 6
3674 5
3675 5
3676 6
3677 5
3678 0
3679 6
3680 5
3681 6
3682 5
3683 5
3684 6
3685 5
3686 0
3687 6
3688 5
3689 5
3690 6
3691 5
3692 0
3693 6
3694 5
3695 6
3696 5
3697 5
3698 0
3699 6
3700 5
3701 6
3702 5
3703 5
3704 0
3705 6
3706 5
3707 6
3708 5
3709 5
3710 0
3711 6
3712 5
3713 6
3714 5
3715 5
3716 0
3717 6
3718 5
3719 6
3720 5
3721 5
3722 0
3723 6
3724 5
3725 6
3726 5
3727 5
3728 0
3729 6
3730 5
3731 6
3732 5
3733 5
3734 0
3735 6
3736 5
3737 5
3738 0
3739 6
3740 5
3741 6
3742 5
3743 7
3744 5
3745 0
3746 0
3747 0
3748 0
3749 0
3750 0
3751 0
3752 0
3753 0
3754 0
3755 0
3756 0
3757 0
3758 0
3759 0
3760 0
3761 0
3762 0
3763 0
3764 0
3765 0
3766 0
3767 0
3768 0
3769 0
3770 0
3771 0
3772 0
3773 0
3774 0
3775 0
3776 0
3777 0
3778 0
3779 0
3780 6
3781 6
3782 6
3783 6
3784 6
3785 6
3786 6
3787 0
3788 0
3789 0
3790 0
3791 0
3792 0
3793 0
3794 0
3795 0
3796 0
3797 0
3798 0
3799 0
3800 0
3801 0
3802 0
3803 0
3804 0
3805 0
3806 0
3807 0
3808 0
3809 0
3810 0
3811 0
3812 0
3813 0
3814 0
3815 0
3816 0
3817 0
3818 0
3819 0
3820 0
3821 0
3822 0
3823 0
3824 0
3825 0
3826 0
3827 0
3828 0
3829 0
3830 0
3831 0
3832 0
3833 0
3834 0
3835 0
3836 0
3837 0
3838 0
3839 0
3840 0
3841 0
3842 0
3843 0
3844 0
3845 0
3846 0
3847 0
3848 0
3849 0
3850 0
3851 0
3852 0
3853 0
3854 0
3855 0
3856 0
3857 0
3858 0
3859 0
3860 0
3861 0
3862 0
3863 0
3864 0
3865 0
3866 0
3867 0
3868 0
3869 0
3870 0
3871 0
3872 0
3873 0
3874 0
3875 0
3876 0
3877 0
3878 0
3879 0
3880 0
3881 0
3882 0
3883 0
3884 0
3885 0
3886 0
3887 0
3888 0
3889 0
3890 0
3891 0
3892 0
3893 0
3894 0
3895 0
3896 0
3897 0
3898 0
3899 0
3900 0
3901 0
3902 0
3903 0
3904 0
3905 0
3906 0
3907 0
3908 0
3909 0
3910 0
3911 0
3912 0
3913 0
3914 0
3915 0
3916 0
3917 0
3918 0
3919 0
3920 0
3921 0
3922 0
3923 0
3924 0
3925 0
3926 0
3927 0
3928 0
3929 0
3930 0
3931 0
3932 0
3933 0
3934 0
3935 0
3936 0
3937 0
3938 0
3939 0
3940 0
3941 0
3942 0
3943 0
3944 0
3945 0
3946 0
3947 0
3948 0
3949 0
3950 0
3951 0
3952 0
3953 0
3954 0
3955 0
3956 0
3957 0
3958 0
3959 0
3960 0
3961 0
3962 0
3963 0
3964 0
3965 0
3966 0
3967 0
3968 0
3969 0
3970 0
3971 0
3972 0
3973 0
3974 0
3975 0
3976 0
3977 0
3978 0
3979 0
3980 0
3981 0
3982 0
3983 0
3984 0
3985 0
3986 0
3987 0
3988 0
3989 0
3990 0
3991 0
3992 0
3993 0
3994 0
3995 0
3996 0
3997 0
3998 0
3999 0
4000 0
4001 0
4002 0
4003 0
4004 0
4005 0
4006 0
4007 0
4008 0
4009 0
4010 0
4011 0
4012 0
4013 0
4014 0
4015 0
4016 0
4017 0
4018 0
4019 0
4020 0
4021 0
4022 0
4023 0
4024 0
4025 0
4026 0
4027 0
4028 0
4029 0
4030 0
4031 0
4032 0
4033 0
4034 0
4035 0
4036 0
4037 0
4038 0
4039 0
4040 0
4041 0
4042 0
4043 0
4044 0
4045 0
4046 0
4047 0
4048 0
4049 0
4050 0
4051 0
4052 0
4053 0
4054 0
4055 0
4056 0
4057 0
4058 0
4059 0
4060 0
4061 0
4062 0
4063 0
4064 0
4065 0
4066 0
4067 0
4068 0
4069 0
4070 0
4071 0
4072 0
4073 0
4074 0
4075 0
4076 0
4077 0
4078 0
4079 0
4080 0
4081 0
4082 0
4083 0
4084 0
4085 0
4086 0
4087 0
4088 0
4089 0
4090 0
4091 0
4092 0
4093 0
4094 0
4095 0
4096 0
4097 0
4098 0
4099 0
4100 0
4101 0
4102 0
4103 0
4104 0
4105 0
4106 0
4107 0
4108 0
4109 0
4110 0
4111 0
4112 0
4113 0
4114 0
4115 0
4116 0
4117 0
4118 0
4119 0
4120 0
4121 6
4122 6
4123 6
4124 6
4125 6
4126 0
4127 6
4128 6
4129 6
4130 7
4131 0
4132 6
4133 6
4134 6
4135 0
4136 6
4137 5
4138 0
4139 6
4140 6
4141 6
4142 6
4143 6
4144 6
4145 6
4146 6
4147 6
4148 6
4149 6
4150 6
4151 6
4152 6
4153 6
4154 6
4155 6
4156 6
4157 6
4158 6
4159 6
4160 6
4161 6
4162 6
4163 6
4164 6
4165 6
4166 6
4167 6
4168 6
4169 6
4170 6
4171 6
4172 6
4173 6
4174 6
4175 6
4176 6
4177 6
4178 6
4179 6
4180 6
4181 6
4182 6
4183 6
4184 6
4185 6
4186 6
4187 6
4188 6
4189 6
4190 6
4191 6
4192 6
4193 6
4194 6
4195 6
4196 6
4197 6
4198 6
4199 6
4200 6
4201 6
4202 6
4203 6
4204 6
4205 6
4206 6
4207 6
4208 4
4209 4
4210 4
4211 4
4212 4
4213 4
4214 4
4215 4
4216 4
4217 4
4218 4
4219 4
4220 4
4221 4
4222 4
4223 4
4224 4
4225 4
4226 4
4227 4
4228 4
4229 4
4230 4
4231 4
4232 4
4233 4
4234 4
4235 4
4236 4
4237 4
4238 4
4239 4
4240 4
4241 4
4242 4
4243 4
4244 4
4245 4
4246 4
4247 4
4248 4
4249 4
4250 4
4251 6
4252 4
4253 4
4254 4
4255 4
4256 4
4257 4
4258 4
4259 4
4260 4
4261 4
4262 4
4263 4
4264 4
4265 4
4266 4
4267 4
4268 4
4269 4
4270 4
4271 4
4272 4
4273 4
4274 4
4275 4
4276 4
4277 4
4278 4
4279 4
4280 4
4281 4
4282 4
4283 4
4284 4
4285 4
4286 4
4287 4
4288 4
4289 4
4290 4
4291 4
4292 4
4293 4
4294 4
4295 4
4296 4
4297 4
4298 4
4299 4
4300 4
4301 4
4302 4
4303 4
4304 6
4305 4
4306 4
4307 4
4308 4
4309 4
4310 4
4311 4
4312 4
4313 4
4314 4
4315 4
4316 4
4317 4
4318 4
4319 4
4320 4
4321 4
4322 4
4323 4
4324 4
4325 4
4326 4
4327 4
4328 4
4329 4
4330 4
4331 4
4332 4
4333 4
4334 4
4335 4
4336 4
4337 4
4338 4
4339 4
4340 4
4341 4
4342 4
4343 4
4344 4
4345 4
4346 4
4347 4
4348 4
4349 4
4350 4
4351 6
4352 4
4353 4
4354 4
4355 4
4356 4
4357 4
4358 4
4359 4
4360 4
4361 4
4362 4
4363 4
4364 4
4365 4
4366 4
4367 4
4368 4
4369 4
4370 4
4371 4
4372 4
4373 4
4374 4
4375 6
4376 4
4377 4
4378 6
4379 4
4380 4
4381 6
4382 4
4383 4
4384 6
4385 4
4386 4
4387 6
4388 4
4389 4
4390 6
4391 4
4392 4
4393 6
4394 4
4395 4
4396 4
4397 6
4398 4
4399 4
4400 4
4401 6
4402 4
4403 4
4404 4
4405 6
4406 4
4407 4
4408 4
4409 4
4410 4
4411 6
4412 4
4413 4
4414 4
4415 4
4416 4
4417 4
4418 6
4419 4
4420 4
4421 4
4422 4
4423 4
4424 4
4425 4
4426 4
4427 4
4428 4
4429 4
4430 4
4431 4
4432 4
4433 8
4434 2
4435 2
4436 2
4437 2
4438 2
4439 2
4440 2
4441 2
4442 2
4443 2
4444 2
4445 2
4446 2
4447 2
4448 2
4449 2
4450 2
4451 2
4452 2
4453 2
4454 2
4455 2
4456 2
4457 2
4458 2
4459 2
4460 2
4461 2
4462 2
4463 2
4464 2
4465 2
4466 2
4467 2
4468 2
4469 2
4470 2
4471 2
4472 2
4473 2
4474 2
4475 2
4476 2
4477 2
4478 2
4479 2
4480 2
4481 2
4482 2
4483 2
4484 2
4485 2
4486 2
4487 2
4488 2
4489 2
4490 2
4491 2
4492 2
4493 2
4494 2
4495 2
4496 2
4497 2
4498 2
4499 2
4500 2
4501 2
4502 2
4503 2
4504 2
4505 2
4506 2
4507 2
4508 2
4509 2
4510 2
4511 2
4512 2
4513 2
4514 2
4515 2
4516 2
4517 2
4518 2
4519 2
4520 2
4521 2
4522 2
4523 2
4524 2
4525 2
4526 2
4527 2
4528 2
4529 2
4530 0
4531 0
4532 0
4533 0
4534 0
4535 0
4536 0
4537 0
4538 0
4539 0
4540 0
4541 0
4542 0
4543 0
4544 0
4545 0
4546 0
4547 0
4548 0
4549 0
4550 0
4551 5
4552 5
4553 5
4554 0
4555 0
4556 0
4557 0
4558 0
4559 0
4560 0
4561 0
4562 0
4563 0
4564 0
4565 0
4566 0
4567 0
4568 0
4569 0
4570 0
4571 0
4572 0
4573 0
4574 0
4575 0
4576 0
4577 0
4578 0
4579 0
4580 0
4581 0
4582 0
4583 0
4584 0
4585 0
4586 0
4587 0
4588 0
4589 0
4590 0
4591 0
4592 0
4593 0
4594 0
4595 0
4596 0
4597 0
4598 0
4599 0
4600 0
4601 0
4602 0
4603 0
4604 0
4605 0
4606 0
4607 0
4608 0
4609 0
4610 0
4611 0
4612 0
4613 0
4614 0
4615 0
4616 0
4617 0
4618 0
4619 0
4620 0
4621 0
4622 0
4623 0
4624 0
4625 0
4626 0
4627 0
4628 0
4629 0
4630 0
4631 0
4632 0
4633 0
4634 0
4635 0
4636 0
4637 0
4638 0
4639 0
4640 0
4641 0
4642 0
4643 0
4644 0
4645 0
4646 0
4647 0
4648 0
4649 0
4650 0
4651 0
4652 0
4653 0
4654 0
4655 0
4656 0
4657 0
4658 0
4659 0
4660 0
4661 0
4662 0
4663 0
4664 0
4665 0
4666 0
4667 0
4668 0
4669 0
4670 0
4671 0
4672 0
4673 0
4674 0
4675 0
4676 0
4677 0
4678 0
4679 0
4680 0
4681 0
4682 0
4683 0
4684 0
4685 0
4686 0
4687 0
4688 0
4689 0
4690 0
4691 0
4692 0
4693 0
4694 0
4695 0
4696 0
4697 0
4698 0
4699 0
4700 0
4701 0
4702 0
4703 0
4704 0
4705 0
4706 0
4707 0
4708 0
4709 0
4710 0
4711 0
4712 0
4713 0
4714 0
4715 0
4716 0
4717 0
4718 0
4719 0
4720 0
4721 0
4722 0
4723 0
4724 0
4725 0
4726 0
4727 0
4728 0
4729 0
4730 0
4731 0
4732 0
4733 0
4734 0
4735 0
4736 0
4737 0
4738 0
4739 0
4740 0
4741 0
4742 0
4743 0
4744 0
4745 0
4746 0
4747 0
4748 0
4749 0
4750 0
4751 0
4752 7
4753 5
4754 7
4755 7
4756 7
4757 5
4758 7
4759 7
4760 5
4761 7
4762 7
4763 5
4764 7
4765 7
4766 5
4767 7
4768 7
4769 7
4770 5
4771 7
4772 7
4773 5
4774 7
4775 7
4776 5
4777 0
4778 7
4779 7
4780 5
4781 7
4782 7
4783 5
4784 7
4785 7
4786 5
4787 7
4788 7
4789 5
4790 7
4791 7
4792 5
4793 7
4794 7
4795 5
4796 7
4797 7
4798 5
4799 7
4800 7
4801 5
4802 7
4803 7
4804 5
4805 7
4806 7
4807 5
4808 7
4809 7
4810 5
4811 7
4812 7
4813 5
4814 7
4815 7
4816 5
4817 0
4818 7
4819 7
4820 5
4821 7
4822 5
4823 7
4824 7
4825 5
4826 7
4827 7
4828 5
4829 7
4830 7
4831 5
4832 7
4833 7
4834 5
4835 7
4836 5
4837 7
4838 7
4839 5
4840 7
4841 7
4842 5
4843 7
4844 5
4845 0
4846 7
4847 7
4848 5
4849 7
4850 7
4851 5
4852 7
4853 5
4854 7
4855 7
4856 5
4857 7
4858 7
4859 5
4860 7
4861 5
4862 7
4863 7
4864 5
4865 0
4866 7
4867 5
4868 7
4869 7
4870 5
4871 7
4872 5
4873 7
4874 7
4875 5
4876 7
4877 5
4878 7
4879 7
4880 5
4881 0
4882 7
4883 5
4884 7
4885 7
4886 5
4887 7
4888 5
4889 7
4890 5
4891 7
4892 7
4893 5
4894 7
4895 5
4896 0
4897 7
4898 7
4899 5
4900 7
4901 5
4902 7
4903 5
4904 7
4905 5
4906 0
4907 7
4908 7
4909 5
4910 7
4911 5
4912 7
4913 5
4914 7
4915 7
4916 5
4917 7
4918 5
4919 0
4920 7
4921 5
4922 7
4923 5
4924 7
4925 5
4926 0
4927 7
4928 7
4929 5
4930 6
4931 5
4932 5
4933 6
4934 5
4935 0
4936 6
4937 5
4938 6
4939 5
4940 6
4941 5
4942 6
4943 5
4944 5
4945 0
4946 6
4947 5
4948 6
4949 5
4950 6
4951 5
4952 6
4953 5
4954 7
4955 5
4956 0
4957 6
4958 5
4959 5
4960 6
4961 6
4962 6
4963 0
4964 0
4965 0
4966 0
4967 0
4968 0
4969 0
4970 0
4971 0
4972 0
4973 0
4974 0
4975 0
4976 0
4977 0
4978 0
4979 0
4980 0
4981 0
4982 0
4983 0
4984 0
4985 0
4986 0
4987 0
4988 0
4989 0
4990 0
4991 6
4992 6
4993 6
4994 6
4995 6
4996 6
4997 6
4998 6
4999 6
5000 6
5001 6
5002 6
5003 6
5004 6
5005 6
5006 6
5007 6
5008 6
5009 6
5010 0
5011 6
5012 5
5013 6
5014 5
5015 6
5016 5
5017 6
5018 5
5019 6
5020 5
5021 6
5022 6
5023 5
5024 6
5025 5
5026 6
5027 5
5028 6
5029 5
5030 6
5031 5
5032 6
5033 5
5034 0
5035 6
5036 2
5037 2
5038 2
5039 2
5040 2
5041 2
5042 2
5043 2
5044 2
5045 2
5046 2
5047 2
5048 2
5049 2
5050 5
5051 5
5052 4
5053 4
5054 4
5055 4
5056 4
5057 4
5058 4
5059 4
5060 4
5061 6
5062 5
5063 6
5064 5
5065 6
5066 5
5067 6
5068 5
5069 6
5070 5
5071 6
5072 6
5073 5
5074 6
5075 5
5076 6
5077 5
5078 6
5079 5
5080 6
5081 5
5082 6
5083 5
5084 6
5085 5
5086 6
5087 5
5088 6
5089 6
5090 5
5091 6
5092 5
5093 6
5094 5
5095 6
5096 5
5097 6
5098 5
5099 6
5100 5
5101 6
5102 5
5103 6
5104 5
5105 4
5106 6
5107 5
5108 6
5109 5
5110 6
5111 5
5112 6
5113 6
5114 5
5115 6
5116 5
5117 6
5118 5
5119 6
5120 5
5121 6
5122 5
5123 6
5124 5
5125 6
5126 5
5127 6
5128 5
5129 6
5130 5
5131 6
5132 5
5133 6
5134 5
5135 6
5136 5
5137 6
5138 5
5139 6
5140 5
5141 6
5142 5
5143 6
5144 5
5145 6
5146 5
5147 6
5148 5
5149 6
5150 5
5151 6
5152 5
5153 6
5154 5
5155 6
5156 5
5157 6
5158 5
5159 6
5160 5
5161 6
5162 5
5163 4
5164 6
5165 5
5166 6
5167 5
5168 6
5169 5
5170 6
5171 5
5172 6
5173 5
5174 6
5175 5
5176 6
5177 5
5178 6
5179 5
5180 6
5181 5
5182 6
5183 5
5184 5
5185 6
5186 5
5187 6
5188 5
5189 6
5190 5
5191 6
5192 5
5193 6
5194 5
5195 6
5196 5
5197 6
5198 5
5199 6
5200 5
5201 6
5202 5
5203 6
5204 5
5205 6
5206 5
5207 5
5208 4
5209 6
5210 5
5211 6
5212 5
5213 6
5214 5
5215 6
5216 5
5217 6
5218 5
5219 6
5220 5
5221 5
5222 6
5223 5
5224 6
5225 5
5226 6
5227 5
5228 6
5229 5
5230 6
5231 5
5232 6
5233 5
5234 5
5235 6
5236 5
5237 6
5238 5
5239 6
5240 5
5241 6
5242 5
5243 6
5244 5
5245 5
5246 4
5247 6
5248 5
5249 6
5250 5
5251 6
5252 5
5253 6
5254 5
5255 5
5256 6
5257 5
5258 6
5259 5
5260 6
5261 5
5262 5
5263 6
5264 5
5265 6
5266 5
5267 6
5268 5
5269 6
5270 5
5271 5
5272 6
5273 5
5274 4
5275 6
5276 5
5277 6
5278 5
5279 5
5280 6
5281 5
5282 6
5283 5
5284 6
5285 5
5286 5
5287 6
5288 5
5289 6
5290 5
5291 5
5292 2
5293 2
5294 2
5295 2
5296 2
5297 2
5298 2
5299 2
5300 2
5301 2
5302 2
5303 2
5304 2
5305 2
5306 2
5307 2
5308 2
5309 2
5310 2
5311 2
5312 2
5313 2
5314 2
5315 2
5316 2
5317 2
5318 2
5319 2
5320 2
5321 2
5322 5
5323 5
5324 4
5325 4
5326 4
5327 4
5328 4
5329 4
5330 4
5331 4
5332 4
5333 4
5334 4
5335 4
5336 4
5337 4
5338 4
5339 4
5340 4
5341 4
5342 4
5343 4
5344 4
5345 4
5346 4
5347 4
5348 4
5349 4
5350 4
5351 4
5352 4
5353 4
5354 4
5355 4
5356 4
5357 4
5358 4
5359 4
5360 4
5361 4
5362 4
5363 4
5364 4
5365 4
5366 4
5367 4
5368 4
5369 4
5370 4
5371 4
5372 4
5373 4
5374 4
5375 4
5376 4
5377 4
5378 4
5379 4
5380 4
5381 4
5382 4
5383 4
5384 4
5385 4
5386 4
5387 4
5388 4
5389 4
5390 4
5391 4
5392 4
5393 4
5394 4
5395 4
5396 4
5397 4
5398 4
5399 4
5400 4
5401 4
5402 4
5403 4
5404 4
5405 4
5406 4
5407 4
5408 4
5409 4
5410 4
5411 4
5412 4
5413 4
5414 4
5415 4
5416 4
5417 4
5418 4
5419 4
5420 4
5421 4
5422 4
5423 4
5424 4
5425 4
5426 4
5427 4
5428 4
5429 4
5430 4
5431 4
5432 4
5433 4
5434 4
5435 4
5436 4
5437 4
5438 4
5439 4
5440 4
5441 4
5442 4
5443 4
5444 4
5445 4
5446 4
5447 4
5448 4
5449 4
5450 4
5451 4
5452 4
5453 4
5454 4
5455 4
5456 4
5457 4
5458 4
5459 4
5460 4
5461 4
5462 4
5463 4
5464 4
5465 4
5466 4
5467 4
5468 4
5469 4
5470 4
5471 4
5472 4
5473 4
5474 4
5475 4
5476 4
5477 4
5478 4
5479 4
5480 4
5481 4
5482 4
5483 4
5484 4
5485 4
5486 4
5487 4
5488 4
5489 4
5490 4
5491 4
5492 4
5493 4
5494 4
5495 4
5496 4
5497 4
5498 4
5499 4
5500 4
5501 4
5502 4
5503 4
5504 4
5505 4
5506 4
5507 4
5508 4
5509 4
5510 4
5511 4
5512 4
5513 4
5514 4
5515 4
5516 4
5517 4
5518 4
5519 4
5520 4
5521 4
5522 4
5523 4
5524 4
5525 4
5526 4
5527 4
5528 4
5529 4
5530 4
5531 4
5532 4
5533 4
5534 4
5535 4
5536 4
5537 4
5538 4
5539 4
5540 4
5541 4
5542 4
5543 4
5544 4
5545 4
5546 4
5547 4
5548 4
5549 4
5550 4
5551 4
5552 4
5553 4
5554 4
5555 4
5556 4
5557 4
5558 4
5559 4
5560 4
5561 4
5562 4
5563 4
5564 4
5565 4
5566 4
5567 4
5568 4
5569 4
5570 4
5571 4
5572 4
5573 4
5574 4
5575 4
5576 4
5577 4
5578 4
5579 6
5580 5
5581 6
5582 5
5583 6
5584 5
5585 4
5586 6
5587 5
5588 6
5589 5
5590 6
5591 5
5592 6
5593 5
5594 6
5595 6
5596 5
5597 6
5598 5
5599 6
5600 5
5601 4
5602 6
5603 5
5604 6
5605 5
5606 6
5607 5
5608 6
5609 5
5610 6
5611 5
5612 4
5613 6
5614 6
5615 5
5616 6
5617 5
5618 6
5619 5
5620 6
5621 5
5622 6
5623 5
5624 4
5625 6
5626 5
5627 6
5628 5
5629 6
5630 5
5631 6
5632 5
5633 6
5634 5
5635 4
5636 6
5637 5
5638 6
5639 5
5640 6
5641 6
5642 5
5643 6
5644 5
5645 6
5646 5
5647 4
5648 6
5649 5
5650 6
5651 5
5652 6
5653 5
5654 6
5655 5
5656 6
5657 5
5658 4
5659 6
5660 5
5661 6
5662 5
5663 6
5664 5
5665 6
5666 5
5667 4
5668 6
5669 5
5670 6
5671 5
5672 6
5673 5
5674 6
5675 5
5676 4
5677 6
5678 5
5679 6
5680 5
5681 6
5682 5
5683 6
5684 5
5685 4
5686 6
5687 5
5688 6
5689 5
5690 6
5691 5
5692 6
5693 5
5694 4
5695 6
5696 5
5697 6
5698 5
5699 6
5700 5
5701 4
5702 6
5703 5
5704 6
5705 5
5706 6
5707 5
5708 5
5709 4
5710 6
5711 5
5712 6
5713 5
5714 6
5715 5
5716 4
5717 6
5718 5
5719 6
5720 5
5721 6
5722 5
5723 4
5724 6
5725 5
5726 6
5727 5
5728 6
5729 5
5730 6
5731 5
5732 4
5733 6
5734 5
5735 5
5736 4
5737 6
5738 5
5739 6
5740 5
5741 6
5742 5
5743 4
5744 6
5745 5
5746 6
5747 5
5748 6
5749 5
5750 4
5751 6
5752 5
5753 5
5754 6
5755 5
5756 4
5757 6
5758 5
5759 6
5760 5
5761 6
5762 5
5763 4
5764 6
5765 5
5766 5
5767 4
5768 6
5769 5
5770 6
5771 5
5772 6
5773 5
5774 4
5775 6
5776 5
5777 6
5778 5
5779 5
5780 4
5781 6
5782 5
5783 4
5784 6
5785 5
5786 6
5787 5
5788 6
5789 5
5790 5
5791 4
5792 6
5793 5
5794 4
5795 6
5796 5
5797 6
5798 5
5799 4
5800 6
5801 5
5802 5
5803 4
5804 6
5805 5
5806 6
5807 5
5808 6
5809 5
5810 5
5811 4
5812 4
5813 6
5814 5
5815 6
5816 5
5817 6
5818 5
5819 5
5820 4
5821 4
5822 6
5823 5
5824 6
5825 5
5826 4
5827 6
5828 5
5829 5
5830 4
5831 6
5832 5
5833 6
5834 5
5835 4
5836 6
5837 5
5838 5
5839 4
5840 6
5841 5
5842 4
5843 6
5844 5
5845 5
5846 4
5847 6
5848 5
5849 6
5850 5
5851 4
5852 6
5853 5
5854 5
5855 4
5856 6
5857 5
5858 4
5859 6
5860 5
5861 5
5862 4
5863 6
5864 5
5865 4
5866 6
5867 5
5868 5
5869 4
5870 4
5871 6
5872 5
5873 6
5874 5
5875 5
5876 4
5877 4
5878 6
5879 5
5880 6
5881 5
5882 5
5883 4
5884 4
5885 6
5886 5
5887 4
5888 6
5889 5
5890 5
5891 4
5892 6
5893 5
5894 5
5895 4
5896 4
5897 6
5898 5
5899 4
5900 6
5901 5
5902 5
5903 4
5904 4
5905 6
5906 5
5907 4
5908 6
5909 5
5910 5
5911 4
5912 4
5913 6
5914 5
5915 5
5916 4
5917 4
5918 6
5919 5
5920 4
5921 6
5922 5
5923 5
5924 4
5925 4
5926 6
5927 5
5928 5
5929 4
5930 4
5931 6
5932 5
5933 4
5934 6
5935 5
5936 5
5937 4
5938 4
5939 4
5940 6
5941 5
5942 5
5943 4
5944 4
5945 6
5946 5
5947 5
5948 4
5949 4
5950 4
5951 6
5952 5
5953 4
5954 6
5955 5
5956 5
5957 4
5958 4
5959 4
5960 6
5961 5
5962 5
5963 4
5964 4
5965 4
5966 6
5967 5
5968 6
5969 6
5970 6
5971 6
5972 6
5973 6
5974 6
5975 6
5976 6
5977 6
5978 6
5979 6
5980 6
5981 6
5982 6
5983 6
5984 6
5985 6
5986 6
5987 6
5988 6
5989 6
5990 6
5991 6
5992 6
5993 6
5994 6
5995 6
5996 6
5997 6
5998 0
5999 0
6000 0
6001 0
6002 0
6003 0
6004 0
6005 0
6006 0
6007 0
6008 0
6009 0
6010 0
6011 0
6012 0
6013 0
6014 0
6015 0
6016 0
6017 0
6018 0
6019 0
6020 0
6021 0
6022 0
6023 0
6024 0
6025 0
6026 0
6027 0
6028 0
6029 0
6030 0
6031 0
6032 0
6033 0
6034 0
6035 0
6036 0
6037 0
6038 0
6039 0
6040 0
6041 0
6042 0
6043 0
6044 0
6045 0
6046 0
6047 0
6048 0
6049 0
6050 0
6051 0
6052 0
6053 0
6054 0
6055 0
6056 0
6057 0
6058 0
6059 0
6060 0
6061 0
6062 0
6063 0
6064 0
6065 0
6066 0
6067 0
6068 0
6069 0
6070 0
6071 0
6072 0
6073 0
6074 0
6075 0
6076 0
6077 0
6078 0
6079 0
6080 0
6081 0
6082 0
6083 0
6084 0
6085 0
6086 0
6087 0
6088 0
6089 0
6090 0
6091 0
6092 0
6093 0
6094 0
6095 0
6096 0
6097 0
6098 0
6099 0
6100 0
6101 0
6102 0
6103 0
6104 0
6105 0
6106 0
6107 0
6108 0
6109 0
6110 0
6111 0
6112 0
6113 0
6114 0
6115 0
6116 0
6117 0
6118 0
6119 0
6120 0
6121 0
6122 0
6123 0
6124 0
6125 0
6126 0
6127 0
6128 0
6129 0
6130 0
6131 0
6132 0
6133 0
6134 0
6135 0
6136 0
6137 0
6138 0
6139 0
6140 0
6141 0
6142 0
6143 0
6144 0
6145 0
6146 0
6147 0
6148 0
6149 0
6150 0
6151 0
6152 0
6153 0
6154 0
6155 0
6156 0
6157 0
6158 0
6159 0
6160 0
6161 0
6162 0
6163 0
6164 0
6165 0
6166 0
6167 0
6168 0
6169 0
6170 0
6171 0
6172 0
6173 0
6174 0
6175 0
6176 0
6177 0
6178 0
6179 0
6180 0
6181 0
6182 0
6183 0
6184 0
6185 0
6186 0
6187 0
6188 0
6189 0
6190 0
6191 0
6192 0
6193 0
6194 0
6195 0
6196 0
6197 0
6198 0
6199 0
6200 0
6201 0
6202 0
6203 0
6204 0
6205 0
6206 0
6207 0
6208 0
6209 0
6210 0
6211 0
6212 0
6213 0
6214 0
6215 0
6216 0
6217 0
6218 0
6219 0
6220 0
6221 0
6222 0
6223 0
6224 0
6225 0
6226 0
6227 0
6228 0
6229 0
6230 0
6231 0
6232 0
6233 0
6234 0
6235 0
6236 0
6237 0
6238 0
6239 0
6240 0
6241 0
6242 0
6243 0
6244 0
6245 0
6246 0
6247 0
6248 0
6249 0
6250 0
6251 0
6252 0
6253 0
6254 0
6255 0
6256 0
6257 0
6258 0
6259 0
6260 0
6261 0
6262 0
6263 0
6264 0
6265 0
6266 0
6267 0
6268 0
6269 0
6270 0
6271 0
6272 0
6273 0
6274 0
6275 0
6276 0
6277 0
6278 0
6279 0
6280 0
6281 0
6282 0
6283 0
6284 0
6285 0
6286 0
6287 0
6288 0
6289 0
6290 0
6291 0
6292 0
6293 0
6294 0
6295 0
6296 0
6297 0
6298 0
6299 0
6300 0
6301 0
6302 0
6303 0
6304 0
6305 0
6306 0
6307 0
6308 0
6309 0
6310 0
6311 0
6312 0
6313 0
6314 0
6315 0
6316 0
6317 0
6318 0
6319 0
6320 0
6321 0
6322 0
6323 0
6324 0
6325 0
6326 0
6327 0
6328 0
6329 0
6330 0
6331 0
6332 0
6333 0
6334 0
6335 0
6336 0
6337 0
6338 0
6339 0
6340 0
6341 0
6342 0
6343 0
6344 0
6345 0
6346 0
6347 0
6348 0
6349 0
6350 0
6351 0
6352 0
6353 0
6354 0
6355 0
6356 0
6357 0
6358 0
6359 0
6360 0
6361 0
6362 0
6363 0
6364 0
6365 0
6366 0
6367 0
6368 0
6369 0
6370 0
6371 0
6372 0
6373 0
6374 0
6375 0
6376 0
6377 0
6378 0
6379 0
6380 0
6381 0
6382 0
6383 0
6384 0
6385 0
6386 0
6387 0
6388 0
6389 0
6390 0
6391 0
6392 0
6393 0
6394 0
6395 1
6396 1
6397 1
6398 1
6399 1
6400 1
6401 1
6402 1
6403 1
6404 1
6405 1
6406 1
6407 1
6408 1
6409 1
6410 1
6411 1
6412 1
6413 1
6414 2
6415 1
6416 2
6417 1
6418 2
6419 5
6420 5
6421 0
6422 1
6423 1
6424 1
6425 2
6426 1
6427 2
6428 2
6429 6
6430 6
6431 6
6432 6
6433 6
6434 4
6435 4
6436 4
6437 4
6438 4
6439 4
6440 4
6441 4
6442 4
6443 4
6444 4
6445 4
6446 4
6447 4
6448 4
6449 4
6450 4
6451 4
6452 4
6453 4
6454 4
6455 4
6456 4
6457 4
6458 4
6459 4
6460 4
6461 4
6462 4
6463 4
6464 4
6465 4
6466 4
6467 4
6468 4
6469 4
6470 4
6471 4
6472 4
6473 4
6474 4
6475 4
6476 4
6477 4
6478 4
6479 4
6480 4
6481 4
6482 4
6483 4
6484 4
6485 4
6486 6
6487 4
6488 4
6489 4
6490 4
6491 4
6492 4
6493 4
6494 4
6495 4
6496 4
6497 4
6498 4
6499 4
6500 4
6501 4
6502 4
6503 4
6504 4
6505 4
6506 4
6507 4
6508 4
6509 4
6510 4
6511 4
6512 4
6513 4
6514 4
6515 4
6516 4
6517 4
6518 4
6519 4
6520 4
6521 4
6522 4
6523 4
6524 4
6525 4
6526 4
6527 4
6528 4
6529 4
6530 4
6531 4
6532 4
6533 4
6534 4
6535 4
6536 4
6537 4
6538 4
6539 4
6540 4
6541 4
6542 4
6543 4
6544 4
6545 4
6546 4
6547 4
6548 4
6549 4
6550 4
6551 4
6552 4
6553 4
6554 4
6555 4
6556 4
6557 4
6558 6
6559 4
6560 4
6561 4
6562 4
6563 4
6564 4
6565 4
6566 4
6567 4
6568 4
6569 4
6570 4
6571 4
6572 4
6573 4
6574 4
6575 4
6576 4
6577 4
6578 4
6579 4
6580 4
6581 4
6582 4
6583 4
6584 4
6585 4
6586 4
6587 4
6588 4
6589 4
6590 4
6591 4
6592 4
6593 4
6594 4
6595 4
6596 4
6597 4
6598 4
6599 4
6600 4
6601 4
6602 4
6603 4
6604 4
6605 4
6606 4
6607 4
6608 4
6609 4
6610 4
6611 4
6612 6
6613 4
6614 4
6615 4
6616 4
6617 4
6618 4
6619 4
6620 4
6621 4
6622 4
6623 4
6624 4
6625 4
6626 4
6627 4
6628 4
6629 4
6630 4
6631 4
6632 4
6633 4
6634 4
6635 4
6636 4
6637 4
6638 4
6639 4
6640 4
6641 4
6642 4
6643 4
6644 4
6645 4
6646 4
6647 4
6648 4
6649 4
6650 6
6651 4
6652 4
6653 4
6654 4
6655 4
6656 4
6657 4
6658 4
6659 4
6660 4
6661 4
6662 4
6663 4
6664 4
6665 4
6666 4
6667 4
6668 4
6669 4
6670 4
6671 4
6672 4
6673 4
6674 4
6675 4
6676 4
6677 4
6678 4
6679 6
6680 4
6681 4
6682 4
6683 4
6684 4
6685 4
6686 4
6687 4
6688 4
6689 4
6690 4
6691 4
6692 4
6693 4
6694 4
6695 4
6696 4
6697 4
6698 4
6699 4
6700 4
6701 4
6702 6
6703 4
6704 4
6705 4
6706 4
6707 4
6708 4
6709 4
6710 4
6711 4
6712 4
6713 4
6714 4
6715 4
6716 4
6717 4
6718 4
6719 4
6720 4
6721 4
6722 4
6723 4
6724 4
6725 4
6726 4
6727 4
6728 4
6729 4
6730 4
6731 4
6732 4
6733 4
6734 4
6735 4
6736 4
6737 4
6738 4
6739 4
6740 4
6741 4
6742 4
6743 4
6744 4
6745 6
6746 6
6747 0
6748 4
6749 0
6750 6
6751 6
6752 6
6753 6
6754 6
6755 6
6756 6
6757 6
6758 6
6759 6
6760 6
6761 6
6762 6
6763 6
6764 6
6765 6
6766 6
6767 6
6768 6
6769 6
6770 6
6771 6
6772 6
6773 6
6774 6
6775 6
6776 6
6777 6
6778 6
6779 6
6780 6
6781 6
6782 6
6783 6
6784 6
6785 6
6786 6
6787 6
6788 6
6789 6
6790 6
6791 6
6792 6
6793 6
6794 6
6795 6
6796 6
6797 6
6798 6
6799 6
6800 6
6801 6
6802 6
6803 6
6804 6
6805 6
6806 6
6807 6
6808 6
6809 6
6810 6
6811 6
6812 6
6813 6
6814 6
6815 6
6816 6
6817 6
6818 6
6819 6
6820 6
6821 6
6822 6
6823 6
6824 6
6825 6
6826 6
6827 6
6828 6
6829 6
6830 6
6831 6
6832 6
6833 6
6834 6
6835 6
6836 6
6837 6
6838 6
6839 4
6840 4
6841 4
6842 4
6843 4
6844 4
6845 4
6846 4
6847 4
6848 4
6849 4
6850 4
6851 4
6852 4
6853 4
6854 4
6855 4
6856 4
6857 4
6858 4
6859 4
6860 4
6861 4
6862 4
6863 4
6864 4
6865 4
6866 4
6867 4
6868 4
6869 4
6870 4
6871 4
6872 4
6873 4
6874 4
6875 4
6876 6
6877 4
6878 4
6879 4
6880 4
6881 4
6882 4
6883 4
6884 4
6885 4
6886 4
6887 4
6888 4
6889 4
6890 4
6891 4
6892 4
6893 4
6894 4
6895 4
6896 4
6897 4
6898 4
6899 4
6900 4
6901 4
6902 4
6903 4
6904 4
6905 4
6906 4
6907 4
6908 4
6909 4
6910 4
6911 4
6912 4
6913 4
6914 4
6915 4
6916 4
6917 4
6918 4
6919 4
6920 4
6921 4
6922 4
6923 6
6924 4
6925 4
6926 4
6927 4
6928 4
6929 4
6930 4
6931 4
6932 4
6933 4
6934 4
6935 4
6936 4
6937 4
6938 4
6939 4
6940 4
6941 4
6942 4
6943 4
6944 4
6945 4
6946 4
6947 4
6948 4
6949 4
6950 4
6951 4
6952 4
6953 4
6954 4
6955 4
6956 4
6957 4
6958 4
6959 4
6960 4
6961 4
6962 4
6963 4
6964 4
6965 4
6966 6
6967 4
6968 4
6969 4
6970 4
6971 4
6972 4
6973 4
6974 4
6975 4
6976 4
6977 6
6978 6
6979 6
6980 6
6981 6
6982 6
6983 6
6984 6
6985 6
6986 6
6987 6
6988 6
6989 8
6990 6
6991 6
6992 6
6993 6
6994 6
6995 6
6996 6
6997 6
6998 6
6999 6
7000 6
7001 6
7002 6
7003 6
7004 6
7005 6
7006 6
7007 6
7008 6
7009 6
7010 6
7011 6
7012 6
7013 6
7014 6
7015 6
7016 6
7017 6
7018 6
7019 6
7020 6
7021 6
7022 6
7023 6
7024 6
7025 6
7026 6
7027 6
7028 6
7029 6
7030 6
7031 6
7032 6
7033 6
7034 6
7035 6
7036 6
7037 6
7038 6
7039 6
7040 6
7041 6
7042 6
7043 6
7044 6
7045 6
7046 6
7047 6
7048 6
7049 6
7050 6
7051 6
7052 6
7053 6
7054 6
7055 6
7056 6
7057 4
7058 4
7059 4
7060 4
7061 4
7062 4
7063 4
7064 4
7065 4
7066 4
7067 4
7068 4
7069 4
7070 4
7071 4
7072 4
7073 4
7074 4
7075 4
7076 4
7077 4
7078 4
7079 4
7080 4
7081 4
7082 4
7083 4
7084 4
7085 4
7086 4
7087 4
7088 4
7089 4
7090 4
7091 4
7092 4
7093 6
7094 4
7095 4
7096 4
7097 4
7098 4
7099 4
7100 4
7101 4
7102 4
7103 4
7104 4
7105 4
7106 4
7107 4
7108 4
7109 4
7110 4
7111 4
7112 4
7113 4
7114 4
7115 4
7116 4
7117 4
7118 4
7119 4
7120 4
7121 4
7122 4
7123 4
7124 4
7125 4
7126 4
7127 4
7128 4
7129 4
7130 4
7131 4
7132 4
7133 4
7134 4
7135 4
7136 4
7137 4
7138 4
7139 4
7140 6
7141 4
7142 4
7143 4
7144 4
7145 4
7146 4
7147 4
7148 4
7149 4
7150 4
7151 4
7152 4
7153 4
7154 4
7155 4
7156 4
7157 4
7158 4
7159 4
7160 4
7161 4
7162 4
7163 4
7164 4
7165 4
7166 4
7167 4
7168 4
7169 4
7170 4
7171 4
7172 4
7173 4
7174 4
7175 4
7176 4
7177 4
7178 4
7179 4
7180 4
7181 4
7182 4
7183 4
7184 6
7185 4
7186 4
7187 4
7188 4
7189 4
7190 4
7191 4
7192 4
7193 4
7194 4
7195 4
7196 4
7197 4
7198 4
7199 4
7200 4
7201 4
7202 4
7203 4
7204 4
7205 4
7206 4
7207 4
7208 4
7209 4
7210 4
7211 4
7212 4
7213 4
7214 4
7215 4
7216 4
7217 4
7218 4
7219 4
7220 4
7221 4
7222 6
7223 4
7224 4
7225 4
7226 4
7227 4
7228 4
7229 4
7230 4
7231 4
7232 4
7233 4
7234 4
7235 4
7236 4
7237 4
7238 4
7239 4
7240 4
7241 4
7242 4
7243 4
7244 4
7245 4
7246 4
7247 4
7248 4
7249 4
7250 4
7251 4
7252 6
7253 4
7254 4
7255 4
7256 4
7257 4
7258 4
7259 4
7260 4
7261 6
7262 6
7263 6
7264 6
7265 6
7266 6
7267 6
7268 4
7269 4
7270 4
7271 4
7272 8
7273 6
7274 6
7275 6
7276 6
7277 6
7278 6
7279 6
7280 6
7281 6
7282 6
7283 6
7284 6
7285 6
7286 6
7287 6
7288 6
7289 6
7290 6
7291 6
7292 6
7293 6
7294 6
7295 6
7296 6
7297 6
7298 6
7299 6
7300 6
7301 6
7302 6
7303 6
7304 6
7305 6
7306 6
7307 6
7308 6
7309 6
7310 6
7311 6
7312 6
7313 6
7314 6
7315 6
7316 6
7317 6
7318 6
7319 6
7320 6
7321 6
7322 6
7323 6
7324 6
7325 6
7326 6
7327 6
7328 6
7329 6
7330 6
7331 6
7332 6
7333 6
7334 6
7335 6
7336 6
7337 6
7338 6
7339 6
7340 6
7341 6
7342 6
7343 6
7344 6
7345 6
7346 6
7347 6
7348 6
7349 6
7350 6
7351 6
7352 6
7353 6
7354 6
7355 6
7356 4
7357 4
7358 4
7359 4
7360 4
7361 4
7362 4
7363 4
7364 4
7365 4
7366 4
7367 4
7368 4
7369 4
7370 4
7371 4
7372 4
7373 4
7374 4
7375 4
7376 4
7377 4
7378 4
7379 4
7380 4
7381 4
7382 4
7383 4
7384 4
7385 4
7386 4
7387 4
7388 4
7389 4
7390 4
7391 4
7392 4
7393 4
7394 4
7395 4
7396 4
7397 4
7398 4
7399 4
7400 4
7401 4
7402 4
7403 4
7404 4
7405 6
7406 4
7407 4
7408 4
7409 4
7410 4
7411 4
7412 4
7413 4
7414 4
7415 4
7416 4
7417 4
7418 4
7419 4
7420 4
7421 4
7422 4
7423 4
7424 4
7425 4
7426 4
7427 4
7428 4
7429 4
7430 4
7431 4
7432 4
7433 4
7434 6
7435 6
7436 4
7437 6
7438 6
7439 4
7440 6
7441 6
7442 4
7443 6
7444 6
7445 4
7446 6
7447 6
7448 4
7449 6
7450 6
7451 4
7452 6
7453 6
7454 4
7455 6
7456 6
7457 4
7458 6
7459 6
7460 4
7461 6
7462 4
7463 6
7464 4
7465 6
7466 4
7467 4
7468 4
7469 4
7470 4
7471 4
7472 4
7473 4
7474 4
7475 4
7476 4
7477 4
7478 4
7479 4
7480 4
7481 4
7482 4
7483 4
7484 4
7485 4
7486 4
7487 4
7488 4
7489 4
7490 4
7491 4
7492 4
7493 4
7494 4
7495 4
7496 4
7497 4
7498 4
7499 4
7500 4
7501 4
7502 4
7503 4
7504 4
7505 4
7506 4
7507 4
7508 4
7509 4
7510 4
7511 4
7512 4
7513 4
7514 4
7515 4
7516 6
7517 6
7518 6
7519 6
7520 6
7521 6
7522 6
7523 6
7524 6
7525 6
7526 6
7527 6
7528 6
7529 5
7530 6
7531 5
7532 6
7533 5
7534 6
7535 5
7536 4
7537 6
7538 6
7539 5
7540 6
7541 5
7542 6
7543 5
7544 6
7545 5
7546 6
7547 5
7548 6
7549 5
7550 4
7551 6
7552 5
7553 6
7554 6
7555 5
7556 6
7557 5
7558 6
7559 5
7560 6
7561 5
7562 4
7563 6
7564 5
7565 6
7566 5
7567 6
7568 5
7569 6
7570 5
7571 6
7572 5
7573 4
7574 6
7575 6
7576 5
7577 6
7578 5
7579 6
7580 5
7581 6
7582 5
7583 6
7584 5
7585 4
7586 6
7587 5
7588 6
7589 5
7590 6
7591 5
7592 6
7593 5
7594 6
7595 5
7596 4
7597 6
7598 5
7599 6
7600 5
7601 6
7602 5
7603 6
7604 5
7605 4
7606 6
7607 5
7608 6
7609 5
7610 6
7611 5
7612 6
7613 5
7614 4
7615 6
7616 6
7617 5
7618 6
7619 5
7620 6
7621 5
7622 6
7623 5
7624 4
7625 6
7626 5
7627 6
7628 5
7629 6
7630 5
7631 6
7632 5
7633 6
7634 5
7635 4
7636 6
7637 5
7638 6
7639 5
7640 5
7641 6
7642 5
7643 4
7644 6
7645 5
7646 6
7647 5
7648 6
7649 5
7650 4
7651 6
7652 5
7653 6
7654 5
7655 6
7656 5
7657 6
7658 5
7659 4
7660 6
7661 5
7662 6
7663 5
7664 6
7665 5
7666 6
7667 5
7668 4
7669 6
7670 5
7671 6
7672 5
7673 6
7674 5
7675 4
7676 6
7677 5
7678 6
7679 5
7680 5
7681 6
7682 5
7683 4
7684 6
7685 5
7686 6
7687 5
7688 6
7689 5
7690 4
7691 6
7692 5
7693 6
7694 5
7695 6
7696 5
7697 4
7698 6
7699 5
7700 5
7701 6
7702 5
7703 6
7704 5
7705 4
7706 6
7707 5
7708 6
7709 5
7710 6
7711 5
7712 4
7713 6
7714 5
7715 6
7716 5
7717 5
7718 4
7719 6
7720 5
7721 6
7722 5
7723 6
7724 5
7725 4
7726 6
7727 5
7728 6
7729 5
7730 5
7731 4
7732 6
7733 5
7734 6
7735 5
7736 4
7737 6
7738 5
7739 6
7740 5
7741 5
7742 4
7743 6
7744 5
7745 6
7746 5
7747 6
7748 5
7749 4
7750 6
7751 5
7752 5
7753 6
7754 5
7755 4
7756 6
7757 5
7758 6
7759 5
7760 4
7761 6
7762 5
7763 5
7764 6
7765 5
7766 4
7767 6
7768 5
7769 6
7770 5
7771 5
7772 4
7773 6
7774 5
7775 6
7776 5
7777 4
7778 6
7779 5
7780 5
7781 6
7782 5
7783 4
7784 6
7785 5
7786 6
7787 5
7788 5
7789 4
7790 6
7791 5
7792 4
7793 6
7794 5
7795 5
7796 6
7797 5
7798 4
7799 6
7800 5
7801 6
7802 5
7803 5
7804 4
7805 6
7806 5
7807 4
7808 6
7809 5
7810 5
7811 6
7812 5
7813 4
7814 6
7815 5
7816 5
7817 4
7818 6
7819 5
7820 6
7821 5
7822 4
7823 6
7824 5
7825 5
7826 4
7827 6
7828 5
7829 6
7830 5
7831 5
7832 4
7833 6
7834 5
7835 4
7836 6
7837 5
7838 5
7839 4
7840 6
7841 5
7842 6
7843 6
7844 6
7845 6
7846 6
7847 6
7848 6
7849 6
7850 6
7851 6
7852 6
7853 6
7854 6
7855 6
7856 6
7857 6
7858 6
7859 6
7860 6
7861 6
7862 6
7863 6
7864 6
7865 6
7866 6
7867 6
7868 6
7869 6
7870 6
7871 6
7872 6
7873 6
7874 6
7875 6
7876 6
7877 6
7878 6
7879 6
7880 6
7881 6
7882 6
7883 6
7884 6
7885 6
7886 6
7887 6
7888 6
7889 6
7890 6
7891 6
7892 6
7893 6
7894 6
7895 6
7896 6
7897 8
7898 6
7899 6
7900 6
7901 6
7902 6
7903 6
7904 6
7905 6
7906 6
7907 6
7908 6
7909 6
7910 6
7911 4
7912 4
7913 4
7914 4
7915 4
7916 4
7917 4
7918 4
7919 4
7920 4
7921 4
7922 4
7923 4
7924 4
7925 4
7926 4
7927 4
7928 4
7929 4
7930 4
7931 4
7932 4
7933 4
7934 4
7935 4
7936 4
7937 4
7938 4
7939 4
7940 4
7941 4
7942 4
7943 4
7944 4
7945 4
7946 4
7947 4
7948 6
7949 4
7950 4
7951 4
7952 4
7953 4
7954 4
7955 4
7956 4
7957 4
7958 4
7959 4
7960 4
7961 4
7962 4
7963 4
7964 4
7965 4
7966 4
7967 4
7968 4
7969 4
7970 4
7971 4
7972 4
7973 4
7974 4
7975 4
7976 4
7977 4
7978 4
7979 4
7980 4
7981 4
7982 4
7983 4
7984 4
7985 4
7986 4
7987 4
7988 4
7989 4
7990 4
7991 4
7992 4
7993 4
7994 4
7995 4
7996 4
7997 4
7998 4
7999 4
8000 4
8001 4
8002 4
8003 4
8004 4
8005 4
8006 4
8007 4
8008 4
8009 4
8010 4
8011 4
8012 4
8013 4
8014 4
8015 4
8016 4
8017 4
8018 4
8019 4
8020 4
8021 4
8022 4
8023 4
8024 4
8025 4
8026 4
8027 4
8028 4
8029 4
8030 4
8031 4
8032 4
8033 4
8034 4
8035 4
8036 4
8037 4
8038 6
8039 4
8040 4
8041 4
8042 4
8043 4
8044 4
8045 4
8046 4
8047 4
8048 4
8049 4
8050 4
8051 4
8052 4
8053 4
8054 4
8055 4
8056 4
8057 4
8058 4
8059 4
8060 4
8061 4
8062 4
8063 4
8064 4
8065 4
8066 4
8067 4
8068 4
8069 4
8070 4
8071 4
8072 4
8073 4
8074 4
8075 4
8076 4
8077 4
8078 4
8079 4
8080 4
8081 4
8082 4
8083 4
8084 4
8085 4
8086 4
8087 4
8088 4
8089 4
8090 4
8091 4
8092 4
8093 4
8094 4
8095 4
8096 4
8097 6
8098 4
8099 4
8100 4
8101 4
8102 4
8103 4
8104 4
8105 4
8106 4
8107 4
8108 4
8109 4
8110 4
8111 4
8112 4
8113 4
8114 4
8115 4
8116 4
8117 4
8118 4
8119 4
8120 4
8121 4
8122 4
8123 4
8124 4
8125 4
8126 4
8127 4
8128 4
8129 4
8130 4
8131 4
8132 4
8133 4
8134 4
8135 4
8136 6
8137 4
8138 4
8139 4
8140 4
8141 4
8142 4
8143 4
8144 4
8145 4
8146 4
8147 4
8148 4
8149 4
8150 4
8151 4
8152 4
8153 4
8154 4
8155 4
8156 4
8157 4
8158 4
8159 4
8160 4
8161 4
8162 4
8163 4
8164 4
8165 4
8166 6
8167 4
8168 4
8169 4
8170 4
8171 4
8172 4
8173 4
8174 4
8175 4
8176 4
8177 4
8178 4
8179 4
8180 4
8181 4
8182 4
8183 4
8184 4
8185 4
8186 4
8187 4
8188 4
8189 4
8190 4
8191 4
8192 4
8193 4
8194 4
8195 4
8196 4
8197 4
8198 4
8199 4
8200 4
8201 4
8202 4
8203 4
8204 4
8205 4
8206 4
8207 4
8208 4
8209 4
8210 4
8211 4
8212 4
8213 4
8214 4
8215 4
8216 4
8217 4
8218 4
8219 4
8220 4
8221 6
8222 6
8223 6
8224 6
8225 6
8226 4
8227 6
8228 6
8229 6
8230 6
8231 6
8232 6
8233 4
8234 6
8235 6
8236 6
8237 6
8238 5
8239 4
8240 6
8241 5
8242 6
8243 5
8244 4
8245 6
8246 5
8247 6
8248 6
8249 5
8250 4
8251 6
8252 5
8253 6
8254 5
8255 4
8256 6
8257 5
8258 6
8259 5
8260 6
8261 5
8262 4
8263 6
8264 5
8265 6
8266 5
8267 4
8268 6
8269 6
8270 5
8271 4
8272 6
8273 5
8274 6
8275 5
8276 4
8277 6
8278 5
8279 6
8280 5
8281 4
8282 6
8283 5
8284 6
8285 5
8286 4
8287 6
8288 5
8289 6
8290 5
8291 4
8292 6
8293 6
8294 5
8295 4
8296 6
8297 5
8298 6
8299 5
8300 4
8301 6
8302 5
8303 6
8304 5
8305 4
8306 6
8307 5
8308 4
8309 6
8310 5
8311 6
8312 5
8313 4
8314 6
8315 5
8316 6
8317 5
8318 4
8319 6
8320 5
8321 4
8322 6
8323 5
8324 6
8325 5
8326 4
8327 6
8328 5
8329 4
8330 6
8331 5
8332 6
8333 5
8334 4
8335 6
8336 4
8337 6
8338 5
8339 6
8340 5
8341 4
8342 6
8343 5
8344 4
8345 6
8346 5
8347 6
8348 5
8349 4
8350 6
8351 5
8352 4
8353 6
8354 5
8355 4
8356 6
8357 5
8358 4
8359 6
8360 5
8361 6
8362 5
8363 4
8364 6
8365 5
8366 4
8367 6
8368 5
8369 4
8370 6
8371 5
8372 5
8373 4
8374 6
8375 5
8376 4
8377 6
8378 5
8379 4
8380 6
8381 5
8382 4
8383 6
8384 5
8385 4
8386 6
8387 5
8388 4
8389 6
8390 5
8391 4
8392 6
8393 5
8394 4
8395 6
8396 5
8397 4
8398 6
8399 5
8400 4
8401 6
8402 5
8403 4
8404 6
8405 5
8406 4
8407 6
8408 5
8409 4
8410 6
8411 5
8412 4
8413 4
8414 6
8415 5
8416 4
8417 6
8418 5
8419 4
8420 6
8421 5
8422 5
8423 4
8424 4
8425 6
8426 5
8427 4
8428 6
8429 5
8430 4
8431 4
8432 6
8433 5
8434 4
8435 6
8436 5
8437 4
8438 4
8439 6
8440 5
8441 4
8442 2
8443 2
8444 2
8445 2
8446 2
8447 2
8448 2
8449 2
8450 2
8451 2
8452 2
8453 2
8454 2
8455 2
8456 2
8457 2
8458 2
8459 2
8460 2
8461 2
8462 2
8463 2
8464 2
8465 2
8466 2
8467 2
8468 2
8469 2
8470 2
8471 2
8472 2
8473 0
8474 0
8475 0
8476 0
8477 0
8478 0
8479 0
8480 0
8481 0
8482 0
8483 0
8484 0
8485 0
8486 0
8487 0
8488 0
8489 0
8490 0
8491 0
8492 0
8493 0
8494 0
8495 0
8496 0
8497 0
8498 0
8499 0
8500 0
8501 0
8502 0
8503 0
8504 0
8505 0
8506 0
8507 0
8508 0
8509 0
8510 0
8511 0
8512 0
8513 0
8514 0
8515 5
8516 5
8517 0
8518 0
8519 0
8520 0
8521 0
8522 0
8523 0
8524 0
8525 0
8526 0
8527 0
8528 0
8529 0
8530 0
8531 0
8532 0
8533 0
8534 0
8535 0
8536 0
8537 0
8538 0
8539 0
8540 0
8541 0
8542 0
8543 0
8544 0
8545 0
8546 0
8547 0
8548 0
8549 0
8550 0
8551 0
8552 6
8553 5
8554 6
8555 5
8556 0
8557 6
8558 5
8559 6
8560 5
8561 6
8562 6
8563 5
8564 6
8565 5
8566 0
8567 6
8568 5
8569 6
8570 5
8571 6
8572 5
8573 0
8574 6
8575 5
8576 6
8577 5
8578 6
8579 5
8580 6
8581 6
8582 5
8583 0
8584 6
8585 5
8586 6
8587 5
8588 6
8589 5
8590 0
8591 6
8592 5
8593 6
8594 5
8595 6
8596 5
8597 0
8598 6
8599 5
8600 6
8601 5
8602 6
8603 5
8604 0
8605 6
8606 6
8607 5
8608 6
8609 5
8610 6
8611 5
8612 0
8613 6
8614 5
8615 6
8616 5
8617 6
8618 5
8619 0
8620 6
8621 5
8622 6
8623 5
8624 6
8625 5
8626 0
8627 6
8628 5
8629 6
8630 5
8631 0
8632 6
8633 5
8634 6
8635 5
8636 6
8637 5
8638 0
8639 0
8640 0
8641 0
8642 0
8643 0
8644 0
8645 0
8646 0
8647 0
8648 0
8649 0
8650 0
8651 0
8652 0
8653 0
8654 0
8655 0
8656 0
8657 0
8658 0
8659 0
8660 0
8661 0
8662 0
8663 0
8664 0
8665 0
8666 0
8667 0
8668 0
8669 0
8670 0
8671 0
8672 0
8673 0
8674 0
8675 0
8676 0
8677 0
8678 0
8679 0
8680 0
8681 0
8682 0
8683 0
8684 0
8685 0
8686 0
8687 0
8688 0
8689 0
8690 0
8691 0
8692 0
8693 0
8694 0
8695 0
8696 0
8697 0
8698 0
8699 0
8700 0
8701 0
8702 0
8703 0
8704 0
8705 0
8706 0
8707 0
8708 0
8709 0
8710 0
8711 0
8712 0
8713 0
8714 0
8715 0
8716 0
8717 0
8718 0
8719 0
8720 0
8721 0
8722 0
8723 0
8724 0
8725 0
8726 0
8727 0
8728 0
8729 0
8730 0
8731 0
8732 0
8733 0
8734 0
8735 0
8736 0
8737 0
8738 0
8739 0
8740 0
8741 0
8742 0
8743 0
8744 0
8745 0
8746 0
8747 0
8748 0
8749 0
8750 0
8751 0
8752 0
8753 0
8754 0
8755 0
8756 0
8757 0
8758 0
8759 0
8760 0
8761 0
8762 0
8763 0
8764 0
8765 0
8766 0
8767 0
8768 0
8769 0
8770 0
8771 0
8772 0
8773 0
8774 0
8775 0
8776 0
8777 0
8778 0
8779 0
8780 0
8781 0
8782 0
8783 0
8784 0
8785 0
8786 0
8787 0
8788 0
8789 0
8790 0
8791 0
8792 0
8793 0
8794 0
8795 0
8796 0
8797 0
8798 0
8799 0
8800 0
8801 0
8802 0
8803 0
8804 0
8805 0
8806 0
8807 0
8808 0
8809 0
8810 0
8811 0
8812 0
8813 0
8814 0
8815 0
8816 0
8817 0
8818 0
8819 0
8820 0
8821 0
8822 0
8823 0
8824 0
8825 0
8826 0
8827 0
8828 0
8829 0
8830 0
8831 0
8832 0
8833 0
8834 0
8835 0
8836 0
8837 0
8838 0
8839 0
8840 0
8841 0
8842 0
8843 0
8844 0
8845 0
8846 0
8847 0
8848 0
8849 0
8850 0
8851 0
8852 0
8853 0
8854 0
8855 0
8856 0
8857 0
8858 0
8859 0
8860 0
8861 0
8862 0
8863 0
8864 0
8865 0
8866 0
8867 0
8868 0
8869 0
8870 0
8871 0
8872 0
8873 0
8874 0
8875 0
8876 0
8877 0
8878 0
8879 0
8880 0
8881 0
8882 0
8883 0
8884 7
8885 7
8886 5
8887 7
8888 7
8889 7
8890 5
8891 7
8892 7
8893 5
8894 7
8895 7
8896 5
8897 7
8898 7
8899 5
8900 0
8901 7
8902 7
8903 5
8904 7
8905 7
8906 7
8907 5
8908 7
8909 7
8910 5
8911 7
8912 7
8913 5
8914 7
8915 7
8916 5
8917 7
8918 7
8919 5
8920 7
8921 0
8922 7
8923 7
8924 5
8925 7
8926 7
8927 5
8928 7
8929 7
8930 5
8931 7
8932 7
8933 5
8934 7
8935 7
8936 5
8937 7
8938 7
8939 5
8940 0
8941 7
8942 7
8943 5
8944 7
8945 7
8946 7
8947 5
8948 7
8949 7
8950 5
8951 7
8952 7
8953 5
8954 7
8955 7
8956 5
8957 0
8958 7
8959 7
8960 5
8961 7
8962 7
8963 5
8964 7
8965 7
8966 5
8967 7
8968 7
8969 5
8970 0
8971 7
8972 7
8973 5
8974 7
8975 7
8976 5
8977 7
8978 7
8979 5
8980 7
8981 7
8982 5
8983 0
8984 7
8985 7
8986 5
8987 7
8988 7
8989 5
8990 7
8991 7
8992 5
8993 7
8994 7
8995 5
8996 0
8997 7
8998 7
8999 5
9000 7
9001 7
9002 5
9003 7
9004 7
9005 5
9006 0
9007 7
9008 7
9009 5
9010 7
9011 7
9012 5
9013 7
9014 7
9015 5
9016 0
9017 7
9018 7
9019 5
9020 7
9021 7
9022 5
9023 7
9024 7
9025 5
9026 0
9027 7
9028 7
9029 5
9030 7
9031 7
9032 5
9033 7
9034 7
9035 5
9036 0
9037 7
9038 7
9039 5
9040 7
9041 7
9042 5
9043 0
9044 7
9045 7
9046 5
9047 7
9048 7
9049 5
9050 7
9051 5
9052 0
9053 7
9054 7
9055 5
9056 7
9057 7
9058 5
9059 0
9060 7
9061 7
9062 5
9063 7
9064 7
9065 5
9066 7
9067 0
9068 7
9069 5
9070 7
9071 7
9072 5
9073 7
9074 5
9075 0
9076 7
9077 7
9078 5
9079 7
9080 7
9081 5
9082 0
9083 7
9084 7
9085 5
9086 7
9087 0
9088 7
9089 5
9090 7
9091 5
9092 7
9093 0
9094 7
9095 5
9096 7
9097 7
9098 5
9099 0
9100 7
9101 7
9102 5
9103 7
9104 5
9105 0
9106 7
9107 7
9108 5
9109 7
9110 7
9111 5
9112 0
9113 7
9114 7
9115 5
9116 0
9117 7
9118 5
9119 7
9120 7
9121 7
9122 5
9123 0
9124 7
9125 5
9126 0
9127 7
9128 5
9129 7
9130 7
9131 5
9132 0
9133 7
9134 7
9135 5
9136 0
9137 7
9138 5
9139 7
9140 0
9141 7
9142 5
9143 7
9144 5
9145 0
9146 7
9147 7
9148 5
9149 0
9150 7
9151 7
9152 5
9153 0
9154 7
9155 5
9156 7
9157 7
9158 5
9159 0
9160 7
9161 5
9162 0
9163 7
9164 7
9165 5
9166 0
9167 7
9168 5
9169 0
9170 7
9171 7
9172 5
9173 0
9174 7
9175 5
9176 0
9177 7
9178 7
9179 5
9180 0
9181 7
9182 5
9183 0
9184 7
9185 7
9186 5
9187 0
9188 6
9189 5
9190 6
9191 5
9192 5
9193 0
9194 6
9195 5
9196 0
9197 6
9198 5
9199 0
9200 6
9201 5
9202 5
9203 0
9204 6
9205 5
9206 6
9207 5
9208 0
9209 6
9210 5
9211 5
9212 0
9213 6
9214 5
9215 0
9216 6
9217 5
9218 7
9219 5
9220 0
9221 0
9222 6
9223 5
9224 5
9225 0
9226 6
9227 5
9228 0
9229 6
9230 5
9231 5
9232 0
9233 6
9234 5
9235 0
9236 6
9237 5
9238 5
9239 0
9240 6
9241 5
9242 0
9243 6
9244 5
9245 0
9246 6
9247 5
9248 5
9249 0
9250 6
9251 5
9252 5
9253 0
9254 0
9255 6
9256 5
9257 0
9258 6
9259 5
9260 5
9261 0
9262 6
9263 5
9264 0
9265 6
9266 5
9267 5
9268 0
9269 0
9270 6
9271 5
9272 0
9273 6
9274 5
9275 5
9276 0
9277 0
9278 6
9279 5
9280 5
9281 0
9282 0
9283 6
9284 5
9285 0
9286 6
9287 5
9288 5
9289 0
9290 0
9291 6
9292 5
9293 5
9294 0
9295 0
9296 6
9297 5
9298 0
9299 6
9300 5
9301 5
9302 0
9303 0
9304 7
9305 5
9306 0
9307 0
9308 0
9309 6
9310 5
9311 5
9312 0
9313 0
9314 6
9315 5
9316 5
9317 0
9318 0
9319 0
9320 6
9321 5
9322 5
9323 0
9324 0
9325 0
9326 6
9327 5
9328 0
9329 6
9330 5
9331 5
9332 0
9333 0
9334 0
9335 6
9336 5
9337 5
9338 0
9339 0
9340 0
9341 7
9342 5
9343 0
9344 0
9345 0
9346 7
9347 5
9348 5
9349 0
9350 0
9351 0
9352 0
9353 0
9354 0
9355 6
9356 5
9357 5
9358 0
9359 0
9360 6
9361 6
9362 6
9363 6
9364 6
9365 6
9366 6
9367 6
9368 6
9369 6
9370 6
9371 6
9372 6
9373 6
9374 0
9375 0
9376 0
9377 0
9378 0
9379 0
9380 0
9381 0
9382 0
9383 0
9384 0
9385 0
9386 0
9387 0
9388 0
9389 0
9390 0
9391 0
9392 0
9393 0
9394 0
9395 0
9396 0
9397 0
9398 0
9399 0
9400 0
9401 0
9402 0
9403 0
9404 0
9405 0
9406 0
9407 0
9408 0
9409 0
9410 0
9411 0
9412 0
9413 0
9414 0
9415 0
9416 0
9417 0
9418 0
9419 0
9420 0
9421 0
9422 0
9423 0
9424 0
9425 0
9426 0
9427 0
9428 0
9429 0
9430 0
9431 0
9432 0
9433 0
9434 0
9435 0
9436 0
9437 0
9438 0
9439 0
9440 0
9441 0
9442 0
9443 0
9444 0
9445 0
9446 0
9447 0
9448 0
9449 0
9450 0
9451 0
9452 0
9453 0
9454 0
9455 0
9456 0
9457 0
9458 0
9459 0
9460 0
9461 0
9462 0
9463 0
9464 0
9465 0
9466 0
9467 0
9468 0
9469 0
9470 0
9471 0
9472 0
9473 0
9474 0
9475 0
9476 0
9477 0
9478 0
9479 0
9480 0
9481 0
9482 0
9483 0
9484 0
9485 0
9486 0
9487 0
9488 0
9489 0
9490 0
9491 0
9492 0
9493 0
9494 0
9495 0
9496 0
9497 0
9498 0
9499 0
9500 0
9501 0
9502 0
9503 0
9504 0
9505 0
9506 0
9507 0
9508 0
9509 0
9510 0
9511 0
9512 0
9513 0
9514 0
9515 0
9516 0
9517 0
9518 0
9519 0
9520 0
9521 0
9522 0
9523 0
9524 0
9525 0
9526 0
9527 0
9528 0
9529 0
9530 0
9531 0
9532 0
9533 0
9534 0
9535 0
9536 0
9537 0
9538 0
9539 0
9540 0
9541 0
9542 0
9543 0
9544 0
9545 0
9546 0
9547 0
9548 0
9549 0
9550 0
9551 0
9552 0
9553 0
9554 0
9555 0
9556 0
9557 0
9558 0
9559 0
9560 0
9561 0
9562 0
9563 0
9564 0
9565 0
9566 0
9567 0
9568 0
9569 0
9570 0
9571 0
9572 0
9573 0
9574 0
9575 0
9576 0
9577 0
9578 0
9579 0
9580 0
9581 0
9582 0
9583 0
9584 0
9585 0
9586 0
9587 0
9588 0
9589 0
9590 0
9591 0
9592 0
9593 0
9594 0
9595 0
9596 0
9597 0
9598 0
9599 0
9600 0
9601 0
9602 0
9603 0
9604 0
9605 0
9606 0
9607 0
9608 0
9609 0
9610 0
9611 0
9612 0
9613 0
9614 0
9615 0
9616 0
9617 0
9618 0
9619 0
9620 0
9621 0
9622 0
9623 0
9624 0
9625 0
9626 0
9627 0
9628 0
9629 0
9630 0
9631 0
9632 0
9633 0
9634 0
9635 0
9636 0
9637 0
9638 0
9639 0
9640 0
9641 0
9642 0
9643 0
9644 0
9645 0
9646 0
9647 0
9648 0
9649 0
9650 0
9651 0
9652 0
9653 0
9654 0
9655 0
9656 0
9657 0
9658 0
9659 0
9660 0
9661 0
9662 0
9663 0
9664 0
9665 0
9666 0
9667 0
9668 0
9669 0
9670 0
9671 0
9672 0
9673 0
9674 0
9675 0
9676 0
9677 0
9678 0
9679 0
9680 0
9681 0
9682 0
9683 0
9684 0
9685 0
9686 0
9687 0
9688 0
9689 0
9690 0
9691 0
9692 0
9693 0
9694 0
9695 0
9696 0
9697 0
9698 0
9699 0
9700 0
9701 0
9702 0
9703 0
9704 0
9705 0
9706 0
9707 0
9708 0
9709 0
9710 0
9711 0
9712 0
9713 0
9714 0
9715 0
9716 0
9717 0
9718 0
9719 0
9720 0
9721 0
9722 0
9723 0
9724 0
9725 0
9726 0
9727 4
9728 0
9729 6
9730 6
9731 6
9732 6
9733 6
9734 6
9735 6
9736 6
9737 0
9738 0
9739 0
9740 0
9741 0
9742 0
9743 0
9744 0
9745 0
9746 0
9747 0
9748 0
9749 0
9750 0
9751 0
9752 6
9753 6
9754 6
9755 6
9756 6
9757 6
9758 6
9759 6
9760 6
9761 6
9762 6
9763 6
9764 6
9765 6
9766 6
9767 6
9768 6
9769 6
9770 6
9771 6
9772 6
9773 5
9774 6
9775 5
9776 6
9777 5
9778 6
9779 5
9780 6
9781 5
9782 6
9783 5
9784 6
9785 6
9786 5
9787 0
9788 6
9789 5
9790 6
9791 5
9792 6
9793 5
9794 6
9795 5
9796 6
9797 5
9798 6
9799 5
9800 6
9801 6
9802 6
9803 6
9804 6
9805 6
9806 6
9807 6
9808 6
9809 6
9810 6
9811 6
9812 6
9813 6
9814 6
9815 6
9816 6
9817 6
9818 6
9819 6
9820 6
9821 4
9822 4
9823 4
9824 4
9825 4
9826 4
9827 4
9828 4
9829 4
9830 4
9831 4
9832 4
9833 4
9834 4
9835 4
9836 4
9837 4
9838 4
9839 4
9840 4
9841 4
9842 4
9843 4
9844 6
9845 4
9846 6
9847 6
9848 6
9849 6
9850 6
9851 6
9852 6
9853 6
9854 6
9855 6
9856 6
9857 6
9858 6
9859 6
9860 6
9861 6
9862 6
9863 6
9864 6
9865 5
9866 6
9867 5
9868 6
9869 5
9870 6
9871 5
9872 4
9873 6
9874 5
9875 6
9876 5
9877 6
9878 6
9879 5
9880 6
9881 5
9882 6
9883 5
9884 6
9885 5
9886 6
9887 5
9888 6
9889 5
9890 6
9891 5
9892 6
9893 6
9894 5
9895 4
9896 6
9897 5
9898 6
9899 5
9900 6
9901 5
9902 6
9903 5
9904 6
9905 5
9906 6
9907 5
9908 6
9909 5
9910 6
9911 5
9912 6
9913 5
9914 6
9915 6
9916 5
9917 4
9918 6
9919 5
9920 6
9921 5
9922 6
9923 5
9924 6
9925 5
9926 6
9927 5
9928 6
9929 5
9930 6
9931 5
9932 6
9933 5
9934 6
9935 5
9936 6
9937 5
9938 4
9939 6
9940 5
9941 6
9942 5
9943 6
9944 5
9945 6
9946 5
9947 6
9948 5
9949 6
9950 5
9951 6
9952 5
9953 6
9954 5
9955 6
9956 5
9957 4
9958 6
9959 5
9960 6
9961 5
9962 6
9963 5
9964 6
9965 5
9966 6
9967 5
9968 6
9969 5
9970 6
9971 5
9972 6
9973 5
9974 4
9975 6
9976 5
9977 6
9978 5
9979 6
9980 5
9981 6
9982 5
9983 6
9984 5
9985 6
9986 5
9987 6
9988 5
9989 6
9990 5
9991 4
9992 6
9993 5
9994 6
9995 5
9996 6
9997 5
9998 6
9999 5
10000 6
10001 5
10002 6
10003 5
10004 5
10005 6
10006 5
10007 4
10008 6
10009 5
10010 6
10011 5
10012 6
10013 5
10014 6
10015 5
10016 6
10017 5
10018 6
10019 5
10020 6
10021 5
10022 5
10023 4
10024 6
10025 5
10026 6
10027 5
10028 6
10029 5
10030 6
10031 5
10032 6
10033 5
10034 6
10035 5
10036 4
10037 6
10038 5
10039 5
10040 6
10041 5
10042 6
10043 5
10044 6
10045 5
10046 6
10047 5
10048 6
10049 5
10050 5
10051 4
10052 6
10053 5
10054 6
10055 5
10056 6
10057 5
10058 6
10059 5
10060 5
10061 6
10062 5
10063 4
10064 6
10065 5
10066 6
10067 5
10068 6
10069 5
10070 5
10071 6
10072 5
10073 6
10074 5
10075 6
10076 5
10077 4
10078 6
10079 5
10080 5
10081 6
10082 5
10083 6
10084 5
10085 6
10086 5
10087 5
10088 6
10089 5
10090 4
10091 6
10092 5
10093 6
10094 5
10095 5
10096 6
10097 5
10098 6
10099 5
10100 6
10101 5
10102 5
10103 4
10104 6
10105 5
10106 6
10107 5
10108 5
10109 6
10110 5
10111 6
10112 5
10113 4
10114 6
10115 5
10116 5
10117 6
10118 5
10119 6
10120 5
10121 5
10122 6
10123 5
10124 6
10125 5
10126 5
10127 4
10128 6
10129 5
10130 6
10131 5
10132 5
10133 6
10134 5
10135 6
10136 5
10137 4
10138 6
10139 5
10140 5
10141 6
10142 5
10143 6
10144 5
10145 5
10146 6
10147 5
10148 5
10149 4
10150 6
10151 5
10152 6
10153 5
10154 5
10155 6
10156 5
10157 6
10158 5
10159 5
10160 4
10161 6
10162 5
10163 6
10164 5
10165 5
10166 6
10167 5
10168 5
10169 6
10170 5
10171 4
10172 6
10173 5
10174 5
10175 6
10176 5
10177 6
10178 5
10179 5
10180 6
10181 5
10182 5
10183 4
10184 6
10185 5
10186 6
10187 5
10188 5
10189 6
10190 5
10191 5
10192 4
10193 6
10194 5
10195 6
10196 5
10197 5
10198 6
10199 5
10200 0
10201 0
10202 0
10203 0
10204 0
10205 0
10206 0
10207 0
10208 0
10209 0
10210 0
10211 0
10212 0
10213 0
10214 0
10215 0
10216 0
10217 0
10218 0
10219 0
10220 0
10221 0
10222 0
10223 0
10224 0
10225 0
10226 0
10227 0
10228 0
10229 0
10230 0
10231 0
10232 0
10233 0
10234 0
10235 0
10236 0
10237 0
10238 0
10239 0
10240 0
10241 0
10242 0
10243 0
10244 0
10245 0
10246 0
10247 0
10248 0
10249 0
10250 0
10251 0
10252 0
10253 0
10254 0
10255 0
10256 0
10257 0
10258 0
10259 0
10260 0
10261 0
10262 0
10263 0
10264 0
10265 0
10266 0
10267 0
10268 0
10269 0
10270 0
10271 0
10272 0
10273 0
10274 0
10275 0
10276 0
10277 0
10278 0
10279 0
10280 0
10281 0
10282 0
10283 0
10284 0
10285 0
10286 0
10287 0
10288 0
10289 0
10290 0
10291 0
10292 0
10293 0
10294 0
10295 0
10296 0
10297 0
10298 0
10299 0
10300 0
10301 0
10302 0
10303 0
10304 0
10305 0
10306 0
10307 0
10308 0
10309 0
10310 0
10311 0
10312 0
10313 0
10314 0
10315 0
10316 0
10317 0
10318 0
10319 0
10320 0
10321 0
10322 0
10323 0
10324 0
10325 0
10326 0
10327 0
10328 0
10329 0
10330 0
10331 0
10332 0
10333 0
10334 0
10335 0
10336 0
10337 0
10338 0
10339 0
10340 0
10341 0
10342 0
10343 0
10344 0
10345 0
10346 0
10347 0
10348 0
10349 0
10350 0
10351 0
10352 0
10353 0
10354 0
10355 0
10356 0
10357 0
10358 0
10359 0
10360 0
10361 0
10362 0
10363 0
10364 0
10365 0
10366 0
10367 0
10368 0
10369 0
10370 0
10371 0
10372 0
10373 0
10374 0
10375 0
10376 0
10377 0
10378 0
10379 0
10380 0
10381 0
10382 0
10383 0
10384 0
10385 0
10386 0
10387 0
10388 0
10389 0
10390 0
10391 0
10392 0
10393 0
10394 0
10395 0
10396 0
10397 0
10398 0
10399 0
10400 0
10401 0
10402 0
10403 0
10404 0
10405 0
10406 0
10407 0
10408 0
10409 0
10410 0
10411 0
10412 0
10413 0
10414 0
10415 0
10416 0
10417 0
10418 0
10419 0
10420 0
10421 0
10422 0
10423 0
10424 0
10425 0
10426 0
10427 0
10428 0
10429 0
10430 0
10431 0
10432 0
10433 0
10434 0
10435 0
10436 0
10437 0
10438 0
10439 0
10440 0
10441 0
10442 0
10443 0
10444 0
10445 0
10446 0
10447 0
10448 0
10449 0
10450 0
10451 0
10452 0
10453 0
10454 0
10455 0
10456 0
10457 0
10458 0
10459 0
10460 0
10461 0
10462 0
10463 0
10464 0
10465 0
10466 0
10467 0
10468 0
10469 0
10470 0
10471 0
10472 0
10473 0
10474 0
10475 0
10476 0
10477 0
10478 0
10479 0
10480 0
10481 0
10482 0
10483 0
10484 0
10485 0
10486 0
10487 0
10488 0
10489 0
10490 0
10491 0
10492 0
10493 0
10494 0
10495 0
10496 0
10497 0
10498 0
10499 0
10500 0
10501 0
10502 0
10503 0
10504 0
10505 0
10506 0
10507 0
10508 0
10509 0
10510 0
10511 0
10512 0
10513 0
10514 0
10515 0
10516 0
10517 0
10518 0
10519 0
10520 0
10521 0
10522 0
10523 0
10524 0
10525 0
10526 0
10527 0
10528 0
10529 0
10530 0
10531 0
10532 0
10533 0
10534 0
10535 0
10536 0
10537 0
10538 0
10539 0
10540 0
10541 0
10542 0
10543 0
10544 0
10545 0
10546 0
10547 0
10548 6
10549 6
10550 6
10551 6
10552 6
10553 6
10554 6
10555 6
10556 6
10557 6
10558 6
10559 6
10560 0
10561 6
10562 6
10563 6
10564 6
10565 7
10566 7
10567 0
10568 1
10569 1
10570 2
10571 2
10572 2
10573 2
10574 2
10575 2
10576 2
10577 2
10578 2
10579 2
10580 2
10581 2
10582 2
10583 2
10584 2
10585 2
10586 2
10587 2
10588 2
10589 2
10590 2
10591 2
10592 2
10593 2
10594 2
10595 2
10596 2
10597 2
10598 2
10599 2
10600 2
10601 2
10602 2
10603 2
10604 2
10605 2
10606 2
10607 2
10608 2
10609 0
10610 0
10611 0
10612 0
10613 0
10614 0
10615 0
10616 0
10617 0
10618 0
10619 0
10620 0
10621 0
10622 0
10623 0
10624 0
10625 0
10626 0
10627 0
10628 0
10629 0
10630 0
10631 0
10632 0
10633 0
10634 0
10635 0
10636 0
10637 0
10638 0
10639 0
10640 0
10641 0
10642 0
10643 0
10644 0
10645 0
10646 0
10647 0
10648 0
10649 0
10650 0
10651 0
10652 0
10653 0
10654 0
10655 0
10656 0
10657 0
10658 0
10659 0
10660 0
10661 0
10662 0
10663 0
10664 0
10665 0
10666 0
10667 0
10668 0
10669 0
10670 0
10671 0
10672 0
10673 5
10674 5
10675 0
10676 0
10677 0
10678 0
10679 0
10680 0
10681 0
10682 0
10683 0
10684 0
10685 0
10686 0
10687 0
10688 0
10689 0
10690 0
10691 0
10692 0
10693 0
10694 0
10695 0
10696 0
10697 0
10698 0
10699 0
10700 0
10701 0
10702 0
10703 0
10704 0
10705 0
10706 0
10707 0
10708 0
10709 0
10710 0
10711 0
10712 0
10713 0
10714 0
10715 0
10716 0
10717 0
10718 0
10719 0
10720 0
10721 0
10722 0
10723 0
10724 0
10725 0
10726 0
10727 0
10728 0
10729 0
10730 0
10731 0
10732 0
10733 0
10734 0
10735 0
10736 0
10737 0
10738 0
10739 0
10740 0
10741 0
10742 0
10743 0
10744 0
10745 0
10746 0
10747 0
10748 0
10749 0
10750 0
10751 0
10752 0
10753 0
10754 0
10755 0
10756 0
10757 0
10758 0
10759 0
10760 0
10761 0
10762 0
10763 0
10764 0
10765 0
10766 0
10767 0
10768 0
10769 0
10770 0
10771 0
10772 0
10773 0
10774 0
10775 0
10776 0
10777 0
10778 0
10779 0
10780 0
10781 0
10782 0
10783 0
10784 0
10785 0
10786 0
10787 0
10788 0
10789 0
10790 0
10791 0
10792 0
10793 0
10794 0
10795 0
10796 0
10797 0
10798 0
10799 0
10800 0
10801 0
10802 0
10803 0
10804 0
10805 0
10806 0
10807 0
10808 0
10809 0
10810 0
10811 0
10812 0
10813 0
10814 0
10815 0
10816 0
10817 0
10818 0
10819 0
10820 0
10821 0
10822 0
10823 0
10824 0
10825 0
10826 0
10827 0
10828 0
10829 0
10830 0
10831 0
10832 0
10833 0
10834 0
10835 0
10836 0
10837 0
10838 0
10839 0
10840 0
10841 0
10842 0
10843 0
10844 0
10845 0
10846 0
10847 0
10848 0
10849 0
10850 0
10851 0
10852 0
10853 0
10854 0
10855 0
10856 0
10857 0
10858 0
10859 0
10860 0
10861 0
10862 0
10863 0
10864 0
10865 0
10866 0
10867 0
10868 0
10869 0
10870 0
10871 0
10872 0
10873 0
10874 0
10875 0
10876 0
10877 0
10878 0
10879 0
10880 0
10881 6
10882 5
10883 0
10884 6
10885 5
10886 6
10887 5
10888 6
10889 5
10890 6
10891 5
10892 0
10893 6
10894 6
10895 5
10896 6
10897 5
10898 6
10899 5
10900 6
10901 5
10902 6
10903 5
10904 0
10905 6
10906 5
10907 6
10908 5
10909 6
10910 5
10911 0
10912 6
10913 6
10914 5
10915 6
10916 5
10917 6
10918 5
10919 6
10920 5
10921 6
10922 5
10923 0
10924 6
10925 5
10926 6
10927 5
10928 6
10929 5
10930 0
10931 6
10932 5
10933 6
10934 5
10935 6
10936 6
10937 5
10938 6
10939 5
10940 0
10941 6
10942 5
10943 6
10944 5
10945 6
10946 5
10947 0
10948 6
10949 5
10950 6
10951 5
10952 6
10953 5
10954 6
10955 5
10956 0
10957 6
10958 5
10959 6
10960 5
10961 6
10962 5
10963 0
10964 6
10965 5
10966 6
10967 5
10968 6
10969 5
10970 0
10971 6
10972 5
10973 6
10974 5
10975 2
10976 2
10977 2
10978 2
10979 2
10980 2
10981 2
10982 2
10983 2
10984 2
10985 2
10986 2
10987 2
10988 2
10989 2
10990 2
10991 2
10992 2
10993 2
10994 2
10995 2
10996 2
10997 2
10998 2
10999 2
11000 2
11001 2
11002 2
11003 2
11004 2
11005 2
11006 2
11007 2
11008 2
11009 2
11010 2
11011 2
11012 2
11013 2
11014 2
11015 2
11016 2
11017 2
11018 2
11019 2
11020 2
11021 2
11022 2
11023 2
11024 2
11025 2
11026 2
11027 2
11028 2
11029 2
11030 2
11031 2
11032 2
11033 2
11034 2
11035 2
11036 2
11037 2
11038 2
11039 2
11040 2
11041 2
11042 2
11043 2
11044 2
11045 2
11046 2
11047 2
11048 2
11049 2
11050 2
11051 2
11052 2
11053 2
11054 2
11055 2
11056 2
11057 2
11058 2
11059 2
11060 2
11061 2
11062 2
11063 2
11064 2
11065 2
11066 2
11067 2
11068 2
11069 2
11070 2
11071 2
11072 2
11073 2
11074 2
11075 2
11076 2
11077 2
11078 2
11079 2
11080 2
11081 2
11082 2
11083 2
11084 2
11085 5
11086 5
11087 5
11088 5
11089 4
11090 4
11091 4
11092 4
11093 4
11094 4
11095 4
11096 4
11097 4
11098 4
11099 4
11100 4
11101 4
11102 4
11103 4
11104 4
11105 4
11106 4
11107 4
11108 4
11109 4
11110 4
11111 4
11112 4
11113 4
11114 4
11115 4
11116 4
11117 4
11118 4
11119 4
11120 4
11121 4
11122 4
11123 4
11124 4
11125 4
11126 4
11127 4
11128 4
11129 4
11130 4
11131 4
11132 4
11133 4
11134 4
11135 4
11136 4
11137 4
11138 4
11139 4
11140 4
11141 4
11142 4
11143 4
11144 4
11145 4
11146 4
11147 4
11148 4
11149 4
11150 4
11151 4
11152 4
11153 4
11154 4
11155 4
11156 6
11157 6
11158 5
11159 6
11160 5
11161 6
11162 5
11163 4
11164 6
11165 5
11166 6
11167 6
11168 5
11169 6
11170 5
11171 6
11172 5
11173 4
11174 6
11175 5
11176 6
11177 5
11178 6
11179 6
11180 5
11181 6
11182 5
11183 4
11184 6
11185 5
11186 6
11187 5
11188 6
11189 5
11190 4
11191 6
11192 5
11193 6
11194 5
11195 4
11196 6
11197 6
11198 5
11199 6
11200 5
11201 6
11202 5
11203 6
11204 5
11205 4
11206 6
11207 5
11208 6
11209 5
11210 6
11211 5
11212 4
11213 6
11214 5
11215 6
11216 5
11217 4
11218 6
11219 6
11220 5
11221 6
11222 5
11223 6
11224 5
11225 6
11226 5
11227 4
11228 6
11229 5
11230 6
11231 5
11232 4
11233 6
11234 5
11235 6
11236 5
11237 4
11238 6
11239 5
11240 6
11241 5
11242 4
11243 6
11244 5
11245 6
11246 5
11247 4
11248 6
11249 5
11250 6
11251 5
11252 4
11253 6
11254 5
11255 6
11256 5
11257 4
11258 6
11259 5
11260 6
11261 5
11262 4
11263 6
11264 5
11265 4
11266 6
11267 5
11268 6
11269 5
11270 4
11271 6
11272 5
11273 6
11274 5
11275 4
11276 6
11277 5
11278 4
11279 6
11280 5
11281 6
11282 5
11283 4
11284 6
11285 5
11286 6
11287 5
11288 4
11289 6
11290 5
11291 4
11292 6
11293 5
11294 5
11295 4
11296 4
11297 6
11298 5
11299 4
11300 6
11301 5
11302 4
11303 6
11304 5
11305 6
11306 5
11307 4
11308 6
11309 5
11310 4
11311 6
11312 5
11313 4
11314 6
11315 5
11316 6
11317 5
11318 5
11319 4
11320 4
11321 4
11322 6
11323 5
11324 4
11325 6
11326 5
11327 4
11328 6
11329 5
11330 4
11331 6
11332 5
11333 4
11334 6
11335 5
11336 5
11337 4
11338 4
11339 4
11340 6
11341 5
11342 4
11343 6
11344 5
11345 4
11346 6
11347 5
11348 4
11349 6
11350 5
11351 5
11352 4
11353 4
11354 4
11355 4
11356 6
11357 5
11358 4
11359 6
11360 5
11361 4
11362 4
11363 6
11364 5
11365 4
11366 6
11367 5
11368 6
11369 4
11370 4
11371 4
11372 4
11373 4
11374 4
11375 4
11376 4
11377 4
11378 4
11379 4
11380 4
11381 4
11382 4
11383 4
11384 4
11385 4
11386 4
11387 4
11388 4
11389 4
11390 4
11391 4
11392 6
11393 6
11394 6
11395 6
11396 6
11397 6
11398 6
11399 6
11400 6
11401 6
11402 6
11403 6
11404 6
11405 6
11406 4
11407 6
11408 6
11409 6
11410 6
11411 6
11412 6
11413 5
11414 6
11415 5
11416 6
11417 5
11418 6
11419 5
11420 6
11421 5
11422 6
11423 5
11424 6
11425 5
11426 6
11427 2
11428 2
11429 2
11430 2
11431 2
11432 2
11433 2
11434 2
11435 2
11436 2
11437 2
11438 2
11439 2
11440 2
11441 2
11442 2
11443 2
11444 2
11445 2
11446 2
11447 2
11448 2
11449 2
11450 2
11451 2
11452 2
11453 2
11454 2
11455 2
11456 2
11457 2
11458 2
11459 2
11460 2
11461 2
11462 0
11463 0
11464 0
11465 0
11466 0
11467 0
11468 0
11469 0
11470 0
11471 0
11472 0
11473 0
11474 0
11475 0
11476 0
11477 0
11478 0
11479 0
11480 0
11481 0
11482 0
11483 0
11484 0
11485 0
11486 0
11487 0
11488 0
11489 0
11490 0
11491 0
11492 0
11493 0
11494 0
11495 0
11496 0
11497 0
11498 0
11499 0
11500 0
11501 0
11502 0
11503 0
11504 0
11505 0
11506 0
11507 5
11508 5
11509 0
11510 0
11511 0
11512 0
11513 0
11514 0
11515 0
11516 0
11517 0
11518 0
11519 0
11520 0
11521 0
11522 0
11523 0
11524 0
11525 0
11526 0
11527 0
11528 0
11529 0
11530 0
11531 0
11532 0
11533 0
11534 0
11535 0
11536 0
11537 0
11538 0
11539 0
11540 0
11541 0
11542 0
11543 0
11544 0
11545 0
11546 0
11547 0
11548 0
11549 0
11550 0
11551 0
11552 0
11553 0
11554 0
11555 0
11556 0
11557 0
11558 0
11559 0
11560 0
11561 0
11562 0
11563 0
11564 0
11565 0
11566 0
11567 0
11568 0
11569 0
11570 0
11571 0
11572 0
11573 0
11574 0
11575 0
11576 0
11577 0
11578 0
11579 0
11580 0
11581 0
11582 0
11583 0
11584 0
11585 0
11586 0
11587 0
11588 0
11589 0
11590 0
11591 0
11592 0
11593 0
11594 0
11595 0
11596 0
11597 0
11598 0
11599 0
11600 0
11601 0
11602 0
11603 0
11604 0
11605 0
11606 0
11607 0
11608 0
11609 0
11610 0
11611 0
11612 0
11613 0
11614 0
11615 0
11616 0
11617 0
11618 0
11619 0
11620 0
11621 0
11622 0
11623 0
11624 0
11625 0
11626 0
11627 0
11628 0
11629 0
11630 0
11631 0
11632 0
11633 0
11634 0
11635 0
11636 0
11637 0
11638 0
11639 0
11640 0
11641 0
11642 0
11643 0
11644 0
11645 0
11646 0
11647 0
11648 0
11649 0
11650 0
11651 0
11652 0
11653 0
11654 0
11655 0
11656 0
11657 0
11658 0
11659 0
11660 0
11661 0
11662 0
11663 0
11664 0
11665 0
11666 0
11667 0
11668 0
11669 0
11670 0
11671 0
11672 0
11673 0
11674 0
11675 0
11676 0
11677 0
11678 0
11679 0
11680 0
11681 0
11682 0
11683 0
11684 0
11685 0
11686 0
11687 0
11688 0
11689 0
11690 0
11691 0
11692 0
11693 0
11694 0
11695 0
11696 0
11697 0
11698 0
11699 0
11700 0
11701 0
11702 0
11703 0
11704 0
11705 0
11706 0
11707 0
11708 0
11709 0
11710 0
11711 0
11712 0
11713 7
11714 5
11715 7
11716 7
11717 5
11718 7
11719 7
11720 5
11721 7
11722 7
11723 5
11724 7
11725 7
11726 7
11727 5
11728 7
11729 7
11730 5
11731 0
11732 7
11733 7
11734 5
11735 7
11736 7
11737 5
11738 7
11739 7
11740 5
11741 7
11742 7
11743 5
11744 7
11745 7
11746 5
11747 7
11748 7
11749 5
11750 0
11751 7
11752 7
11753 7
11754 5
11755 7
11756 7
11757 5
11758 7
11759 7
11760 5
11761 7
11762 7
11763 5
11764 7
11765 7
11766 5
11767 0
11768 6
11769 5
11770 6
11771 5
11772 6
11773 5
11774 6
11775 6
11776 5
11777 6
11778 5
11779 6
11780 5
11781 0
11782 6
11783 5
11784 6
11785 5
11786 6
11787 5
11788 6
11789 5
11790 6
11791 5
11792 0
11793 6
11794 5
11795 6
11796 5
11797 6
11798 5
11799 6
11800 5
11801 6
11802 5
11803 0
11804 6
11805 5
11806 6
11807 5
11808 6
11809 5
11810 6
11811 5
11812 6
11813 5
11814 0
11815 6
11816 5
11817 6
11818 5
11819 6
11820 5
11821 6
11822 5
11823 6
11824 5
11825 0
11826 6
11827 5
11828 6
11829 5
11830 6
11831 5
11832 6
11833 5
11834 0
11835 6
11836 5
11837 6
11838 5
11839 6
11840 5
11841 6
11842 5
11843 0
11844 6
11845 5
11846 6
11847 5
11848 6
11849 5
11850 6
11851 5
11852 6
11853 5
11854 0
11855 6
11856 5
11857 6
11858 5
11859 6
11860 5
11861 6
11862 5
11863 0
11864 6
11865 5
11866 6
11867 5
11868 6
11869 5
11870 5
11871 0
11872 6
11873 5
11874 6
11875 5
11876 6
11877 5
11878 0
11879 6
11880 5
11881 6
11882 5
11883 6
11884 5
11885 0
11886 6
11887 5
11888 6
11889 5
11890 6
11891 5
11892 5
11893 0
11894 6
11895 5
11896 6
11897 5
11898 6
11899 5
11900 0
11901 6
11902 5
11903 6
11904 5
11905 6
11906 5
11907 5
11908 0
11909 6
11910 5
11911 6
11912 5
11913 0
11914 6
11915 5
11916 6
11917 5
11918 6
11919 5
11920 5
11921 0
11922 6
11923 5
11924 0
11925 6
11926 5
11927 6
11928 5
11929 6
11930 5
11931 5
11932 0
11933 6
11934 5
11935 7
11936 6
11937 5
11938 5
11939 0
11940 6
11941 5
11942 0
11943 6
11944 5
11945 2
11946 2
11947 2
11948 2
11949 2
11950 2
11951 2
11952 2
11953 2
11954 2
11955 2
11956 2
11957 2
11958 2
11959 2
11960 2
11961 2
11962 2
11963 2
11964 2
11965 2
11966 2
11967 2
11968 2
11969 2
11970 2
11971 2
11972 2
11973 2
11974 2
11975 2
11976 2
11977 2
11978 2
11979 2
11980 2
11981 2
11982 2
11983 2
11984 2
11985 2
11986 2
11987 2
11988 2
11989 2
11990 2
11991 2
11992 2
11993 2
11994 2
11995 2
11996 2
11997 2
11998 2
11999 2
12000 2
12001 2
12002 2
12003 2
12004 2
12005 5
12006 5
12007 5
12008 4
12009 4
12010 4
12011 4
12012 4
12013 4
12014 4
12015 4
12016 4
12017 4
12018 4
12019 4
12020 4
12021 4
12022 4
12023 4
12024 4
12025 4
12026 4
12027 4
12028 4
12029 4
12030 4
12031 4
12032 4
12033 4
12034 4
12035 4
12036 4
12037 4
12038 4
12039 4
12040 4
12041 4
12042 4
12043 4
12044 4
12045 4
12046 4
12047 4
12048 4
12049 4
12050 4
12051 4
12052 4
12053 4
12054 4
12055 4
12056 4
12057 4
12058 4
12059 4
12060 4
12061 4
12062 4
12063 4
12064 4
12065 4
12066 4
12067 4
12068 4
12069 4
12070 4
12071 4
12072 4
12073 4
12074 4
12075 4
12076 4
12077 4
12078 4
12079 4
12080 4
12081 4
12082 4
12083 4
12084 4
12085 4
12086 4
12087 4
12088 4
12089 4
12090 4
12091 4
12092 4
12093 4
12094 4
12095 4
12096 4
12097 4
12098 4
12099 4
12100 4
12101 4
12102 4
12103 4
12104 4
12105 4
12106 4
12107 4
12108 4
12109 6
12110 6
12111 5
12112 6
12113 5
12114 6
12115 5
12116 4
12117 6
12118 5
12119 6
12120 5
12121 4
12122 6
12123 5
12124 6
12125 5
12126 4
12127 6
12128 6
12129 5
12130 6
12131 5
12132 6
12133 5
12134 4
12135 6
12136 5
12137 6
12138 5
12139 4
12140 6
12141 5
12142 6
12143 5
12144 4
12145 6
12146 6
12147 5
12148 6
12149 5
12150 6
12151 5
12152 4
12153 6
12154 5
12155 6
12156 5
12157 4
12158 6
12159 5
12160 4
12161 6
12162 5
12163 6
12164 5
12165 4
12166 6
12167 5
12168 6
12169 5
12170 4
12171 6
12172 5
12173 6
12174 6
12175 5
12176 4
12177 6
12178 5
12179 6
12180 5
12181 4
12182 6
12183 5
12184 2
12185 2
12186 2
12187 2
12188 2
12189 2
12190 2
12191 2
12192 2
12193 2
12194 2
12195 2
12196 2
12197 2
12198 2
12199 2
12200 2
12201 2
12202 2
12203 2
12204 2
12205 2
12206 2
12207 2
12208 2
12209 2
12210 2
12211 2
12212 2
12213 2
12214 2
12215 2
12216 2
12217 2
12218 2
12219 2
12220 2
12221 5
12222 5
12223 4
12224 4
12225 4
12226 4
12227 4
12228 4
12229 4
12230 4
12231 4
12232 4
12233 4
12234 4
12235 4
12236 4
12237 4
12238 4
12239 4
12240 4
12241 4
12242 4
12243 4
12244 4
12245 4
12246 4
12247 4
12248 4
12249 4
12250 4
12251 4
12252 4
12253 4
12254 4
12255 4
12256 4
12257 4
12258 4
12259 4
12260 4
12261 4
12262 4
12263 4
12264 4
12265 4
12266 4
12267 4
12268 4
12269 4
12270 4
12271 4
12272 4
12273 4
12274 4
12275 4
12276 4
12277 4
12278 4
12279 4
12280 4
12281 4
12282 4
12283 4
12284 4
12285 4
12286 4
12287 4
12288 4
12289 4
12290 4
12291 4
12292 4
12293 4
12294 4
12295 4
12296 8
12297 0
12298 0
12299 0
12300 0
12301 0
12302 0
12303 0
12304 0
12305 0
12306 0
12307 0
12308 0
12309 0
12310 0
12311 0
12312 0
12313 0
12314 0
12315 0
12316 0
12317 0
12318 0
12319 0
12320 0
12321 0
12322 0
12323 0
12324 0
12325 0
12326 0
12327 0
12328 0
12329 0
12330 0
12331 0
12332 0
12333 0
12334 0
12335 0
12336 0
12337 0
12338 0
12339 0
12340 0
12341 0
12342 0
12343 0
12344 0
12345 0
12346 0
12347 0
12348 0
12349 0
12350 0
12351 0
12352 0
12353 0
12354 0
12355 0
12356 0
12357 0
12358 0
12359 0
12360 0
12361 0
12362 0
12363 0
12364 0
12365 0
12366 0
12367 0
12368 0
12369 0
12370 0
12371 0
12372 0
12373 0
12374 0
12375 0
12376 0
12377 0
12378 0
12379 0
12380 0
12381 0
12382 0
12383 0
12384 0
12385 0
12386 0
12387 0
12388 0
12389 0
12390 0
12391 0
12392 0
12393 0
12394 0
12395 0
12396 0
12397 0
12398 0
12399 0
12400 0
12401 0
12402 0
12403 0
12404 0
12405 0
12406 0
12407 0
12408 0
12409 0
12410 0
12411 0
12412 0
12413 0
12414 0
12415 0
12416 0
12417 0
12418 0
12419 0
12420 0
12421 0
12422 0
12423 0
12424 0
12425 0
12426 0
12427 0
12428 0
12429 0
12430 0
12431 0
12432 0
12433 0
12434 0
12435 0
12436 0
12437 0
12438 0
12439 0
12440 0
12441 0
12442 0
12443 0
12444 0
12445 0
12446 0
12447 0
12448 0
12449 0
12450 0
12451 0
12452 0
12453 0
12454 0
12455 0
12456 0
12457 0
12458 0
12459 0
12460 0
12461 0
12462 0
12463 0
12464 0
12465 0
12466 0
12467 0
12468 0
12469 0
12470 0
12471 0
12472 0
12473 0
12474 0
12475 0
12476 0
12477 0
12478 0
12479 0
12480 0
12481 0
12482 0
12483 0
12484 0
12485 0
12486 0
12487 0
12488 0
12489 0
12490 0
12491 0
12492 0
12493 8
12494 6
12495 6
12496 6
12497 6
12498 6
12499 6
12500 6
12501 6
12502 6
12503 6
12504 6
12505 6
12506 6
12507 6
12508 6
12509 6
12510 6
12511 6
12512 6
12513 6
12514 6
12515 6
12516 6
12517 6
12518 6
12519 6
12520 6
12521 6
12522 6
12523 6
12524 6
12525 6
12526 6
12527 6
12528 6
12529 6
12530 6
12531 6
12532 6
12533 6
12534 6
12535 6
12536 6
12537 6
12538 0
12539 0
12540 0
12541 0
12542 0
12543 0
12544 0
12545 0
12546 0
12547 0
12548 0
12549 0
12550 0
12551 0
12552 0
12553 0
12554 0
12555 0
12556 0
12557 0
12558 0
12559 0
12560 6
12561 6
12562 6
12563 6
12564 6
12565 6
12566 6
12567 6
12568 6
12569 6
12570 6
12571 6
12572 6
12573 6
12574 0
12575 6
12576 6
12577 6
12578 6
12579 6
12580 6
12581 6
12582 6
12583 5
12584 6
12585 5
12586 6
12587 6
12588 5
12589 6
12590 5
12591 6
12592 5
12593 0
12594 6
12595 5
12596 6
12597 5
12598 6
12599 6
12600 5
12601 6
12602 5
12603 6
12604 5
12605 6
12606 5
12607 6
12608 5
12609 6
12610 5
12611 6
12612 5
12613 6
12614 0
12615 6
12616 5
12617 6
12618 5
12619 6
12620 5
12621 6
12622 5
12623 6
12624 5
12625 6
12626 5
12627 6
12628 5
12629 6
12630 5
12631 6
12632 5
12633 6
12634 0
12635 6
12636 5
12637 6
12638 5
12639 6
12640 5
12641 6
12642 5
12643 6
12644 5
12645 6
12646 5
12647 6
12648 5
12649 6
12650 5
12651 6
12652 5
12653 0
12654 6
12655 5
12656 6
12657 5
12658 6
12659 5
12660 6
12661 5
12662 6
12663 5
12664 6
12665 5
12666 6
12667 5
12668 6
12669 5
12670 6
12671 5
12672 0
12673 6
12674 5
12675 6
12676 5
12677 6
12678 5
12679 6
12680 5
12681 6
12682 5
12683 6
12684 5
12685 6
12686 5
12687 6
12688 5
12689 0
12690 6
12691 5
12692 6
12693 5
12694 6
12695 5
12696 6
12697 5
12698 6
12699 5
12700 6
12701 5
12702 6
12703 5
12704 0
12705 6
12706 5
12707 6
12708 5
12709 6
12710 5
12711 6
12712 5
12713 6
12714 5
12715 6
12716 5
12717 6
12718 5
12719 0
12720 6
12721 5
12722 5
12723 6
12724 5
12725 6
12726 5
12727 6
12728 5
12729 6
12730 5
12731 6
12732 5
12733 6
12734 5
12735 0
12736 6
12737 5
12738 6
12739 5
12740 5
12741 6
12742 5
12743 6
12744 5
12745 6
12746 5
12747 6
12748 5
12749 0
12750 6
12751 5
12752 6
12753 5
12754 5
12755 6
12756 5
12757 6
12758 5
12759 6
12760 5
12761 6
12762 5
12763 0
12764 6
12765 5
12766 5
12767 6
12768 5
12769 6
12770 5
12771 6
12772 5
12773 6
12774 5
12775 5
12776 6
12777 5
12778 0
12779 6
12780 5
12781 6
12782 5
12783 6
12784 5
12785 5
12786 6
12787 5
12788 6
12789 5
12790 0
12791 6
12792 5
12793 5
12794 6
12795 5
12796 6
12797 5
12798 6
12799 5
12800 5
12801 6
12802 5
12803 0
12804 6
12805 5
12806 6
12807 5
12808 5
12809 6
12810 5
12811 6
12812 5
12813 6
12814 5
12815 5
12816 0
12817 6
12818 5
12819 6
12820 5
12821 5
12822 6
12823 5
12824 6
12825 5
12826 6
12827 5
12828 5
12829 0
12830 6
12831 5
12832 6
12833 5
12834 5
12835 6
12836 5
12837 6
12838 5
12839 5
12840 6
12841 5
12842 0
12843 6
12844 5
12845 5
12846 6
12847 5
12848 6
12849 5
12850 5
12851 6
12852 5
12853 6
12854 5
12855 5
12856 0
12857 6
12858 5
12859 6
12860 5
12861 5
12862 6
12863 5
12864 5
12865 6
12866 5
12867 6
12868 5
12869 5
12870 0
12871 6
12872 5
12873 6
12874 2
12875 2
12876 2
12877 2
12878 2
12879 2
12880 2
12881 2
12882 2
12883 2
12884 2
12885 2
12886 2
12887 2
12888 2
12889 2
12890 2
12891 2
12892 2
12893 2
12894 5
12895 5
12896 4
12897 4
12898 4
12899 4
12900 4
12901 4
12902 4
12903 4
12904 4
12905 4
12906 4
12907 4
12908 4
12909 4
12910 4
12911 4
12912 4
12913 4
12914 4
12915 4
12916 4
12917 4
12918 4
12919 4
12920 4
12921 4
12922 4
12923 4
12924 4
12925 4
12926 4
12927 4
12928 4
12929 4
12930 4
12931 4
12932 4
12933 4
12934 4
12935 4
12936 4
12937 4
12938 4
12939 4
12940 4
12941 4
12942 4
12943 4
12944 4
12945 4
12946 4
12947 4
12948 4
12949 4
12950 4
12951 4
12952 4
12953 4
12954 4
12955 4
12956 4
12957 4
12958 4
12959 4
12960 4
12961 4
12962 4
12963 4
12964 4
12965 4
12966 4
12967 4
12968 4
12969 4
12970 4
12971 4
12972 4
12973 4
12974 4
12975 4
12976 4
12977 4
12978 4
12979 4
12980 4
12981 4
12982 4
12983 4
12984 4
12985 4
12986 4
12987 4
12988 4
12989 4
12990 4
12991 4
12992 4
12993 4
12994 4
12995 4
12996 4
12997 4
12998 4
12999 4
13000 4
13001 4
13002 4
13003 4
13004 4
13005 4
13006 4
13007 4
13008 4
13009 4
13010 4
13011 4
13012 4
13013 4
13014 4
13015 4
13016 4
13017 4
13018 4
13019 4
13020 4
13021 4
13022 4
13023 4
13024 4
13025 4
13026 4
13027 4
13028 4
13029 4
13030 4
13031 4
13032 4
13033 4
13034 4
13035 4
13036 4
13037 4
13038 4
13039 4
13040 4
13041 4
13042 4
13043 4
13044 4
13045 4
13046 4
13047 4
13048 4
13049 4
13050 4
13051 4
13052 4
13053 4
13054 4
13055 4
13056 4
13057 4
13058 4
13059 4
13060 4
13061 4
13062 4
13063 4
13064 4
13065 4
13066 4
13067 4
13068 4
13069 4
13070 4
13071 4
13072 4
13073 4
13074 4
13075 4
13076 4
13077 4
13078 4
13079 4
13080 4
13081 4
13082 4
13083 4
13084 4
13085 4
13086 4
13087 4
13088 4
13089 4
13090 4
13091 4
13092 4
13093 4
13094 4
13095 4
13096 4
13097 4
13098 4
13099 4
13100 4
13101 4
13102 4
13103 4
13104 4
13105 4
13106 4
13107 4
13108 4
13109 4
13110 4
13111 4
13112 4
13113 4
13114 4
13115 4
13116 4
13117 4
13118 4
13119 4
13120 4
13121 4
13122 4
13123 4
13124 4
13125 4
13126 4
13127 4
13128 4
13129 4
13130 4
13131 4
13132 4
13133 4
13134 4
13135 4
13136 4
13137 4
13138 4
13139 4
13140 4
13141 4
13142 4
13143 4
13144 4
13145 4
13146 4
13147 4
13148 4
13149 4
13150 4
13151 4
13152 4
13153 4
13154 4
13155 4
13156 4
13157 4
13158 4
13159 4
13160 4
13161 4
13162 4
13163 4
13164 4
13165 4
13166 4
13167 4
13168 4
13169 4
13170 4
13171 4
13172 4
13173 4
13174 4
13175 2
13176 2
13177 2
13178 2
13179 2
13180 2
13181 2
13182 2
13183 2
13184 2
13185 2
13186 2
13187 2
13188 2
13189 2
13190 2
13191 2
13192 2
13193 2
13194 2
13195 2
13196 2
13197 2
13198 2
13199 2
13200 2
13201 2
13202 2
13203 2
13204 2
13205 2
13206 2
13207 2
13208 2
13209 2
13210 2
13211 2
13212 2
13213 2
13214 2
13215 2
13216 2
13217 2
13218 2
13219 2
13220 2
13221 5
13222 5
13223 4
13224 4
13225 4
13226 4
13227 4
13228 4
13229 4
13230 4
13231 4
13232 4
13233 4
13234 4
13235 4
13236 4
13237 4
13238 4
13239 4
13240 4
13241 4
13242 4
13243 4
13244 4
13245 4
13246 4
13247 4
13248 4
13249 8
13250 4
13251 4
13252 4
13253 4
13254 4
13255 4
13256 4
13257 4
13258 4
13259 4
13260 4
13261 4
13262 4
13263 4
13264 4
13265 4
13266 4
13267 4
13268 4
13269 4
13270 4
13271 4
13272 4
13273 4
13274 4
13275 4
13276 4
13277 4
13278 4
13279 4
13280 4
13281 4
13282 4
13283 4
13284 4
13285 4
13286 4
13287 4
13288 4
13289 4
13290 4
13291 4
13292 4
13293 4
13294 4
13295 4
13296 4
13297 4
13298 4
13299 4
13300 4
13301 4
13302 4
13303 4
13304 4
13305 4
13306 4
13307 4
13308 4
13309 4
13310 4
13311 4
13312 4
13313 4
13314 6
13315 6
13316 6
13317 6
13318 6
13319 6
13320 6
13321 6
13322 6
13323 6
13324 4
13325 6
13326 6
13327 6
13328 6
13329 6
13330 6
13331 6
13332 6
13333 5
13334 6
13335 5
13336 6
13337 5
13338 4
13339 6
13340 6
13341 5
13342 6
13343 5
13344 6
13345 5
13346 6
13347 5
13348 4
13349 6
13350 5
13351 6
13352 5
13353 6
13354 5
13355 6
13356 6
13357 5
13358 4
13359 6
13360 5
13361 6
13362 5
13363 6
13364 5
13365 6
13366 5
13367 4
13368 6
13369 5
13370 6
13371 5
13372 6
13373 5
13374 6
13375 2
13376 2
13377 2
13378 2
13379 2
13380 2
13381 2
13382 2
13383 2
13384 5
13385 5
13386 0
13387 0
13388 0
13389 0
13390 0
13391 0
13392 0
13393 0
13394 0
13395 0
13396 0
13397 0
13398 0
13399 0
13400 0
13401 0
13402 0
13403 0
13404 0
13405 0
13406 0
13407 0
13408 0
13409 0
13410 0
13411 0
13412 0
13413 0
13414 0
13415 0
13416 0
13417 0
13418 0
13419 0
13420 0
13421 0
13422 0
13423 0
13424 0
13425 0
13426 0
13427 0
13428 0
13429 0
13430 0
13431 0
13432 0
13433 0
13434 0
13435 0
13436 0
13437 0
13438 0
13439 0
13440 0
13441 0
13442 0
13443 0
13444 0
13445 0
13446 0
13447 0
13448 0
13449 0
13450 0
13451 0
13452 0
13453 0
13454 0
13455 0
13456 0
13457 0
13458 0
13459 0
13460 0
13461 0
13462 0
13463 0
13464 0
13465 0
13466 0
13467 0
13468 0
13469 0
13470 0
13471 0
13472 0
13473 0
13474 0
13475 0
13476 0
13477 0
13478 0
13479 0
13480 0
13481 0
13482 0
13483 0
13484 0
13485 0
13486 0
13487 0
13488 0
13489 0
13490 0
13491 0
13492 0
13493 0
13494 0
13495 0
13496 0
13497 0
13498 0
13499 0
13500 0
13501 0
13502 0
13503 0
13504 0
13505 0
13506 0
13507 0
13508 0
13509 0
13510 0
13511 0
13512 0
13513 0
13514 0
13515 0
13516 0
13517 0
13518 0
13519 0
13520 0
13521 0
13522 0
13523 0
13524 0
13525 0
13526 0
13527 0
13528 0
13529 0
13530 0
13531 0
13532 0
13533 0
13534 0
13535 0
13536 0
13537 0
13538 0
13539 0
13540 0
13541 0
13542 0
13543 0
13544 0
13545 0
13546 0
13547 0
13548 0
13549 0
13550 0
13551 0
13552 0
13553 0
13554 0
13555 0
13556 0
13557 0
13558 0
13559 0
13560 0
13561 0
13562 0
13563 0
13564 0
13565 0
13566 0
13567 0
13568 0
13569 0
13570 0
13571 0
13572 0
13573 0
13574 0
13575 0
13576 0
13577 0
13578 0
13579 0
13580 0
13581 0
13582 0
13583 0
13584 0
13585 0
13586 0
13587 0
13588 0
13589 0
13590 0
13591 0
13592 0
13593 0
13594 0
13595 0
13596 0
13597 0
13598 0
13599 0
13600 0
13601 0
13602 0
13603 0
13604 0
13605 0
13606 0
13607 0
13608 0
13609 0
13610 0
13611 0
13612 0
13613 0
13614 0
13615 0
13616 0
13617 0
13618 0
13619 0
13620 0
13621 0
13622 0
13623 0
13624 0
13625 0
13626 0
13627 0
13628 0
13629 0
13630 0
13631 0
13632 0
13633 0
13634 0
13635 0
13636 0
13637 0
13638 0
13639 0
13640 0
13641 0
13642 0
13643 0
13644 0
13645 0
13646 0
13647 0
13648 0
13649 0
13650 0
13651 0
13652 0
13653 7
13654 5
13655 7
13656 7
13657 5
13658 7
13659 7
13660 5
13661 0
13662 7
13663 7
13664 5
13665 7
13666 7
13667 5
13668 7
13669 7
13670 7
13671 5
13672 7
13673 7
13674 5
13675 0
13676 7
13677 7
13678 5
13679 7
13680 7
13681 5
13682 7
13683 7
13684 5
13685 7
13686 7
13687 5
13688 0
13689 7
13690 7
13691 7
13692 5
13693 7
13694 7
13695 5
13696 7
13697 7
13698 5
13699 0
13700 7
13701 7
13702 5
13703 7
13704 7
13705 5
13706 7
13707 7
13708 5
13709 0
13710 7
13711 7
13712 5
13713 7
13714 7
13715 5
13716 7
13717 7
13718 5
13719 0
13720 7
13721 7
13722 5
13723 7
13724 7
13725 5
13726 7
13727 7
13728 5
13729 0
13730 7
13731 7
13732 5
13733 7
13734 7
13735 5
13736 7
13737 7
13738 5
13739 0
13740 7
13741 7
13742 5
13743 7
13744 7
13745 5
13746 0
13747 7
13748 7
13749 5
13750 7
13751 7
13752 5
13753 7
13754 7
13755 5
13756 0
13757 7
13758 7
13759 5
13760 7
13761 7
13762 5
13763 0
13764 7
13765 7
13766 5
13767 7
13768 7
13769 5
13770 0
13771 7
13772 7
13773 5
13774 7
13775 7
13776 5
13777 0
13778 7
13779 7
13780 5
13781 7
13782 7
13783 5
13784 0
13785 7
13786 7
13787 5
13788 7
13789 7
13790 5
13791 0
13792 7
13793 7
13794 5
13795 7
13796 5
13797 0
13798 7
13799 7
13800 5
13801 0
13802 7
13803 7
13804 5
13805 7
13806 7
13807 5
13808 0
13809 7
13810 7
13811 5
13812 0
13813 7
13814 7
13815 5
13816 7
13817 5
13818 0
13819 7
13820 7
13821 5
13822 7
13823 0
13824 7
13825 5
13826 7
13827 7
13828 5
13829 0
13830 7
13831 7
13832 5
13833 0
13834 7
13835 5
13836 7
13837 7
13838 5
13839 0
13840 7
13841 7
13842 5
13843 0
13844 7
13845 7
13846 5
13847 0
13848 7
13849 5
13850 7
13851 0
13852 7
13853 5
13854 7
13855 0
13856 7
13857 5
13858 7
13859 5
13860 0
13861 7
13862 7
13863 5
13864 0
13865 7
13866 7
13867 5
13868 0
13869 6
13870 5
13871 0
13872 6
13873 5
13874 6
13875 5
13876 0
13877 6
13878 5
13879 6
13880 5
13881 0
13882 6
13883 5
13884 5
13885 0
13886 6
13887 5
13888 0
13889 6
13890 5
13891 6
13892 5
13893 0
13894 6
13895 5
13896 6
13897 5
13898 0
13899 6
13900 5
13901 5
13902 0
13903 6
13904 5
13905 0
13906 6
13907 5
13908 0
13909 6
13910 5
13911 6
13912 5
13913 0
13914 6
13915 5
13916 5
13917 0
13918 6
13919 5
13920 0
13921 6
13922 5
13923 0
13924 6
13925 5
13926 6
13927 5
13928 0
13929 6
13930 5
13931 5
13932 0
13933 0
13934 6
13935 5
13936 0
13937 6
13938 5
13939 6
13940 5
13941 0
13942 6
13943 5
13944 5
13945 0
13946 0
13947 6
13948 5
13949 0
13950 6
13951 5
13952 6
13953 5
13954 5
13955 0
13956 0
13957 6
13958 5
13959 0
13960 6
13961 5
13962 0
13963 6
13964 5
13965 5
13966 0
13967 0
13968 6
13969 5
13970 0
13971 6
13972 5
13973 0
13974 6
13975 5
13976 5
13977 0
13978 0
13979 6
13980 5
13981 0
13982 6
13983 5
13984 0
13985 6
13986 5
13987 5
13988 0
13989 0
13990 0
13991 6
13992 5
13993 0
13994 6
13995 5
13996 5
13997 0
13998 0
13999 6
14000 5
14001 0
14002 6
14003 5
14004 5
14005 0
14006 0
14007 0
14008 6
14009 5
14010 0
14011 6
14012 5
14013 0
14014 0
14015 6
14016 5
14017 5
14018 0
14019 0
14020 0
14021 6
14022 5
14023 0
14024 6
14025 5
14026 5
14027 0
14028 0
14029 0
14030 6
14031 5
14032 0
14033 0
14034 6
14035 5
14036 5
14037 0
14038 0
14039 0
14040 0
14041 6
14042 5
14043 0
14044 6
14045 5
14046 5
14047 0
14048 0
14049 0
14050 0
14051 0
14052 6
14053 5
14054 5
14055 0
14056 0
14057 0
14058 0
14059 0
14060 6
14061 5
14062 0
14063 0
14064 6
14065 5
14066 5
14067 0
14068 0
14069 0
14070 0
14071 0
14072 0
14073 6
14074 5
14075 0
14076 0
14077 0
14078 6
14079 5
14080 5
14081 0
14082 0
14083 0
14084 0
14085 2
14086 2
14087 2
14088 2
14089 2
14090 2
14091 2
14092 2
14093 2
14094 2
14095 2
14096 2
14097 2
14098 2
14099 2
14100 2
14101 2
14102 2
14103 2
14104 2
14105 2
14106 2
14107 2
14108 2
14109 2
14110 2
14111 2
14112 2
14113 2
14114 2
14115 2
14116 2
14117 2
14118 2
14119 2
14120 2
14121 2
14122 2
14123 2
14124 2
14125 2
14126 2
14127 2
14128 2
14129 2
14130 2
14131 2
14132 2
14133 2
14134 2
14135 2
14136 2
14137 2
14138 2
14139 2
14140 2
14141 2
14142 2
14143 2
14144 2
14145 2
14146 2
14147 2
14148 2
14149 2
14150 2
14151 2
14152 2
14153 2
14154 2
14155 2
14156 2
14157 2
14158 2
14159 2
14160 2
14161 2
14162 2
14163 2
14164 2
14165 2
14166 2
14167 2
14168 2
14169 2
14170 2
14171 2
14172 2
14173 2
14174 2
14175 2
14176 2
14177 2
14178 2
14179 2
14180 2
14181 2
14182 0
14183 0
14184 0
14185 0
14186 0
14187 0
14188 0
14189 0
14190 0
14191 0
14192 0
14193 0
14194 0
14195 0
14196 0
14197 0
14198 0
14199 0
14200 0
14201 0
14202 0
14203 0
14204 0
14205 0
14206 0
14207 0
14208 0
14209 0
14210 0
14211 0
14212 0
14213 0
14214 0
14215 0
14216 0
14217 0
14218 0
14219 0
14220 0
14221 0
14222 0
14223 0
14224 0
14225 0
14226 0
14227 0
14228 0
14229 0
14230 0
14231 0
14232 0
14233 0
14234 0
14235 0
14236 0
14237 0
14238 0
14239 0
14240 0
14241 0
14242 0
14243 0
14244 0
14245 0
14246 0
14247 0
14248 0
14249 0
14250 0
14251 0
14252 0
14253 0
14254 0
14255 0
14256 0
14257 0
14258 0
14259 0
14260 0
14261 0
14262 0
14263 0
14264 0
14265 0
14266 0
14267 0
14268 0
14269 0
14270 0
14271 5
14272 5
14273 5
14274 0
14275 0
14276 0
14277 0
14278 0
14279 0
14280 0
14281 0
14282 0
14283 0
14284 0
14285 0
14286 0
14287 0
14288 0
14289 0
14290 0
14291 0
14292 0
14293 0
14294 0
14295 0
14296 0
14297 0
14298 0
14299 0
14300 0
14301 0
14302 0
14303 0
14304 0
14305 0
14306 0
14307 0
14308 0
14309 0
14310 0
14311 0
14312 0
14313 0
14314 0
14315 0
14316 0
14317 0
14318 0
14319 0
14320 0
14321 0
14322 0
14323 0
14324 0
14325 0
14326 0
14327 0
14328 0
14329 0
14330 0
14331 0
14332 0
14333 0
14334 0
14335 0
14336 0
14337 0
14338 0
14339 0
14340 0
14341 0
14342 0
14343 0
14344 0
14345 0
14346 0
14347 0
14348 0
14349 0
14350 0
14351 0
14352 0
14353 0
14354 0
14355 0
14356 0
14357 0
14358 0
14359 0
14360 0
14361 0
14362 0
14363 0
14364 0
14365 0
14366 0
14367 0
14368 0
14369 0
14370 0
14371 0
14372 0
14373 0
14374 0
14375 0
14376 0
14377 0
14378 0
14379 0
14380 0
14381 0
14382 0
14383 0
14384 0
14385 0
14386 0
14387 0
14388 0
14389 0
14390 0
14391 0
14392 0
14393 0
14394 0
14395 0
14396 0
14397 0
14398 0
14399 0
14400 0
14401 0
14402 0
14403 0
14404 0
14405 0
14406 0
14407 0
14408 4
14409 0
14410 2
14411 2
14412 2
14413 2
14414 2
14415 2
14416 2
14417 2
14418 2
14419 2
14420 2
14421 2
14422 2
14423 2
14424 2
14425 2
14426 2
14427 2
14428 2
14429 2
14430 2
14431 2
14432 2
14433 2
14434 2
14435 2
14436 2
14437 2
14438 2
14439 2
14440 2
14441 2
14442 2
14443 2
14444 2
14445 2
14446 2
14447 2
14448 2
14449 2
14450 2
14451 2
14452 2
14453 2
14454 2
14455 2
14456 2
14457 2
14458 2
14459 2
14460 2
14461 2
14462 2
14463 2
14464 2
14465 2
14466 2
14467 2
14468 2
14469 2
14470 2
14471 2
14472 2
14473 2
14474 2
14475 2
14476 2
14477 0
14478 0
14479 0
14480 0
14481 0
14482 0
14483 0
14484 0
14485 0
14486 0
14487 0
14488 0
14489 0
14490 0
14491 0
14492 0
14493 0
14494 0
14495 0
14496 5
14497 5
14498 5
14499 0
14500 0
14501 0
14502 0
14503 0
14504 0
14505 0
14506 0
14507 0
14508 0
14509 0
14510 0
14511 0
14512 0
14513 0
14514 0
14515 0
14516 0
14517 0
14518 0
14519 0
14520 0
14521 0
14522 0
14523 0
14524 0
14525 0
14526 0
14527 0
14528 0
14529 0
14530 0
14531 0
14532 0
14533 0
14534 0
14535 0
14536 0
14537 0
14538 0
14539 0
14540 0
14541 0
14542 0
14543 0
14544 0
14545 0
14546 0
14547 0
14548 0
14549 0
14550 0
14551 0
14552 0
14553 0
14554 0
14555 0
14556 0
14557 0
14558 0
14559 0
14560 0
14561 0
14562 0
14563 0
14564 0
14565 0
14566 0
14567 0
14568 0
14569 0
14570 0
14571 0
14572 0
14573 0
14574 0
14575 0
14576 0
14577 0
14578 0
14579 0
14580 0
14581 0
14582 0
14583 0
14584 0
14585 0
14586 0
14587 0
14588 0
14589 0
14590 0
14591 0
14592 0
14593 0
14594 0
14595 0
14596 0
14597 0
14598 0
14599 0
14600 0
14601 0
14602 0
14603 0
14604 0
14605 0
14606 0
14607 0
14608 0
14609 0
14610 0
14611 0
14612 0
14613 0
14614 0
14615 0
14616 0
14617 0
14618 0
14619 0
14620 0
14621 0
14622 0
14623 0
14624 0
14625 0
14626 0
14627 0
14628 0
14629 0
14630 0
14631 0
14632 0
14633 0
14634 0
14635 0
14636 0
14637 0
14638 0
14639 0
14640 0
14641 0
14642 0
14643 0
14644 0
14645 0
14646 0
14647 0
14648 0
14649 0
14650 0
14651 0
14652 0
14653 0
14654 0
14655 0
14656 0
14657 0
14658 0
14659 0
14660 0
14661 0
14662 0
14663 0
14664 0
14665 0
14666 0
14667 0
14668 0
14669 0
14670 0
14671 0
14672 0
14673 0
14674 0
14675 0
14676 0
14677 0
14678 0
14679 0
14680 0
14681 0
14682 0
14683 0
14684 0
14685 0
14686 0
14687 0
14688 0
14689 0
14690 0
14691 0
14692 0
14693 0
14694 0
14695 0
14696 0
14697 0
14698 0
14699 0
14700 0
14701 0
14702 0
14703 0
14704 0
14705 0
14706 0
14707 0
14708 0
14709 0
14710 0
14711 0
14712 0
14713 0
14714 0
14715 0
14716 0
14717 0
14718 0
14719 0
14720 0
14721 0
14722 0
14723 0
14724 0
14725 0
14726 0
14727 0
14728 0
14729 0
14730 0
14731 0
14732 0
14733 0
14734 0
14735 0
14736 0
14737 0
14738 0
14739 0
14740 0
14741 0
14742 0
14743 0
14744 0
14745 0
14746 0
14747 0
14748 7
14749 7
14750 5
14751 7
14752 7
14753 5
14754 7
14755 7
14756 7
14757 5
14758 7
14759 7
14760 5
14761 7
14762 7
14763 5
14764 0
14765 7
14766 7
14767 5
14768 6
14769 5
14770 6
14771 6
14772 5
14773 6
14774 5
14775 6
14776 5
14777 0
14778 6
14779 5
14780 6
14781 5
14782 6
14783 5
14784 0
14785 6
14786 5
14787 6
14788 6
14789 5
14790 6
14791 5
14792 6
14793 5
14794 6
14795 5
14796 0
14797 6
14798 5
14799 6
14800 5
14801 6
14802 5
14803 0
14804 6
14805 5
14806 6
14807 5
14808 6
14809 5
14810 6
14811 5
14812 0
14813 6
14814 6
14815 5
14816 6
14817 5
14818 6
14819 5
14820 6
14821 5
14822 0
14823 6
14824 5
14825 6
14826 5
14827 6
14828 5
14829 0
14830 6
14831 5
14832 6
14833 5
14834 6
14835 5
14836 0
14837 6
14838 5
14839 6
14840 5
14841 6
14842 5
14843 0
14844 6
14845 5
14846 6
14847 5
14848 0
14849 6
14850 5
14851 6
14852 5
14853 6
14854 5
14855 0
14856 6
14857 5
14858 6
14859 5
14860 6
14861 5
14862 0
14863 6
14864 5
14865 6
14866 5
14867 0
14868 6
14869 5
14870 6
14871 5
14872 6
14873 5
14874 0
14875 6
14876 5
14877 6
14878 5
14879 0
14880 6
14881 5
14882 6
14883 5
14884 6
14885 5
14886 0
14887 6
14888 5
14889 5
14890 0
14891 6
14892 5
14893 0
14894 6
14895 5
14896 6
14897 5
14898 0
14899 6
14900 5
14901 6
14902 5
14903 0
14904 6
14905 5
14906 6
14907 5
14908 6
14909 5
14910 0
14911 6
14912 5
14913 5
14914 0
14915 6
14916 5
14917 0
14918 6
14919 5
14920 6
14921 5
14922 0
14923 6
14924 5
14925 0
14926 6
14927 5
14928 6
14929 5
14930 0
14931 6
14932 5
14933 5
14934 0
14935 6
14936 5
14937 0
14938 6
14939 5
14940 6
14941 5
14942 0
14943 6
14944 5
14945 0
14946 6
14947 5
14948 5
14949 0
14950 6
14951 5
14952 0
14953 6
14954 5
14955 0
14956 6
14957 5
14958 6
14959 5
14960 5
14961 0
14962 0
14963 6
14964 5
14965 0
14966 6
14967 5
14968 0
14969 6
14970 5
14971 6
14972 5
14973 5
14974 0
14975 0
14976 0
14977 6
14978 5
14979 6
14980 5
14981 0
14982 6
14983 5
14984 5
14985 0
14986 0
14987 7
14988 6
14989 5
14990 5
14991 0
14992 0
14993 6
14994 6
14995 6
14996 6
14997 6
14998 6
14999 6
15000 6
15001 6
15002 6
15003 6
15004 6
15005 6
15006 6
15007 6
15008 6
15009 6
15010 6
15011 6
15012 6
15013 6
15014 6
15015 6
15016 6
15017 6
15018 6
15019 6
15020 6
15021 6
15022 6
15023 6
15024 6
15025 6
15026 6
15027 6
15028 6
15029 6
15030 6
15031 6
15032 6
15033 4
15034 4
15035 4
15036 4
15037 4
15038 4
15039 4
15040 4
15041 4
15042 4
15043 4
15044 4
15045 4
15046 4
15047 4
15048 4
15049 4
15050 4
15051 4
15052 4
15053 4
15054 4
15055 4
15056 4
15057 4
15058 4
15059 4
15060 4
15061 4
15062 4
15063 4
15064 4
15065 6
15066 4
15067 4
15068 4
15069 4
15070 4
15071 4
15072 4
15073 4
15074 4
15075 4
15076 4
15077 4
15078 4
15079 4
15080 4
15081 4
15082 4
15083 4
15084 4
15085 4
15086 4
15087 4
15088 4
15089 4
15090 4
15091 4
15092 4
15093 4
15094 4
15095 4
15096 4
15097 4
15098 4
15099 4
15100 4
15101 4
15102 4
15103 4
15104 4
15105 4
15106 4
15107 4
15108 4
15109 4
15110 4
15111 4
15112 4
15113 4
15114 4
15115 4
15116 4
15117 4
15118 4
15119 4
15120 4
15121 4
15122 4
15123 4
15124 4
15125 4
15126 4
15127 4
15128 4
15129 4
15130 4
15131 4
15132 4
15133 4
15134 4
15135 4
15136 4
15137 4
15138 4
15139 4
15140 4
15141 4
15142 4
15143 4
15144 4
15145 4
15146 4
15147 4
15148 4
15149 4
15150 4
15151 4
15152 6
15153 4
15154 4
15155 4
15156 4
15157 4
15158 4
15159 4
15160 4
15161 4
15162 4
15163 4
15164 4
15165 4
15166 4
15167 4
15168 4
15169 4
15170 4
15171 4
15172 4
15173 4
15174 4
15175 4
15176 4
15177 4
15178 4
15179 4
15180 4
15181 4
15182 4
15183 4
15184 4
15185 4
15186 4
15187 4
15188 4
15189 4
15190 4
15191 4
15192 4
15193 4
15194 4
15195 4
15196 4
15197 4
15198 4
15199 4
15200 4
15201 4
15202 4
15203 4
15204 4
15205 4
15206 4
15207 4
15208 4
15209 4
15210 4
15211 4
15212 6
15213 4
15214 4
15215 4
15216 4
15217 4
15218 4
15219 4
15220 4
15221 4
15222 4
15223 4
15224 4
15225 4
15226 4
15227 4
15228 4
15229 4
15230 4
15231 4
15232 4
15233 4
15234 4
15235 4
15236 4
15237 4
15238 4
15239 4
15240 4
15241 4
15242 4
15243 4
15244 4
15245 4
15246 4
15247 4
15248 4
15249 4
15250 4
15251 4
15252 6
15253 4
15254 4
15255 4
15256 4
15257 4
15258 4
15259 4
15260 4
15261 4
15262 4
15263 4
15264 4
15265 4
15266 4
15267 4
15268 4
15269 4
15270 4
15271 4
15272 4
15273 4
15274 4
15275 4
15276 4
15277 4
15278 4
15279 4
15280 4
15281 4
15282 6
15283 4
15284 4
15285 4
15286 4
15287 4
15288 4
15289 4
15290 4
15291 4
15292 4
15293 4
15294 4
15295 4
15296 4
15297 4
15298 4
15299 4
15300 4
15301 4
15302 4
15303 4
15304 4
15305 4
15306 4
15307 4
15308 4
15309 4
15310 4
15311 4
15312 4
15313 4
15314 4
15315 4
15316 4
15317 4
15318 4
15319 4
15320 4
15321 4
15322 4
15323 4
15324 4
15325 4
15326 4
15327 4
15328 4
15329 4
15330 4
15331 4
15332 4
15333 4
15334 4
15335 4
15336 4
15337 4
15338 4
15339 4
15340 4
15341 4
15342 4
15343 4
15344 4
15345 4
15346 4
15347 4
15348 4
15349 4
15350 4
15351 4
15352 4
15353 4
15354 4
15355 4
15356 4
15357 4
15358 4
15359 4
15360 4
15361 4
15362 4
15363 4
15364 4
15365 4
15366 4
15367 4
15368 4
15369 4
15370 4
15371 4
15372 4
15373 4
15374 4
15375 4
15376 4
15377 4
15378 4
15379 4
15380 4
15381 4
15382 4
15383 4
15384 4
15385 4
15386 4
15387 4
15388 4
15389 4
15390 4
15391 4
15392 4
15393 4
15394 4
15395 4
15396 4
15397 4
15398 4
15399 4
15400 4
15401 4
15402 4
15403 4
15404 4
15405 4
15406 4
15407 4
15408 4
15409 4
15410 4
15411 4
15412 4
15413 4
15414 4
15415 4
15416 4
15417 4
15418 4
15419 4
15420 4
15421 4
15422 4
15423 4
15424 4
15425 4
15426 4
15427 4
15428 4
15429 4
15430 4
15431 4
15432 4
15433 4
15434 4
15435 4
15436 4
15437 4
15438 4
15439 4
15440 6
15441 6
15442 6
15443 6
15444 6
15445 6
15446 6
15447 6
15448 6
15449 6
15450 6
15451 6
15452 6
15453 0
15454 4
15455 0
15456 6
15457 6
15458 6
15459 6
15460 6
15461 0
15462 0
15463 0
15464 0
15465 0
15466 0
15467 0
15468 0
15469 0
15470 0
15471 0
15472 0
15473 0
15474 0
15475 0
15476 0
15477 0
15478 0
15479 0
15480 0
15481 0
15482 0
15483 0
15484 0
15485 0
15486 0
15487 0
15488 0
15489 0
15490 0
15491 0
15492 0
15493 0
15494 0
15495 0
15496 0
15497 0
15498 0
15499 0
15500 0
15501 0
15502 0
15503 0
15504 0
15505 0
15506 0
15507 0
15508 0
15509 0
15510 0
15511 0
15512 0
15513 0
15514 0
15515 0
15516 0
15517 0
15518 0
15519 0
15520 0
15521 0
15522 0
15523 0
15524 0
15525 0
15526 0
15527 0
15528 0
15529 0
15530 0
15531 0
15532 0
15533 0
15534 0
15535 0
15536 0
15537 0
15538 0
15539 0
15540 0
15541 0
15542 0
15543 0
15544 0
15545 0
15546 0
15547 0
15548 0
15549 0
15550 0
15551 0
15552 0
15553 0
15554 0
15555 0
15556 0
15557 0
15558 0
15559 0
15560 0
15561 0
15562 0
15563 0
15564 0
15565 0
15566 0
15567 0
15568 0
15569 0
15570 0
15571 0
15572 0
15573 0
15574 0
15575 0
15576 0
15577 0
15578 0
15579 0
15580 0
15581 0
15582 0
15583 0
15584 0
15585 0
15586 0
15587 0
15588 0
15589 0
15590 0
15591 0
15592 0
15593 0
15594 0
15595 0
15596 0
15597 0
15598 0
15599 0
15600 0
15601 0
15602 0
15603 0
15604 0
15605 0
15606 0
15607 0
15608 0
15609 0
15610 0
15611 0
15612 0
15613 0
15614 0
15615 0
15616 0
15617 0
15618 0
15619 0
15620 0
15621 0
15622 0
15623 0
15624 0
15625 0
15626 0
15627 0
15628 0
15629 0
15630 0
15631 0
15632 0
15633 0
15634 0
15635 0
15636 0
15637 0
15638 0
15639 0
15640 0
15641 0
15642 0
15643 0
15644 0
15645 0
15646 0
15647 0
15648 0
15649 0
15650 0
15651 0
15652 0
15653 0
15654 0
15655 0
15656 0
15657 0
15658 0
15659 0
15660 0
15661 0
15662 0
15663 0
15664 0
15665 0
15666 0
15667 0
15668 0
15669 0
15670 0
15671 0
15672 0
15673 0
15674 0
15675 4
15676 0
15677 6
15678 6
15679 6
15680 6
15681 6
15682 6
15683 6
15684 6
15685 6
15686 6
15687 6
15688 6
15689 6
15690 6
15691 6
15692 6
15693 6
15694 6
15695 6
15696 6
15697 6
15698 6
15699 6
15700 6
15701 6
15702 6
15703 6
15704 6
15705 6
15706 6
15707 6
15708 6
15709 6
15710 6
15711 6
15712 6
15713 6
15714 6
15715 6
15716 6
15717 6
15718 6
15719 6
15720 6
15721 6
15722 6
15723 6
15724 6
15725 6
15726 6
15727 6
15728 6
15729 6
15730 6
15731 6
15732 6
15733 6
15734 6
15735 6
15736 6
15737 6
15738 6
15739 6
15740 6
15741 6
15742 6
15743 6
15744 6
15745 6
15746 6
15747 4
15748 4
15749 4
15750 4
15751 4
15752 4
15753 4
15754 4
15755 4
15756 6
15757 4
15758 4
15759 4
15760 4
15761 4
15762 4
15763 4
15764 4
15765 4
15766 4
15767 4
15768 4
15769 4
15770 4
15771 4
15772 4
15773 4
15774 4
15775 4
15776 4
15777 4
15778 4
15779 4
15780 4
15781 4
15782 4
15783 4
15784 4
15785 4
15786 4
15787 4
15788 4
15789 4
15790 4
15791 4
15792 4
15793 4
15794 4
15795 4
15796 4
15797 4
15798 4
15799 4
15800 4
15801 4
15802 4
15803 4
15804 4
15805 4
15806 4
15807 4
15808 6
15809 4
15810 4
15811 4
15812 4
15813 4
15814 4
15815 4
15816 4
15817 4
15818 4
15819 4
15820 4
15821 4
15822 4
15823 4
15824 4
15825 4
15826 4
15827 4
15828 4
15829 4
15830 4
15831 4
15832 4
15833 4
15834 4
15835 6
15836 6
15837 6
15838 6
15839 6
15840 6
15841 6
15842 6
15843 6
15844 6
15845 6
15846 6
15847 8
15848 2
15849 2
15850 2
15851 2
15852 2
15853 2
15854 2
15855 2
15856 2
15857 2
15858 2
15859 2
15860 2
15861 2
15862 2
15863 2
15864 2
15865 2
15866 2
15867 2
15868 2
15869 2
15870 2
15871 2
15872 2
15873 2
15874 2
15875 2
15876 2
15877 2
15878 2
15879 2
15880 2
15881 2
15882 2
15883 2
15884 5
15885 5
15886 0
15887 0
15888 0
15889 0
15890 0
15891 0
15892 0
15893 0
15894 6
15895 5
15896 6
15897 5
15898 6
15899 5
15900 6
15901 5
15902 6
15903 5
15904 6
15905 5
15906 6
15907 5
15908 6
15909 6
15910 5
15911 6
15912 5
15913 6
15914 5
15915 6
15916 5
15917 6
15918 5
15919 6
15920 5
15921 6
15922 5
15923 6
15924 5
15925 6
15926 6
15927 5
15928 6
15929 5
15930 6
15931 5
15932 6
15933 5
15934 6
15935 5
15936 6
15937 5
15938 6
15939 5
15940 6
15941 5
15942 6
15943 5
15944 6
15945 5
15946 6
15947 5
15948 6
15949 5
15950 6
15951 6
15952 5
15953 6
15954 5
15955 6
15956 5
15957 6
15958 5
15959 6
15960 5
15961 6
15962 5
15963 6
15964 5
15965 0
15966 6
15967 5
15968 6
15969 5
15970 6
15971 5
15972 6
15973 5
15974 6
15975 5
15976 6
15977 5
15978 6
15979 5
15980 6
15981 5
15982 6
15983 5
15984 6
15985 5
15986 6
15987 5
15988 6
15989 5
15990 6
15991 5
15992 6
15993 5
15994 6
15995 5
15996 6
15997 5
15998 6
15999 5
16000 6
16001 5
16002 6
16003 5
16004 6
16005 5
16006 6
16007 5
16008 6
16009 5
16010 6
16011 5
16012 5
16013 6
16014 5
16015 6
16016 5
16017 6
16018 5
16019 6
16020 5
16021 0
16022 6
16023 5
16024 6
16025 5
16026 6
16027 5
16028 6
16029 5
16030 6
16031 5
16032 6
16033 5
16034 6
16035 5
16036 5
16037 6
16038 5
16039 6
16040 5
16041 6
16042 5
16043 6
16044 5
16045 6
16046 5
16047 6
16048 5
16049 6
16050 5
16051 5
16052 6
16053 5
16054 6
16055 5
16056 6
16057 5
16058 6
16059 5
16060 6
16061 5
16062 5
16063 0
16064 6
16065 5
16066 6
16067 5
16068 6
16069 5
16070 6
16071 5
16072 6
16073 5
16074 5
16075 6
16076 5
16077 6
16078 5
16079 6
16080 5
16081 6
16082 5
16083 5
16084 6
16085 5
16086 6
16087 5
16088 6
16089 5
16090 6
16091 5
16092 5
16093 6
16094 5
16095 6
16096 5
16097 0
16098 6
16099 5
16100 5
16101 6
16102 5
16103 6
16104 5
16105 6
16106 5
16107 5
16108 6
16109 5
16110 6
16111 5
16112 6
16113 5
16114 5
16115 6
16116 5
16117 6
16118 5
16119 5
16120 6
16121 5
16122 6
16123 5
16124 0
16125 6
16126 5
16127 5
16128 6
16129 5
16130 6
16131 5
16132 5
16133 6
16134 5
16135 6
16136 5
16137 5
16138 6
16139 5
16140 6
16141 5
16142 5
16143 6
16144 5
16145 2
16146 2
16147 2
16148 2
16149 2
16150 2
16151 2
16152 2
16153 2
16154 2
16155 2
16156 2
16157 2
16158 2
16159 2
16160 2
16161 2
16162 2
16163 2
16164 2
16165 2
16166 2
16167 2
16168 2
16169 2
16170 2
16171 2
16172 2
16173 2
16174 2
16175 2
16176 2
16177 2
16178 2
16179 2
16180 2
16181 2
16182 2
16183 2
16184 2
16185 2
16186 2
16187 2
16188 2
16189 2
16190 2
16191 2
16192 5
16193 5
16194 4
16195 4
16196 4
16197 4
16198 4
16199 4
16200 4
16201 4
16202 4
16203 4
16204 4
16205 4
16206 4
16207 4
16208 4
16209 4
16210 4
16211 4
16212 4
16213 4
16214 4
16215 4
16216 4
16217 4
16218 4
16219 4
16220 4
16221 4
16222 4
16223 4
16224 4
16225 4
16226 4
16227 4
16228 4
16229 4
16230 4
16231 4
16232 4
16233 4
16234 4
16235 4
16236 4
16237 4
16238 4
16239 4
16240 4
16241 4
16242 4
16243 4
16244 4
16245 4
16246 4
16247 4
16248 4
16249 4
16250 4
16251 4
16252 4
16253 4
16254 4
16255 4
16256 4
16257 4
16258 4
16259 4
16260 4
16261 4
16262 4
16263 4
16264 4
16265 4
16266 4
16267 4
16268 4
16269 4
16270 4
16271 4
16272 4
16273 4
16274 4
16275 4
16276 4
16277 4
16278 4
16279 4
16280 4
16281 4
16282 4
16283 4
16284 4
16285 4
16286 4
16287 4
16288 4
16289 4
16290 4
16291 4
16292 4
16293 4
16294 4
16295 4
16296 4
16297 4
16298 4
16299 4
16300 4
16301 4
16302 4
16303 4
16304 4
16305 4
16306 4
16307 4
16308 4
16309 4
16310 4
16311 4
16312 4
16313 4
16314 4
16315 4
16316 4
16317 4
16318 4
16319 4
16320 4
16321 4
16322 4
16323 4
16324 4
16325 4
16326 4
16327 4
16328 4
16329 4
16330 4
16331 4
16332 4
16333 4
16334 4
16335 4
16336 4
16337 4
16338 4
16339 4
16340 4
16341 4
16342 4
16343 4
16344 4
16345 4
16346 4
16347 4
16348 4
16349 4
16350 4
16351 4
16352 4
16353 4
16354 4
16355 4
16356 4
16357 4
16358 4
16359 4
16360 4
16361 4
16362 4
16363 4
16364 4
16365 4
16366 4
16367 4
16368 4
16369 4
16370 4
16371 4
16372 4
16373 4
16374 4
16375 4
16376 4
16377 4
16378 4
16379 4
16380 4
16381 4
16382 4
16383 4
16384 4
16385 4
16386 4
16387 4
16388 4
16389 4
16390 4
16391 4
16392 4
16393 4
16394 4
16395 4
16396 4
16397 4
16398 4
16399 4
16400 4
16401 4
16402 4
16403 4
16404 4
16405 4
16406 4
16407 4
16408 4
16409 4
16410 4
16411 4
16412 4
16413 4
16414 4
16415 4
16416 4
16417 4
16418 4
16419 4
16420 4
16421 4
16422 4
16423 4
16424 4
16425 4
16426 4
16427 4
16428 4
16429 4
16430 4
16431 4
16432 4
16433 4
16434 4
16435 4
16436 4
16437 4
16438 4
16439 4
16440 4
16441 4
16442 4
16443 4
16444 4
16445 4
16446 4
16447 4
16448 4
16449 4
16450 4
16451 4
16452 4
16453 4
16454 4
16455 4
16456 4
16457 4
16458 4
16459 4
16460 4
16461 4
16462 4
16463 4
16464 4
16465 4
16466 6
16467 5
16468 4
16469 6
16470 5
16471 6
16472 5
16473 6
16474 5
16475 6
16476 5
16477 4
16478 6
16479 5
16480 6
16481 6
16482 5
16483 6
16484 5
16485 6
16486 5
16487 6
16488 5
16489 4
16490 6
16491 5
16492 6
16493 5
16494 6
16495 5
16496 4
16497 6
16498 6
16499 5
16500 6
16501 5
16502 6
16503 5
16504 6
16505 5
16506 4
16507 6
16508 5
16509 6
16510 5
16511 6
16512 5
16513 6
16514 5
16515 4
16516 6
16517 5
16518 6
16519 5
16520 6
16521 6
16522 5
16523 6
16524 5
16525 4
16526 6
16527 5
16528 6
16529 5
16530 6
16531 5
16532 4
16533 6
16534 5
16535 6
16536 5
16537 6
16538 5
16539 4
16540 6
16541 5
16542 6
16543 5
16544 6
16545 5
16546 4
16547 6
16548 5
16549 6
16550 5
16551 6
16552 5
16553 4
16554 6
16555 5
16556 6
16557 5
16558 4
16559 6
16560 5
16561 6
16562 5
16563 6
16564 5
16565 4
16566 6
16567 5
16568 6
16569 5
16570 6
16571 5
16572 4
16573 6
16574 5
16575 6
16576 5
16577 4
16578 6
16579 5
16580 6
16581 5
16582 6
16583 5
16584 4
16585 6
16586 5
16587 6
16588 5
16589 4
16590 6
16591 5
16592 6
16593 5
16594 6
16595 5
16596 4
16597 6
16598 5
16599 6
16600 5
16601 4
16602 6
16603 5
16604 6
16605 5
16606 4
16607 6
16608 5
16609 5
16610 4
16611 6
16612 5
16613 6
16614 5
16615 4
16616 6
16617 5
16618 6
16619 5
16620 4
16621 6
16622 5
16623 6
16624 5
16625 4
16626 6
16627 5
16628 6
16629 5
16630 4
16631 6
16632 5
16633 6
16634 5
16635 5
16636 4
16637 4
16638 6
16639 5
16640 6
16641 5
16642 4
16643 6
16644 5
16645 6
16646 5
16647 4
16648 6
16649 5
16650 6
16651 5
16652 5
16653 4
16654 4
16655 6
16656 5
16657 6
16658 5
16659 4
16660 6
16661 5
16662 4
16663 6
16664 5
16665 6
16666 5
16667 5
16668 4
16669 4
16670 6
16671 5
16672 4
16673 6
16674 5
16675 6
16676 5
16677 4
16678 6
16679 5
16680 6
16681 5
16682 5
16683 4
16684 4
16685 6
16686 5
16687 4
16688 6
16689 5
16690 4
16691 6
16692 5
16693 6
16694 5
16695 5
16696 4
16697 4
16698 6
16699 5
16700 4
16701 6
16702 5
16703 4
16704 6
16705 5
16706 5
16707 4
16708 4
16709 6
16710 5
16711 4
16712 6
16713 5
16714 4
16715 6
16716 5
16717 5
16718 4
16719 4
16720 6
16721 5
16722 4
16723 6
16724 5
16725 4
16726 6
16727 5
16728 5
16729 4
16730 4
16731 6
16732 5
16733 4
16734 6
16735 5
16736 4
16737 6
16738 5
16739 5
16740 4
16741 4
16742 4
16743 6
16744 5
16745 4
16746 6
16747 5
16748 5
16749 4
16750 4
16751 4
16752 6
16753 5
16754 4
16755 6
16756 5
16757 4
16758 6
16759 5
16760 5
16761 4
16762 4
16763 4
16764 6
16765 5
16766 4
16767 4
16768 6
16769 5
16770 5
16771 4
16772 4
16773 6
16774 6
16775 6
16776 6
16777 6
16778 6
16779 6
16780 6
16781 6
16782 6
16783 6
16784 6
16785 6
16786 6
16787 6
16788 6
16789 6
16790 6
16791 6
16792 6
16793 6
16794 6
16795 6
16796 6
16797 6
16798 6
16799 6
16800 6
16801 6
16802 6
16803 6
16804 6
16805 6
16806 6
16807 6
16808 6
16809 6
16810 6
16811 6
16812 6
16813 6
16814 6
16815 6
16816 6
16817 6
16818 6
16819 6
16820 6
16821 6
16822 6
16823 6
16824 6
16825 6
16826 6
16827 6
16828 4
16829 4
16830 4
16831 4
16832 4
16833 4
16834 4
16835 4
16836 4
16837 4
16838 4
16839 4
16840 4
16841 4
16842 4
16843 4
16844 4
16845 4
16846 4
16847 4
16848 4
16849 4
16850 4
16851 4
16852 4
16853 4
16854 4
16855 4
16856 6
16857 4
16858 4
16859 4
16860 4
16861 4
16862 4
16863 4
16864 4
16865 4
16866 4
16867 4
16868 4
16869 4
16870 4
16871 4
16872 4
16873 4
16874 4
16875 4
16876 4
16877 4
16878 4
16879 4
16880 4
16881 4
16882 4
16883 4
16884 4
16885 4
16886 4
16887 4
16888 4
16889 4
16890 4
16891 4
16892 4
16893 4
16894 4
16895 4
16896 4
16897 4
16898 4
16899 4
16900 4
16901 4
16902 4
16903 4
16904 4
16905 4
16906 4
16907 4
16908 4
16909 6
16910 4
16911 4
16912 4
16913 4
16914 4
16915 4
16916 4
16917 4
16918 4
16919 4
16920 4
16921 4
16922 4
16923 4
16924 4
16925 4
16926 4
16927 4
16928 4
16929 4
16930 4
16931 4
16932 4
16933 4
16934 4
16935 4
16936 4
16937 4
16938 4
16939 4
16940 4
16941 4
16942 4
16943 4
16944 4
16945 4
16946 4
16947 4
16948 4
16949 4
16950 4
16951 4
16952 4
16953 4
16954 4
16955 4
16956 4
16957 4
16958 4
16959 6
16960 4
16961 4
16962 4
16963 4
16964 4
16965 4
16966 4
16967 4
16968 4
16969 4
16970 4
16971 4
16972 4
16973 4
16974 4
16975 4
16976 4
16977 4
16978 4
16979 4
16980 4
16981 4
16982 4
16983 4
16984 4
16985 4
16986 4
16987 4
16988 4
16989 4
16990 4
16991 4
16992 4
16993 4
16994 4
16995 4
16996 4
16997 4
16998 4
16999 4
17000 6
17001 4
17002 4
17003 4
17004 4
17005 4
17006 4
17007 4
17008 4
17009 4
17010 4
17011 4
17012 4
17013 4
17014 4
17015 4
17016 4
17017 4
17018 4
17019 4
17020 4
17021 4
17022 6
17023 6
17024 6
17025 6
17026 6
17027 6
17028 6
17029 6
17030 4
17031 4
17032 4
17033 4
17034 8
17035 6
17036 6
17037 6
17038 6
17039 6
17040 6
17041 6
17042 6
17043 6
17044 6
17045 6
17046 6
17047 6
17048 6
17049 6
17050 6
17051 6
17052 6
17053 6
17054 6
17055 6
17056 6
17057 6
17058 6
17059 6
17060 6
17061 6
17062 6
17063 6
17064 6
17065 6
17066 6
17067 6
17068 6
17069 6
17070 6
17071 6
17072 6
17073 6
17074 6
17075 6
17076 6
17077 6
17078 6
17079 6
17080 6
17081 6
17082 6
17083 6
17084 6
17085 6
17086 6
17087 6
17088 6
17089 6
17090 6
17091 6
17092 6
17093 6
17094 6
17095 6
17096 6
17097 6
17098 6
17099 6
17100 6
17101 6
17102 6
17103 6
17104 4
17105 4
17106 4
17107 4
17108 4
17109 4
17110 4
17111 4
17112 4
17113 4
17114 4
17115 4
17116 4
17117 4
17118 4
17119 4
17120 4
17121 4
17122 6
17123 4
17124 4
17125 4
17126 4
17127 4
17128 4
17129 4
17130 4
17131 4
17132 4
17133 4
17134 4
17135 4
17136 4
17137 4
17138 4
17139 4
17140 4
17141 4
17142 4
17143 4
17144 4
17145 4
17146 4
17147 4
17148 4
17149 4
17150 4
17151 4
17152 4
17153 4
17154 4
17155 4
17156 4
17157 4
17158 4
17159 4
17160 4
17161 4
17162 4
17163 4
17164 4
17165 4
17166 4
17167 4
17168 4
17169 6
17170 4
17171 4
17172 4
17173 4
17174 4
17175 4
17176 4
17177 4
17178 4
17179 4
17180 4
17181 4
17182 4
17183 4
17184 4
17185 4
17186 4
17187 4
17188 4
17189 4
17190 4
17191 4
17192 4
17193 4
17194 4
17195 4
17196 4
17197 4
17198 4
17199 4
17200 4
17201 4
17202 4
17203 4
17204 4
17205 4
17206 4
17207 4
17208 4
17209 4
17210 4
17211 4
17212 4
17213 4
17214 4
17215 6
17216 4
17217 4
17218 4
17219 4
17220 4
17221 4
17222 4
17223 4
17224 4
17225 4
17226 4
17227 4
17228 4
17229 4
17230 4
17231 4
17232 4
17233 4
17234 4
17235 4
17236 4
17237 4
17238 4
17239 4
17240 4
17241 4
17242 4
17243 4
17244 4
17245 4
17246 4
17247 4
17248 4
17249 4
17250 4
17251 4
17252 4
17253 4
17254 4
17255 6
17256 6
17257 6
17258 6
17259 6
17260 6
17261 6
17262 6
17263 6
17264 6
17265 4
17266 4
17267 8
17268 6
17269 6
17270 6
17271 6
17272 6
17273 6
17274 6
17275 6
17276 6
17277 6
17278 6
17279 6
17280 6
17281 6
17282 6
17283 6
17284 6
17285 6
17286 6
17287 6
17288 6
17289 6
17290 6
17291 6
17292 6
17293 6
17294 6
17295 6
17296 6
17297 6
17298 6
17299 6
17300 6
17301 6
17302 6
17303 6
17304 6
17305 6
17306 6
17307 6
17308 6
17309 6
17310 6
17311 6
17312 6
17313 6
17314 6
17315 6
17316 6
17317 6
17318 6
17319 6
17320 6
17321 6
17322 6
17323 6
17324 6
17325 6
17326 6
17327 6
17328 6
17329 6
17330 6
17331 6
17332 6
17333 6
17334 6
17335 6
17336 6
17337 6
17338 6
17339 6
17340 6
17341 6
17342 6
17343 6
17344 6
17345 6
17346 6
17347 6
17348 6
17349 6
17350 6
17351 6
17352 6
17353 6
17354 6
17355 4
17356 4
17357 4
17358 4
17359 6
17360 4
17361 4
17362 4
17363 4
17364 4
17365 4
17366 4
17367 4
17368 4
17369 4
17370 4
17371 4
17372 4
17373 4
17374 4
17375 4
17376 4
17377 4
17378 4
17379 4
17380 4
17381 4
17382 4
17383 4
17384 4
17385 4
17386 4
17387 4
17388 4
17389 4
17390 4
17391 4
17392 4
17393 4
17394 4
17395 4
17396 4
17397 4
17398 4
17399 4
17400 4
17401 4
17402 4
17403 4
17404 6
17405 4
17406 4
17407 4
17408 4
17409 4
17410 4
17411 4
17412 4
17413 4
17414 4
17415 4
17416 4
17417 4
17418 4
17419 4
17420 4
17421 4
17422 4
17423 4
17424 4
17425 4
17426 4
17427 4
17428 4
17429 4
17430 4
17431 4
17432 4
17433 4
17434 4
17435 4
17436 4
17437 4
17438 4
17439 4
17440 4
17441 4
17442 4
17443 4
17444 4
17445 4
17446 4
17447 4
17448 6
17449 4
17450 4
17451 4
17452 4
17453 4
17454 4
17455 4
17456 4
17457 4
17458 4
17459 4
17460 4
17461 4
17462 4
17463 4
17464 4
17465 4
17466 4
17467 4
17468 4
17469 4
17470 4
17471 4
17472 4
17473 4
17474 4
17475 4
17476 4
17477 4
17478 4
17479 4
17480 4
17481 4
17482 4
17483 4
17484 4
17485 4
17486 4
17487 4
17488 6
17489 4
17490 4
17491 4
17492 4
17493 4
17494 4
17495 4
17496 4
17497 4
17498 4
17499 4
17500 4
17501 4
17502 4
17503 4
17504 4
17505 4
17506 4
17507 4
17508 4
17509 4
17510 4
17511 4
17512 4
17513 4
17514 4
17515 4
17516 4
17517 4
17518 4
17519 4
17520 4
17521 4
17522 4
17523 6
17524 4
17525 4
17526 4
17527 4
17528 4
17529 4
17530 4
17531 4
17532 4
17533 4
17534 4
17535 4
17536 4
17537 4
17538 4
17539 4
17540 4
17541 4
17542 4
17543 4
17544 4
17545 4
17546 4
17547 4
17548 4
17549 4
17550 4
17551 6
17552 4
17553 4
17554 4
17555 4
17556 4
17557 4
17558 4
17559 4
17560 4
17561 4
17562 4
17563 4
17564 4
17565 4
17566 4
17567 4
17568 4
17569 4
17570 4
17571 4
17572 4
17573 4
17574 4
17575 6
17576 4
17577 4
17578 4
17579 4
17580 4
17581 4
17582 4
17583 4
17584 4
17585 4
17586 4
17587 4
17588 4
17589 4
17590 4
17591 4
17592 4
17593 4
17594 4
17595 6
17596 4
17597 4
17598 4
17599 4
17600 4
17601 4
17602 4
17603 4
17604 4
17605 4
17606 4
17607 4
17608 4
17609 4
17610 4
17611 4
17612 4
17613 6
17614 4
17615 4
17616 4
17617 4
17618 4
17619 4
17620 4
17621 4
17622 4
17623 4
17624 4
17625 4
17626 4
17627 4
17628 4
17629 6
17630 4
17631 4
17632 4
17633 0
17634 4
17635 2
17636 2
17637 2
17638 2
17639 2
17640 2
17641 2
17642 2
17643 2
17644 2
17645 2
17646 2
17647 2
17648 2
17649 2
17650 2
17651 2
17652 2
17653 2
17654 2
17655 2
17656 2
17657 2
17658 2
17659 2
17660 2
17661 2
17662 2
17663 2
17664 2
17665 2
17666 2
17667 2
17668 2
17669 2
17670 2
17671 2
17672 2
17673 2
17674 2
17675 2
17676 2
17677 2
17678 2
17679 2
17680 2
17681 2
17682 5
17683 5
17684 4
17685 4
17686 4
17687 4
17688 4
17689 4
17690 4
17691 4
17692 4
17693 4
17694 4
17695 4
17696 4
17697 4
17698 4
17699 4
17700 4
17701 4
17702 4
17703 4
17704 4
17705 4
17706 4
17707 4
17708 4
17709 4
17710 4
17711 4
17712 4
17713 4
17714 4
17715 4
17716 4
17717 4
17718 4
17719 4
17720 4
17721 4
17722 4
17723 4
17724 4
17725 4
17726 4
17727 4
17728 4
17729 4
17730 4
17731 4
17732 4
17733 4
17734 4
17735 4
17736 4
17737 4
17738 4
17739 4
17740 4
17741 4
17742 4
17743 4
17744 4
17745 4
17746 4
17747 4
17748 4
17749 4
17750 4
17751 4
17752 4
17753 4
17754 4
17755 4
17756 4
17757 4
17758 4
17759 4
17760 4
17761 4
17762 4
17763 4
17764 4
17765 4
17766 4
17767 4
17768 4
17769 4
17770 4
17771 4
17772 4
17773 4
17774 4
17775 4
17776 4
17777 4
17778 4
17779 4
17780 4
17781 4
17782 4
17783 4
17784 4
17785 4
17786 4
17787 4
17788 4
17789 4
17790 4
17791 4
17792 4
17793 4
17794 4
17795 4
17796 4
17797 4
17798 4
17799 4
17800 4
17801 4
17802 4
17803 4
17804 4
17805 4
17806 4
17807 4
17808 4
17809 4
17810 4
17811 4
17812 4
17813 4
17814 4
17815 4
17816 4
17817 4
17818 4
17819 4
17820 4
17821 4
17822 4
17823 4
17824 4
17825 4
17826 4
17827 4
17828 4
17829 4
17830 4
17831 4
17832 4
17833 4
17834 4
17835 4
17836 4
17837 4
17838 4
17839 4
17840 4
17841 4
17842 4
17843 4
17844 4
17845 4
17846 4
17847 4
17848 4
17849 4
17850 4
17851 4
17852 4
17853 4
17854 4
17855 4
17856 4
17857 4
17858 4
17859 4
17860 4
17861 4
17862 4
17863 4
17864 4
17865 4
17866 4
17867 4
17868 4
17869 4
17870 4
17871 4
17872 4
17873 4
17874 4
17875 4
17876 4
17877 4
17878 4
17879 4
17880 4
17881 4
17882 4
17883 4
17884 4
17885 4
17886 4
17887 4
17888 4
17889 4
17890 4
17891 4
17892 4
17893 4
17894 4
17895 4
17896 4
17897 4
17898 4
17899 4
17900 4
17901 4
17902 4
17903 4
17904 4
17905 4
17906 4
17907 4
17908 4
17909 4
17910 4
17911 4
17912 4
17913 4
17914 4
17915 4
17916 4
17917 4
17918 4
17919 4
17920 4
17921 4
17922 4
17923 4
17924 4
17925 4
17926 4
17927 4
17928 4
17929 4
17930 4
17931 4
17932 4
17933 4
17934 4
17935 4
17936 4
17937 4
17938 4
17939 4
17940 4
17941 4
17942 4
17943 4
17944 4
17945 4
17946 4
17947 4
17948 4
17949 4
17950 4
17951 4
17952 4
17953 4
17954 4
17955 4
17956 4
17957 4
17958 4
17959 4
17960 4
17961 4
17962 4
17963 4
17964 4
17965 4
17966 4
17967 4
17968 4
17969 4
17970 4
17971 4
17972 4
17973 4
17974 4
17975 4
17976 4
17977 4
17978 4
17979 4
17980 4
17981 4
17982 4
17983 6
17984 5
17985 4
17986 6
17987 5
17988 6
17989 5
17990 4
17991 6
17992 5
17993 6
17994 5
17995 6
17996 6
17997 5
17998 6
17999 5
18000 4
18001 6
18002 5
18003 6
18004 5
18005 4
18006 6
18007 5
18008 6
18009 5
18010 4
18011 6
18012 5
18013 6
18014 6
18015 5
18016 6
18017 5
18018 4
18019 6
18020 5
18021 6
18022 5
18023 4
18024 6
18025 5
18026 6
18027 5
18028 6
18029 5
18030 4
18031 6
18032 5
18033 6
18034 5
18035 4
18036 6
18037 5
18038 6
18039 6
18040 5
18041 4
18042 6
18043 5
18044 6
18045 5
18046 4
18047 6
18048 5
18049 6
18050 5
18051 4
18052 6
18053 5
18054 6
18055 5
18056 4
18057 6
18058 5
18059 6
18060 5
18061 4
18062 6
18063 5
18064 6
18065 5
18066 4
18067 6
18068 5
18069 6
18070 5
18071 4
18072 6
18073 5
18074 4
18075 6
18076 5
18077 6
18078 5
18079 4
18080 6
18081 5
18082 6
18083 5
18084 4
18085 6
18086 5
18087 4
18088 6
18089 5
18090 6
18091 5
18092 4
18093 6
18094 5
18095 4
18096 6
18097 5
18098 6
18099 5
18100 4
18101 6
18102 5
18103 4
18104 6
18105 5
18106 6
18107 5
18108 4
18109 6
18110 5
18111 4
18112 6
18113 5
18114 4
18115 6
18116 5
18117 6
18118 5
18119 4
18120 6
18121 5
18122 4
18123 6
18124 5
18125 4
18126 6
18127 5
18128 6
18129 5
18130 4
18131 6
18132 5
18133 4
18134 6
18135 5
18136 4
18137 6
18138 5
18139 4
18140 6
18141 5
18142 4
18143 6
18144 5
18145 5
18146 4
18147 4
18148 6
18149 5
18150 4
18151 6
18152 5
18153 4
18154 6
18155 5
18156 4
18157 6
18158 5
18159 4
18160 6
18161 5
18162 4
18163 6
18164 5
18165 4
18166 6
18167 5
18168 4
18169 6
18170 5
18171 4
18172 6
18173 5
18174 5
18175 4
18176 4
18177 4
18178 6
18179 5
18180 4
18181 6
18182 5
18183 4
18184 6
18185 5
18186 4
18187 4
18188 6
18189 5
18190 4
18191 6
18192 5
18193 4
18194 6
18195 5
18196 5
18197 4
18198 4
18199 4
18200 4
18201 6
18202 5
18203 4
18204 6
18205 5
18206 4
18207 4
18208 6
18209 5
18210 4
18211 6
18212 5
18213 4
18214 4
18215 6
18216 5
18217 5
18218 4
18219 2
18220 2
18221 2
18222 2
18223 2
18224 2
18225 2
18226 2
18227 2
18228 2
18229 2
18230 2
18231 2
18232 2
18233 2
18234 2
18235 2
18236 2
18237 2
18238 2
18239 2
18240 2
18241 2
18242 2
18243 2
18244 2
18245 2
18246 2
18247 2
18248 2
18249 2
18250 2
18251 2
18252 2
18253 2
18254 2
18255 2
18256 2
18257 2
18258 2
18259 2
18260 2
18261 2
18262 2
18263 2
18264 2
18265 2
18266 2
18267 2
18268 2
18269 2
18270 2
18271 2
18272 2
18273 2
18274 2
18275 2
18276 2
18277 2
18278 2
18279 2
18280 2
18281 2
18282 2
18283 5
18284 5
18285 4
18286 4
18287 4
18288 4
18289 4
18290 4
18291 4
18292 4
18293 4
18294 4
18295 4
18296 4
18297 4
18298 4
18299 4
18300 4
18301 4
18302 4
18303 4
18304 4
18305 4
18306 4
18307 4
18308 4
18309 4
18310 4
18311 4
18312 4
18313 4
18314 4
18315 4
18316 4
18317 4
18318 4
18319 4
18320 4
18321 4
18322 4
18323 4
18324 4
18325 4
18326 4
18327 4
18328 4
18329 4
18330 4
18331 4
18332 4
18333 4
18334 4
18335 4
18336 4
18337 4
18338 4
18339 4
18340 4
18341 4
18342 4
18343 4
18344 4
18345 4
18346 4
18347 4
18348 4
18349 4
18350 4
18351 4
18352 4
18353 4
18354 4
18355 4
18356 4
18357 4
18358 4
18359 4
18360 4
18361 4
18362 4
18363 4
18364 4
18365 4
18366 4
18367 4
18368 4
18369 4
18370 4
18371 4
18372 4
18373 4
18374 4
18375 4
18376 4
18377 4
18378 4
18379 4
18380 4
18381 4
18382 4
18383 4
18384 4
18385 4
18386 4
18387 4
18388 4
18389 4
18390 4
18391 4
18392 4
18393 4
18394 4
18395 4
18396 4
18397 4
18398 4
18399 4
18400 4
18401 4
18402 4
18403 4
18404 4
18405 4
18406 4
18407 4
18408 4
18409 4
18410 4
18411 4
18412 4
18413 4
18414 4
18415 4
18416 4
18417 4
18418 4
18419 4
18420 4
18421 4
18422 4
18423 4
18424 4
18425 4
18426 4
18427 4
18428 4
18429 4
18430 4
18431 4
18432 4
18433 4
18434 4
18435 4
18436 4
18437 4
18438 4
18439 4
18440 4
18441 4
18442 4
18443 4
18444 4
18445 4
18446 4
18447 4
18448 4
18449 4
18450 4
18451 4
18452 4
18453 4
18454 4
18455 4
18456 4
18457 4
18458 4
18459 4
18460 4
18461 4
18462 4
18463 4
18464 4
18465 4
18466 4
18467 4
18468 4
18469 4
18470 4
18471 4
18472 4
18473 4
18474 4
18475 4
18476 4
18477 4
18478 4
18479 4
18480 4
18481 4
18482 4
18483 4
18484 4
18485 4
18486 4
18487 4
18488 4
18489 4
18490 4
18491 4
18492 4
18493 4
18494 4
18495 4
18496 4
18497 4
18498 4
18499 4
18500 4
18501 4
18502 4
18503 4
18504 4
18505 4
18506 4
18507 4
18508 4
18509 4
18510 4
18511 4
18512 4
18513 4
18514 4
18515 4
18516 6
18517 5
18518 6
18519 5
18520 6
18521 5
18522 6
18523 5
18524 6
18525 5
18526 6
18527 6
18528 5
18529 6
18530 5
18531 6
18532 5
18533 6
18534 5
18535 6
18536 5
18537 4
18538 6
18539 5
18540 6
18541 6
18542 5
18543 6
18544 5
18545 6
18546 5
18547 6
18548 5
18549 6
18550 5
18551 6
18552 5
18553 6
18554 5
18555 6
18556 5
18557 6
18558 5
18559 6
18560 6
18561 5
18562 6
18563 5
18564 4
18565 6
18566 5
18567 6
18568 5
18569 6
18570 5
18571 6
18572 5
18573 6
18574 5
18575 6
18576 5
18577 6
18578 5
18579 6
18580 5
18581 4
18582 6
18583 5
18584 6
18585 5
18586 6
18587 5
18588 6
18589 5
18590 6
18591 5
18592 6
18593 5
18594 6
18595 5
18596 6
18597 5
18598 4
18599 6
18600 5
18601 6
18602 5
18603 6
18604 6
18605 5
18606 6
18607 5
18608 6
18609 5
18610 6
18611 5
18612 5
18613 6
18614 5
18615 4
18616 6
18617 5
18618 6
18619 5
18620 4
18621 4
18622 4
18623 4
18624 4
18625 4
18626 4
18627 4
18628 4
18629 4
18630 4
18631 8
18632 2
18633 2
18634 2
18635 2
18636 2
18637 2
18638 2
18639 2
18640 2
18641 2
18642 2
18643 2
18644 2
18645 2
18646 2
18647 2
18648 2
18649 2
18650 2
18651 2
18652 2
18653 2
18654 2
18655 2
18656 2
18657 2
18658 2
18659 2
18660 2
18661 2
18662 2
18663 2
18664 2
18665 2
18666 2
18667 2
18668 2
18669 2
18670 2
18671 2
18672 2
18673 2
18674 2
18675 2
18676 2
18677 2
18678 2
18679 2
18680 2
18681 2
18682 2
18683 2
18684 2
18685 2
18686 2
18687 2
18688 2
18689 2
18690 2
18691 2
18692 2
18693 2
18694 2
18695 2
18696 2
18697 2
18698 2
18699 2
18700 2
18701 2
18702 2
18703 2
18704 2
18705 2
18706 2
18707 2
18708 2
18709 2
18710 2
18711 2
18712 2
18713 2
18714 2
18715 2
18716 2
18717 2
18718 2
18719 2
18720 2
18721 2
18722 2
18723 2
18724 2
18725 2
18726 2
18727 2
18728 2
18729 2
18730 2
18731 2
18732 2
18733 2
18734 5
18735 5
18736 5
18737 5
18738 4
18739 4
18740 4
18741 4
18742 4
18743 4
18744 4
18745 4
18746 4
18747 4
18748 4
18749 4
18750 4
18751 4
18752 4
18753 4
18754 4
18755 4
18756 4
18757 4
18758 4
18759 4
18760 4
18761 4
18762 4
18763 4
18764 4
18765 4
18766 4
18767 4
18768 4
18769 4
18770 4
18771 4
18772 4
18773 4
18774 4
18775 4
18776 4
18777 4
18778 4
18779 4
18780 4
18781 4
18782 4
18783 4
18784 4
18785 4
18786 4
18787 4
18788 4
18789 4
18790 4
18791 6
18792 6
18793 5
18794 6
18795 5
18796 6
18797 5
18798 6
18799 5
18800 6
18801 5
18802 4
18803 6
18804 6
18805 5
18806 6
18807 5
18808 6
18809 5
18810 6
18811 5
18812 6
18813 5
18814 4
18815 6
18816 5
18817 6
18818 6
18819 5
18820 6
18821 5
18822 6
18823 5
18824 6
18825 5
18826 4
18827 6
18828 5
18829 6
18830 5
18831 6
18832 5
18833 6
18834 6
18835 5
18836 6
18837 5
18838 4
18839 6
18840 5
18841 6
18842 5
18843 6
18844 5
18845 6
18846 5
18847 4
18848 6
18849 5
18850 6
18851 5
18852 6
18853 5
18854 4
18855 6
18856 5
18857 6
18858 5
18859 6
18860 5
18861 4
18862 6
18863 6
18864 5
18865 6
18866 5
18867 6
18868 5
18869 6
18870 5
18871 4
18872 6
18873 5
18874 6
18875 5
18876 6
18877 5
18878 4
18879 6
18880 5
18881 6
18882 5
18883 6
18884 5
18885 4
18886 6
18887 5
18888 6
18889 5
18890 6
18891 5
18892 4
18893 6
18894 5
18895 6
18896 5
18897 4
18898 6
18899 5
18900 6
18901 5
18902 6
18903 5
18904 4
18905 6
18906 5
18907 6
18908 5
18909 5
18910 4
18911 4
18912 6
18913 5
18914 6
18915 5
18916 6
18917 5
18918 4
18919 6
18920 5
18921 6
18922 5
18923 4
18924 6
18925 5
18926 6
18927 5
18928 4
18929 6
18930 5
18931 6
18932 5
18933 4
18934 6
18935 5
18936 6
18937 5
18938 5
18939 4
18940 4
18941 6
18942 5
18943 6
18944 5
18945 4
18946 6
18947 5
18948 6
18949 5
18950 4
18951 6
18952 5
18953 6
18954 5
18955 5
18956 4
18957 4
18958 6
18959 5
18960 4
18961 6
18962 5
18963 4
18964 6
18965 5
18966 6
18967 5
18968 4
18969 6
18970 5
18971 5
18972 4
18973 4
18974 6
18975 5
18976 4
18977 6
18978 5
18979 6
18980 5
18981 5
18982 6
18983 6
18984 6
18985 6
18986 6
18987 6
18988 6
18989 6
18990 6
18991 6
18992 6
18993 6
18994 6
18995 6
18996 6
18997 6
18998 6
18999 6
19000 6
19001 6
19002 6
19003 6
19004 6
19005 6
19006 6
19007 6
19008 6
19009 6
19010 6
19011 6
19012 6
19013 6
19014 6
19015 6
19016 6
19017 6
19018 6
19019 6
19020 6
19021 6
19022 6
19023 6
19024 6
19025 6
19026 6
19027 6
19028 6
19029 6
19030 6
19031 6
19032 6
19033 6
19034 6
19035 4
19036 4
19037 4
19038 4
19039 4
19040 4
19041 4
19042 4
19043 4
19044 4
19045 4
19046 4
19047 4
19048 4
19049 4
19050 4
19051 4
19052 4
19053 4
19054 6
19055 4
19056 4
19057 4
19058 4
19059 4
19060 4
19061 4
19062 4
19063 4
19064 4
19065 4
19066 4
19067 4
19068 4
19069 4
19070 4
19071 4
19072 4
19073 4
19074 4
19075 4
19076 4
19077 4
19078 4
19079 4
19080 4
19081 4
19082 4
19083 4
19084 4
19085 4
19086 4
19087 4
19088 4
19089 4
19090 4
19091 4
19092 4
19093 4
19094 4
19095 4
19096 4
19097 4
19098 4
19099 4
19100 4
19101 4
19102 4
19103 4
19104 4
19105 4
19106 4
19107 4
19108 4
19109 4
19110 4
19111 4
19112 4
19113 4
19114 4
19115 4
19116 4
19117 4
19118 6
19119 4
19120 4
19121 4
19122 4
19123 4
19124 4
19125 4
19126 4
19127 4
19128 4
19129 4
19130 4
19131 4
19132 4
19133 4
19134 4
19135 4
19136 4
19137 4
19138 4
19139 4
19140 4
19141 4
19142 4
19143 4
19144 4
19145 4
19146 4
19147 4
19148 4
19149 4
19150 4
19151 4
19152 4
19153 4
19154 4
19155 4
19156 4
19157 4
19158 4
19159 4
19160 4
19161 4
19162 4
19163 4
19164 4
19165 4
19166 4
19167 4
19168 4
19169 4
19170 4
19171 4
19172 4
19173 4
19174 4
19175 4
19176 4
19177 6
19178 4
19179 4
19180 4
19181 4
19182 4
19183 4
19184 4
19185 4
19186 4
19187 4
19188 4
19189 4
19190 4
19191 4
19192 4
19193 4
19194 4
19195 4
19196 4
19197 4
19198 4
19199 4
19200 4
19201 4
19202 4
19203 4
19204 4
19205 4
19206 4
19207 4
19208 4
19209 4
19210 4
19211 4
19212 4
19213 4
19214 4
19215 4
19216 4
19217 4
19218 4
19219 4
19220 6
19221 4
19222 4
19223 4
19224 4
19225 4
19226 4
19227 4
19228 4
19229 4
19230 4
19231 4
19232 4
19233 4
19234 4
19235 4
19236 4
19237 4
19238 4
19239 4
19240 4
19241 4
19242 4
19243 4
19244 4
19245 4
19246 4
19247 4
19248 4
19249 4
19250 4
19251 4
19252 4
19253 6
19254 4
19255 4
19256 4
19257 4
19258 6
19259 6
19260 6
19261 6
19262 6
19263 6
19264 6
19265 6
19266 6
19267 6
19268 6
19269 6
19270 6
19271 6
19272 6
19273 6
19274 5
19275 4
19276 6
19277 6
19278 5
19279 6
19280 5
19281 6
19282 5
19283 6
19284 5
19285 6
19286 5
19287 6
19288 6
19289 5
19290 6
19291 5
19292 6
19293 5
19294 6
19295 5
19296 6
19297 5
19298 6
19299 5
19300 6
19301 6
19302 5
19303 6
19304 5
19305 6
19306 5
19307 6
19308 5
19309 6
19310 5
19311 4
19312 6
19313 5
19314 6
19315 5
19316 6
19317 5
19318 6
19319 6
19320 5
19321 6
19322 5
19323 6
19324 5
19325 6
19326 5
19327 6
19328 5
19329 6
19330 5
19331 6
19332 5
19333 6
19334 5
19335 6
19336 5
19337 6
19338 5
19339 6
19340 5
19341 6
19342 5
19343 4
19344 6
19345 5
19346 6
19347 6
19348 5
19349 6
19350 5
19351 6
19352 5
19353 6
19354 5
19355 6
19356 5
19357 6
19358 5
19359 6
19360 5
19361 6
19362 5
19363 6
19364 5
19365 6
19366 5
19367 6
19368 5
19369 6
19370 5
19371 4
19372 6
19373 5
19374 6
19375 5
19376 6
19377 5
19378 6
19379 5
19380 6
19381 5
19382 6
19383 5
19384 6
19385 5
19386 4
19387 4
19388 4
19389 4
19390 4
19391 4
19392 8
19393 2
19394 2
19395 2
19396 2
19397 2
19398 2
19399 2
19400 2
19401 2
19402 2
19403 2
19404 2
19405 2
19406 2
19407 2
19408 2
19409 2
19410 2
19411 2
19412 2
19413 2
19414 2
19415 2
19416 2
19417 2
19418 2
19419 2
19420 2
19421 2
19422 2
19423 0
19424 0
19425 0
19426 0
19427 0
19428 0
19429 0
19430 0
19431 0
19432 0
19433 0
19434 0
19435 0
19436 0
19437 0
19438 5
19439 5
19440 5
19441 0
19442 0
19443 0
19444 0
19445 0
19446 0
19447 0
19448 0
19449 0
19450 0
19451 0
19452 0
19453 0
19454 0
19455 0
19456 0
19457 0
19458 0
19459 0
19460 0
19461 0
19462 0
19463 0
19464 0
19465 0
19466 0
19467 6
19468 6
19469 5
19470 6
19471 5
19472 6
19473 5
19474 6
19475 5
19476 0
19477 6
19478 5
19479 6
19480 5
19481 6
19482 5
19483 6
19484 6
19485 5
19486 6
19487 5
19488 6
19489 5
19490 6
19491 5
19492 6
19493 5
19494 0
19495 6
19496 5
19497 6
19498 5
19499 6
19500 5
19501 6
19502 6
19503 5
19504 6
19505 5
19506 6
19507 5
19508 6
19509 5
19510 0
19511 6
19512 5
19513 6
19514 5
19515 6
19516 5
19517 6
19518 5
19519 6
19520 5
19521 6
19522 5
19523 0
19524 6
19525 5
19526 6
19527 5
19528 6
19529 5
19530 6
19531 6
19532 5
19533 6
19534 5
19535 6
19536 5
19537 0
19538 6
19539 5
19540 6
19541 5
19542 6
19543 5
19544 6
19545 5
19546 6
19547 5
19548 0
19549 6
19550 5
19551 6
19552 5
19553 6
19554 5
19555 6
19556 5
19557 6
19558 5
19559 0
19560 6
19561 5
19562 6
19563 5
19564 6
19565 5
19566 6
19567 5
19568 6
19569 5
19570 0
19571 6
19572 5
19573 6
19574 5
19575 6
19576 5
19577 6
19578 5
19579 6
19580 5
19581 0
19582 6
19583 5
19584 6
19585 5
19586 6
19587 5
19588 5
19589 0
19590 6
19591 5
19592 6
19593 5
19594 6
19595 5
19596 6
19597 5
19598 6
19599 5
19600 0
19601 6
19602 5
19603 6
19604 5
19605 6
19606 5
19607 6
19608 5
19609 0
19610 6
19611 5
19612 6
19613 5
19614 6
19615 5
19616 5
19617 0
19618 6
19619 5
19620 6
19621 5
19622 6
19623 5
19624 6
19625 5
19626 0
19627 6
19628 5
19629 6
19630 5
19631 6
19632 5
19633 5
19634 0
19635 6
19636 5
19637 6
19638 5
19639 6
19640 5
19641 0
19642 6
19643 5
19644 6
19645 5
19646 6
19647 5
19648 5
19649 0
19650 6
19651 5
19652 6
19653 5
19654 6
19655 5
19656 0
19657 6
19658 5
19659 6
19660 5
19661 5
19662 0
19663 6
19664 5
19665 6
19666 5
19667 6
19668 5
19669 0
19670 6
19671 5
19672 5
19673 6
19674 5
19675 0
19676 6
19677 5
19678 6
19679 5
19680 6
19681 5
19682 5
19683 6
19684 6
19685 6
19686 6
19687 6
19688 6
19689 6
19690 6
19691 6
19692 6
19693 6
19694 6
19695 6
19696 6
19697 6
19698 6
19699 6
19700 6
19701 6
19702 6
19703 6
19704 6
19705 6
19706 0
19707 0
19708 0
19709 0
19710 0
19711 0
19712 0
19713 0
19714 0
19715 0
19716 0
19717 0
19718 0
19719 0
19720 0
19721 0
19722 0
19723 0
19724 0
19725 0
19726 0
19727 0
19728 0
19729 0
19730 0
19731 0
19732 0
19733 0
19734 0
19735 0
19736 0
19737 0
19738 0
19739 0
19740 0
19741 0
19742 0
19743 0
19744 0
19745 0
19746 0
19747 0
19748 0
19749 0
19750 0
19751 0
19752 0
19753 0
19754 0
19755 0
19756 0
19757 0
19758 0
19759 0
19760 0
19761 0
19762 0
19763 0
19764 0
19765 0
19766 0
19767 0
19768 0
19769 0
19770 0
19771 0
19772 0
19773 0
19774 0
19775 0
19776 0
19777 0
19778 0
19779 0
19780 0
19781 0
19782 0
19783 0
19784 0
19785 0
19786 0
19787 0
19788 0
19789 0
19790 0
19791 0
19792 0
19793 0
19794 0
19795 0
19796 0
19797 0
19798 0
19799 0
19800 0
19801 0
19802 0
19803 0
19804 0
19805 0
19806 0
19807 0
19808 0
19809 0
19810 0
19811 0
19812 0
19813 0
19814 0
19815 0
19816 0
19817 0
19818 0
19819 0
19820 0
19821 0
19822 0
19823 0
19824 0
19825 0
19826 0
19827 0
19828 0
19829 0
19830 0
19831 0
19832 0
19833 0
19834 0
19835 0
19836 0
19837 0
19838 0
19839 0
19840 0
19841 0
19842 0
19843 0
19844 0
19845 0
19846 0
19847 0
19848 0
19849 0
19850 0
19851 0
19852 0
19853 0
19854 0
19855 0
19856 0
19857 0
19858 0
19859 0
19860 0
19861 0
19862 0
19863 0
19864 0
19865 0
19866 0
19867 0
19868 0
19869 0
19870 0
19871 0
19872 0
19873 0
19874 0
19875 0
19876 0
19877 0
19878 0
19879 0
19880 0
19881 0
19882 0
19883 0
19884 0
19885 0
19886 0
19887 0
19888 0
19889 0
19890 0
19891 0
19892 0
19893 0
19894 0
19895 0
19896 0
19897 0
19898 0
19899 0
19900 0
19901 0
19902 0
19903 0
19904 0
19905 0
19906 0
19907 0
19908 0
19909 0
19910 0
19911 0
19912 0
19913 0
19914 0
19915 0
19916 0
19917 0
19918 0
19919 0
19920 0
19921 0
19922 0
19923 0
19924 0
19925 0
19926 0
19927 0
19928 0
19929 0
19930 0
19931 0
19932 0
19933 0
19934 0
19935 0
19936 0
19937 0
19938 0
19939 0
19940 0
19941 0
19942 0
19943 0
19944 0
19945 0
19946 0
19947 0
19948 0
19949 0
19950 0
19951 0
19952 0
19953 0
19954 0
19955 0
19956 0
19957 0
19958 0
19959 0
19960 0
19961 0
19962 0
19963 0
19964 0
19965 0
19966 0
19967 0
19968 0
19969 0
19970 0
19971 0
19972 0
19973 0
19974 0
19975 0
19976 0
19977 0
19978 0
19979 0
19980 0
19981 6
19982 6
19983 6
19984 6
19985 6
19986 6
19987 6
19988 0
19989 6
19990 6
19991 6
19992 6
19993 6
19994 7
19995 7
19996 7
19997 7
19998 7
19999 0
20000 7
20001 7
20002 7
20003 7
20004 7
20005 7
20006 7
20007 7
20008 7
20009 7
20010 0
20011 7
20012 5
20013 7
20014 7
20015 5
20016 7
20017 7
20018 7
20019 5
20020 7
20021 0
20022 7
20023 5
20024 7
20025 7
20026 5
20027 7
20028 7
20029 7
20030 5
20031 0
20032 7
20033 7
20034 5
20035 7
20036 7
20037 5
20038 7
20039 7
20040 5
20041 0
20042 7
20043 7
20044 7
20045 5
20046 7
20047 7
20048 5
20049 0
20050 7
20051 7
20052 5
20053 7
20054 7
20055 7
20056 5
20057 0
20058 7
20059 7
20060 5
20061 7
20062 7
20063 5
20064 0
20065 7
20066 7
20067 7
20068 5
20069 7
20070 7
20071 5
20072 0
20073 7
20074 7
20075 5
20076 7
20077 7
20078 5
20079 0
20080 7
20081 7
20082 7
20083 5
20084 7
20085 0
20086 7
20087 5
20088 7
20089 7
20090 5
20091 7
20092 0
20093 6
20094 5
20095 6
20096 5
20097 6
20098 5
20099 0
20100 6
20101 5
20102 6
20103 5
20104 0
20105 6
20106 5
20107 6
20108 5
20109 6
20110 0
20111 6
20112 5
20113 6
20114 5
20115 6
20116 5
20117 0
20118 6
20119 5
20120 6
20121 5
20122 0
20123 6
20124 5
20125 6
20126 5
20127 6
20128 5
20129 0
20130 6
20131 5
20132 6
20133 5
20134 0
20135 6
20136 5
20137 6
20138 5
20139 0
20140 6
20141 5
20142 6
20143 5
20144 0
20145 6
20146 5
20147 6
20148 5
20149 0
20150 6
20151 5
20152 6
20153 5
20154 0
20155 6
20156 5
20157 6
20158 5
20159 0
20160 6
20161 5
20162 6
20163 5
20164 0
20165 6
20166 5
20167 6
20168 7
20169 5
20170 5
20171 0
20172 6
20173 5
20174 0
20175 6
20176 5
20177 6
20178 5
20179 0
20180 6
20181 5
20182 6
20183 5
20184 0
20185 6
20186 5
20187 6
20188 5
20189 0
20190 6
20191 5
20192 0
20193 6
20194 5
20195 6
20196 5
20197 0
20198 6
20199 5
20200 6
20201 5
20202 5
20203 0
20204 6
20205 5
20206 0
20207 6
20208 5
20209 0
20210 6
20211 5
20212 6
20213 5
20214 0
20215 6
20216 5
20217 7
20218 5
20219 0
20220 6
20221 5
20222 0
20223 6
20224 5
20225 6
20226 5
20227 0
20228 6
20229 5
20230 0
20231 6
20232 5
20233 5
20234 0
20235 6
20236 5
20237 0
20238 6
20239 5
20240 6
20241 5
20242 0
20243 6
20244 5
20245 0
20246 6
20247 5
20248 0
20249 6
20250 5
20251 5
20252 0
20253 6
20254 5
20255 6
20256 5
20257 0
20258 6
20259 5
20260 0
20261 6
20262 5
20263 5
20264 0
20265 6
20266 5
20267 0
20268 6
20269 5
20270 0
20271 6
20272 5
20273 0
20274 6
20275 5
20276 5
20277 0
20278 6
20279 5
20280 0
20281 6
20282 5
20283 0
20284 6
20285 5
20286 0
20287 6
20288 5
20289 5
20290 0
20291 6
20292 5
20293 0
20294 6
20295 5
20296 0
20297 6
20298 5
20299 5
20300 0
20301 6
20302 5
20303 0
20304 6
20305 5
20306 0
20307 6
20308 5
20309 5
20310 0
20311 0
20312 6
20313 5
20314 0
20315 6
20316 5
20317 0
20318 6
20319 5
20320 5
20321 0
20322 0
20323 6
20324 5
20325 0
20326 6
20327 5
20328 5
20329 0
20330 7
20331 0
20332 6
20333 5
20334 5
20335 0
20336 0
20337 6
20338 5
20339 0
20340 6
20341 5
20342 5
20343 0
20344 0
20345 6
20346 5
20347 0
20348 7
20349 5
20350 0
20351 0
20352 6
20353 5
20354 0
20355 7
20356 5
20357 0
20358 0
20359 6
20360 5
20361 0
20362 7
20363 5
20364 0
20365 0
20366 6
20367 6
20368 6
20369 6
20370 6
20371 6
20372 6
20373 6
20374 6
20375 6
20376 6
20377 6
20378 0
20379 0
20380 0
20381 0
20382 0
20383 0
20384 0
20385 0
20386 0
20387 0
20388 0
20389 0
20390 0
20391 0
20392 0
20393 0
20394 0
20395 0
20396 0
20397 0
20398 0
20399 0
20400 0
20401 0
20402 0
20403 0
20404 0
20405 0
20406 6
20407 6
20408 6
20409 6
20410 6
20411 6
20412 6
20413 6
20414 6
20415 6
20416 6
20417 6
20418 6
20419 6
20420 6
20421 6
20422 6
20423 6
20424 6
20425 6
20426 6
20427 5
20428 0
20429 6
20430 5
20431 6
20432 5
20433 6
20434 5
20435 6
20436 5
20437 6
20438 6
20439 5
20440 6
20441 5
20442 6
20443 5
20444 6
20445 5
20446 6
20447 5
20448 0
20449 6
20450 5
20451 6
20452 5
20453 6
20454 5
20455 6
20456 6
20457 5
20458 6
20459 5
20460 6
20461 5
20462 6
20463 5
20464 6
20465 5
20466 6
20467 5
20468 0
20469 6
20470 5
20471 6
20472 5
20473 6
20474 5
20475 6
20476 6
20477 5
20478 6
20479 5
20480 6
20481 5
20482 6
20483 5
20484 6
20485 5
20486 6
20487 5
20488 0
20489 6
20490 5
20491 6
20492 5
20493 6
20494 5
20495 6
20496 5
20497 6
20498 5
20499 6
20500 5
20501 6
20502 5
20503 6
20504 5
20505 0
20506 6
20507 5
20508 6
20509 5
20510 6
20511 5
20512 6
20513 5
20514 6
20515 5
20516 6
20517 5
20518 6
20519 5
20520 0
20521 6
20522 5
20523 6
20524 5
20525 6
20526 5
20527 6
20528 5
20529 6
20530 5
20531 6
20532 5
20533 6
20534 5
20535 6
20536 5
20537 0
20538 6
20539 5
20540 6
20541 5
20542 6
20543 5
20544 6
20545 5
20546 6
20547 5
20548 6
20549 5
20550 0
20551 6
20552 5
20553 6
20554 5
20555 6
20556 5
20557 6
20558 5
20559 6
20560 5
20561 6
20562 5
20563 6
20564 5
20565 0
20566 6
20567 5
20568 5
20569 6
20570 5
20571 6
20572 5
20573 6
20574 5
20575 6
20576 5
20577 0
20578 6
20579 5
20580 6
20581 5
20582 6
20583 5
20584 6
20585 5
20586 6
20587 5
20588 5
20589 6
20590 5
20591 0
20592 6
20593 5
20594 6
20595 5
20596 6
20597 5
20598 6
20599 5
20600 6
20601 5
20602 5
20603 0
20604 6
20605 5
20606 6
20607 5
20608 6
20609 5
20610 6
20611 5
20612 6
20613 5
20614 5
20615 0
20616 6
20617 5
20618 6
20619 5
20620 6
20621 5
20622 6
20623 5
20624 6
20625 5
20626 5
20627 0
20628 6
20629 5
20630 6
20631 5
20632 6
20633 5
20634 6
20635 5
20636 5
20637 0
20638 6
20639 5
20640 6
20641 5
20642 6
20643 5
20644 5
20645 6
20646 5
20647 0
20648 6
20649 5
20650 6
20651 5
20652 5
20653 6
20654 5
20655 6
20656 5
20657 6
20658 5
20659 5
20660 0
20661 6
20662 5
20663 6
20664 5
20665 6
20666 5
20667 5
20668 0
20669 6
20670 5
20671 6
20672 5
20673 6
20674 5
20675 5
20676 6
20677 5
20678 0
20679 6
20680 5
20681 5
20682 6
20683 5
20684 6
20685 5
20686 6
20687 5
20688 5
20689 0
20690 6
20691 5
20692 6
20693 5
20694 5
20695 6
20696 5
20697 0
20698 6
20699 5
20700 5
20701 6
20702 5
20703 6
20704 5
20705 5
20706 6
20707 5
20708 0
20709 6
20710 5
20711 5
20712 6
20713 5
20714 6
20715 5
20716 5
20717 0
20718 6
20719 5
20720 6
20721 5
20722 5
20723 6
20724 5
20725 0
20726 6
20727 5
20728 5
20729 6
20730 5
20731 6
20732 5
20733 5
20734 0
20735 6
20736 5
20737 5
20738 6
20739 5
20740 6
20741 5
20742 5
20743 0
20744 6
20745 5
20746 5
20747 6
20748 5
20749 6
20750 5
20751 5
20752 0
20753 6
20754 5
20755 6
20756 5
20757 5
20758 6
20759 5
20760 5
20761 0
20762 6
20763 5
20764 5
20765 6
20766 5
20767 6
20768 5
20769 5
20770 0
20771 6
20772 5
20773 5
20774 6
20775 5
20776 6
20777 5
20778 5
20779 0
20780 6
20781 5
20782 5
20783 6
20784 5
20785 5
20786 0
20787 6
20788 5
20789 6
20790 5
20791 5
20792 6
20793 5
20794 5
20795 0
20796 6
20797 5
20798 5
20799 6
20800 5
20801 5
20802 6
20803 5
20804 5
20805 0
20806 6
20807 5
20808 6
20809 5
20810 5
20811 6
20812 5
20813 5
20814 0
20815 6
20816 5
20817 5
20818 6
20819 5
20820 5
20821 0
20822 6
20823 5
20824 5
20825 6
20826 5
20827 5
20828 0
20829 6
20830 5
20831 2
20832 2
20833 2
20834 2
20835 2
20836 2
20837 2
20838 2
20839 2
20840 2
20841 2
20842 2
20843 2
20844 2
20845 2
20846 2
20847 2
20848 2
20849 2
20850 2
20851 2
20852 2
20853 2
20854 2
20855 2
20856 2
20857 2
20858 2
20859 2
20860 2
20861 2
20862 5
20863 5
20864 5
20865 4
20866 4
20867 4
20868 4
20869 4
20870 4
20871 4
20872 4
20873 4
20874 4
20875 4
20876 4
20877 4
20878 4
20879 4
20880 4
20881 4
20882 4
20883 4
20884 4
20885 4
20886 4
20887 4
20888 4
20889 4
20890 4
20891 4
20892 4
20893 4
20894 4
20895 4
20896 4
20897 4
20898 4
20899 4
20900 4
20901 4
20902 4
20903 4
20904 4
20905 4
20906 4
20907 4
20908 4
20909 4
20910 4
20911 4
20912 4
20913 4
20914 4
20915 4
20916 4
20917 4
20918 4
20919 4
20920 4
20921 4
20922 4
20923 4
20924 4
20925 4
20926 4
20927 4
20928 4
20929 4
20930 4
20931 4
20932 4
20933 4
20934 4
20935 4
20936 4
20937 4
20938 4
20939 4
20940 4
20941 4
20942 4
20943 4
20944 4
20945 4
20946 4
20947 4
20948 4
20949 4
20950 4
20951 4
20952 4
20953 4
20954 4
20955 4
20956 4
20957 4
20958 4
20959 4
20960 4
20961 4
20962 4
20963 4
20964 4
20965 4
20966 4
20967 4
20968 4
20969 4
20970 4
20971 4
20972 4
20973 4
20974 4
20975 4
20976 4
20977 4
20978 4
20979 4
20980 4
20981 4
20982 4
20983 4
20984 4
20985 4
20986 4
20987 4
20988 4
20989 4
20990 4
20991 4
20992 4
20993 4
20994 4
20995 4
20996 4
20997 4
20998 4
20999 4
21000 4
21001 4
21002 4
21003 4
21004 4
21005 4
21006 4
21007 4
21008 4
21009 4
21010 4
21011 4
21012 4
21013 4
21014 4
21015 4
21016 4
21017 4
21018 4
21019 4
21020 4
21021 4
21022 4
21023 4
21024 4
21025 4
21026 4
21027 4
21028 4
21029 4
21030 4
21031 4
21032 4
21033 4
21034 4
21035 4
21036 4
21037 4
21038 4
21039 4
21040 4
21041 4
21042 4
21043 4
21044 4
21045 4
21046 4
21047 4
21048 4
21049 4
21050 4
21051 4
21052 4
21053 4
21054 4
21055 4
21056 4
21057 4
21058 4
21059 4
21060 4
21061 4
21062 4
21063 4
21064 4
21065 4
21066 4
21067 4
21068 4
21069 4
21070 4
21071 4
21072 4
21073 4
21074 4
21075 4
21076 4
21077 4
21078 4
21079 4
21080 4
21081 4
21082 4
21083 4
21084 4
21085 4
21086 4
21087 4
21088 4
21089 4
21090 4
21091 4
21092 4
21093 4
21094 4
21095 4
21096 4
21097 4
21098 4
21099 4
21100 4
21101 4
21102 4
21103 4
21104 4
21105 4
21106 4
21107 4
21108 4
21109 4
21110 4
21111 4
21112 4
21113 4
21114 6
21115 6
21116 5
21117 6
21118 5
21119 6
21120 5
21121 6
21122 5
21123 6
21124 5
21125 4
21126 6
21127 5
21128 6
21129 5
21130 6
21131 6
21132 5
21133 6
21134 5
21135 6
21136 5
21137 6
21138 5
21139 4
21140 6
21141 5
21142 6
21143 5
21144 6
21145 5
21146 6
21147 5
21148 6
21149 6
21150 5
21151 6
21152 5
21153 6
21154 5
21155 4
21156 6
21157 5
21158 6
21159 5
21160 6
21161 5
21162 6
21163 5
21164 6
21165 5
21166 4
21167 6
21168 5
21169 6
21170 5
21171 6
21172 5
21173 6
21174 5
21175 6
21176 5
21177 6
21178 5
21179 4
21180 6
21181 6
21182 5
21183 6
21184 5
21185 6
21186 5
21187 6
21188 5
21189 6
21190 5
21191 4
21192 6
21193 5
21194 6
21195 5
21196 6
21197 5
21198 6
21199 5
21200 6
21201 5
21202 4
21203 6
21204 5
21205 6
21206 5
21207 6
21208 5
21209 6
21210 5
21211 6
21212 5
21213 4
21214 6
21215 5
21216 6
21217 5
21218 6
21219 5
21220 6
21221 5
21222 4
21223 6
21224 5
21225 6
21226 5
21227 6
21228 5
21229 6
21230 5
21231 6
21232 5
21233 5
21234 4
21235 6
21236 5
21237 6
21238 5
21239 4
21240 6
21241 5
21242 6
21243 5
21244 6
21245 5
21246 6
21247 5
21248 6
21249 5
21250 4
21251 6
21252 5
21253 6
21254 5
21255 6
21256 5
21257 4
21258 6
21259 5
21260 6
21261 5
21262 5
21263 6
21264 5
21265 4
21266 6
21267 5
21268 6
21269 5
21270 6
21271 5
21272 4
21273 6
21274 5
21275 6
21276 5
21277 6
21278 5
21279 6
21280 5
21281 5
21282 4
21283 6
21284 5
21285 6
21286 5
21287 4
21288 6
21289 5
21290 6
21291 5
21292 6
21293 5
21294 4
21295 6
21296 5
21297 5
21298 6
21299 5
21300 4
21301 6
21302 5
21303 6
21304 5
21305 6
21306 5
21307 5
21308 4
21309 6
21310 5
21311 6
21312 5
21313 4
21314 6
21315 5
21316 6
21317 5
21318 6
21319 5
21320 5
21321 4
21322 6
21323 5
21324 4
21325 6
21326 5
21327 6
21328 5
21329 5
21330 4
21331 6
21332 5
21333 6
21334 5
21335 4
21336 6
21337 5
21338 6
21339 5
21340 5
21341 4
21342 6
21343 5
21344 6
21345 5
21346 4
21347 6
21348 5
21349 5
21350 4
21351 4
21352 4
21353 4
21354 4
21355 4
21356 4
21357 0
21358 4
21359 5
21360 0
21361 0
21362 0
21363 0
21364 0
21365 0
21366 0
21367 0
21368 0
21369 0
21370 0
21371 0
21372 0
21373 0
21374 0
21375 0
21376 0
21377 0
21378 0
21379 0
21380 0
21381 6
21382 5
21383 6
21384 5
21385 6
21386 5
21387 0
21388 6
21389 5
21390 6
21391 6
21392 5
21393 6
21394 5
21395 6
21396 5
21397 6
21398 5
21399 6
21400 5
21401 6
21402 5
21403 6
21404 5
21405 6
21406 5
21407 6
21408 6
21409 5
21410 6
21411 5
21412 6
21413 5
21414 6
21415 5
21416 6
21417 5
21418 0
21419 6
21420 5
21421 6
21422 5
21423 6
21424 5
21425 6
21426 5
21427 6
21428 6
21429 5
21430 6
21431 5
21432 6
21433 5
21434 6
21435 5
21436 6
21437 5
21438 6
21439 5
21440 6
21441 5
21442 6
21443 5
21444 0
21445 6
21446 5
21447 6
21448 5
21449 6
21450 6
21451 6
21452 6
21453 6
21454 6
21455 6
21456 6
21457 6
21458 6
21459 6
21460 6
21461 6
21462 6
21463 6
21464 6
21465 6
21466 6
21467 6
21468 6
21469 6
21470 6
21471 6
21472 6
21473 6
21474 6
21475 6
21476 6
21477 0
21478 0
21479 0
21480 0
21481 0
21482 0
21483 0
21484 0
21485 0
21486 0
21487 0
21488 0
21489 0
21490 0
21491 0
21492 0
21493 0
21494 0
21495 0
21496 0
21497 0
21498 0
21499 0
21500 0
21501 0
21502 0
21503 0
21504 0
21505 0
21506 0
21507 0
21508 0
21509 0
21510 0
21511 0
21512 0
21513 0
21514 0
21515 0
21516 0
21517 0
21518 0
21519 0
21520 0
21521 0
21522 0
21523 0
21524 0
21525 0
21526 0
21527 0
21528 0
21529 0
21530 0
21531 0
21532 0
21533 0
21534 0
21535 0
21536 0
21537 0
21538 0
21539 0
21540 0
21541 0
21542 0
21543 0
21544 0
21545 0
21546 0
21547 0
21548 0
21549 0
21550 0
21551 0
21552 0
21553 0
21554 0
21555 0
21556 0
21557 0
21558 0
21559 0
21560 0
21561 0
21562 0
21563 0
21564 0
21565 0
21566 0
21567 0
21568 0
21569 0
21570 0
21571 0
21572 0
21573 0
21574 0
21575 0
21576 0
21577 0
21578 0
21579 0
21580 0
21581 0
21582 0
21583 0
21584 0
21585 0
21586 0
21587 0
21588 0
21589 0
21590 0
21591 0
21592 0
21593 0
21594 0
21595 0
21596 0
21597 0
21598 0
21599 0
21600 0
21601 0
21602 0
21603 0
21604 0
21605 0
21606 0
21607 0
21608 0
21609 0
21610 0
21611 0
21612 0
21613 0
21614 0
21615 0
21616 0
21617 0
21618 0
21619 0
21620 0
21621 0
21622 0
21623 0
21624 0
21625 0
21626 0
21627 0
21628 0
21629 0
21630 0
21631 0
21632 0
21633 0
21634 0
21635 0
21636 0
21637 0
21638 0
21639 0
21640 0
21641 0
21642 0
21643 0
21644 0
21645 0
21646 0
21647 0
21648 0
21649 0
21650 0
21651 0
21652 0
21653 0
21654 0
21655 0
21656 0
21657 0
21658 0
21659 0
21660 0
21661 0
21662 0
21663 0
21664 0
21665 0
21666 0
21667 0
21668 0
21669 0
21670 0
21671 0
21672 0
21673 0
21674 0
21675 0
21676 0
21677 0
21678 0
21679 0
21680 0
21681 0
21682 0
21683 0
21684 0
21685 0
21686 0
21687 0
21688 0
21689 0
21690 0
21691 0
21692 0
21693 0
21694 0
21695 0
21696 0
21697 0
21698 0
21699 0
21700 0
21701 0
21702 0
21703 0
21704 0
21705 0
21706 0
21707 0
21708 0
21709 0
21710 0
21711 0
21712 0
21713 0
21714 0
21715 0
21716 0
21717 0
21718 0
21719 0
21720 0
21721 0
21722 0
21723 0
21724 0
21725 0
21726 0
21727 0
21728 0
21729 0
21730 0
21731 0
21732 0
21733 0
21734 0
21735 0
21736 0
21737 0
21738 0
21739 0
21740 0
21741 0
21742 0
21743 0
21744 0
21745 0
21746 0
21747 0
21748 0
21749 0
21750 0
21751 0
21752 0
21753 0
21754 0
21755 0
21756 0
21757 0
21758 0
21759 0
21760 0
21761 0
21762 0
21763 0
21764 0
21765 0
21766 0
21767 0
21768 0
21769 0
21770 0
21771 0
21772 0
21773 0
21774 0
21775 0
21776 0
21777 0
21778 0
21779 0
21780 0
21781 0
21782 0
21783 0
21784 0
21785 0
21786 0
21787 0
21788 0
21789 0
21790 0
21791 0
21792 0
21793 0
21794 0
21795 0
21796 0
21797 0
21798 0
21799 0
21800 0
21801 0
21802 6
21803 0
21804 6
21805 6
21806 6
21807 0
21808 6
21809 6
21810 6
21811 6
21812 0
21813 6
21814 6
21815 6
21816 0
21817 6
21818 6
21819 0
21820 6
21821 6
21822 6
21823 0
21824 6
21825 6
21826 0
21827 6
21828 6
21829 0
21830 6
21831 5
21832 6
21833 5
21834 0
21835 6
21836 5
21837 0
21838 6
21839 5
21840 6
21841 5
21842 0
21843 6
21844 0
21845 6
21846 5
21847 6
21848 5
21849 0
21850 6
21851 5
21852 0
21853 6
21854 5
21855 6
21856 5
21857 0
21858 6
21859 5
21860 0
21861 6
21862 5
21863 0
21864 6
21865 6
21866 5
21867 0
21868 6
21869 5
21870 0
21871 6
21872 5
21873 0
21874 6
21875 5
21876 0
21877 6
21878 5
21879 0
21880 6
21881 5
21882 0
21883 6
21884 5
21885 0
21886 6
21887 5
21888 0
21889 6
21890 6
21891 5
21892 0
21893 6
21894 5
21895 0
21896 6
21897 5
21898 0
21899 6
21900 5
21901 0
21902 0
21903 6
21904 5
21905 0
21906 6
21907 5
21908 0
21909 6
21910 5
21911 0
21912 6
21913 5
21914 0
21915 6
21916 5
21917 0
21918 6
21919 5
21920 0
21921 0
21922 6
21923 5
21924 0
21925 6
21926 5
21927 0
21928 0
21929 6
21930 5
21931 0
21932 6
21933 5
21934 0
21935 7
21936 0
21937 6
21938 5
21939 0
21940 0
21941 6
21942 5
21943 0
21944 7
21945 5
21946 0
21947 0
21948 6
21949 0
21950 6
21951 5
21952 0
21953 0
21954 6
21955 6
21956 6
21957 6
21958 6
21959 6
21960 6
21961 6
21962 6
21963 6
21964 6
21965 6
21966 6
21967 6
21968 6
21969 4
21970 4
21971 4
21972 4
21973 4
21974 4
21975 4
21976 4
21977 4
21978 4
21979 4
21980 4
21981 4
21982 4
21983 4
21984 4
21985 6
21986 4
21987 4
21988 4
21989 4
21990 4
21991 4
21992 4
21993 4
21994 4
21995 4
21996 4
21997 4
21998 4
21999 4
22000 4
22001 4
22002 4
22003 4
22004 4
22005 4
22006 4
22007 4
22008 4
22009 4
22010 4
22011 4
22012 4
22013 4
22014 4
22015 4
22016 4
22017 4
22018 4
22019 4
22020 4
22021 4
22022 4
22023 4
22024 4
22025 4
22026 4
22027 4
22028 4
22029 4
22030 4
22031 4
22032 4
22033 4
22034 4
22035 4
22036 4
22037 4
22038 4
22039 4
22040 4
22041 4
22042 4
22043 4
22044 4
22045 4
22046 4
22047 4
22048 4
22049 4
22050 4
22051 4
22052 4
22053 4
22054 4
22055 4
22056 4
22057 4
22058 4
22059 4
22060 4
22061 4
22062 4
22063 4
22064 4
22065 6
22066 4
22067 4
22068 4
22069 4
22070 4
22071 4
22072 4
22073 4
22074 4
22075 4
22076 4
22077 4
22078 4
22079 4
22080 4
22081 4
22082 4
22083 4
22084 4
22085 4
22086 4
22087 4
22088 4
22089 4
22090 4
22091 4
22092 4
22093 4
22094 4
22095 4
22096 4
22097 4
22098 4
22099 4
22100 4
22101 4
22102 4
22103 4
22104 4
22105 4
22106 4
22107 4
22108 4
22109 4
22110 4
22111 4
22112 4
22113 4
22114 4
22115 4
22116 4
22117 4
22118 4
22119 4
22120 4
22121 4
22122 4
22123 4
22124 4
22125 4
22126 4
22127 4
22128 4
22129 4
22130 4
22131 6
22132 4
22133 4
22134 4
22135 4
22136 4
22137 4
22138 4
22139 4
22140 4
22141 4
22142 4
22143 4
22144 4
22145 4
22146 4
22147 4
22148 4
22149 4
22150 4
22151 4
22152 4
22153 4
22154 4
22155 4
22156 4
22157 4
22158 4
22159 4
22160 4
22161 4
22162 4
22163 4
22164 4
22165 4
22166 4
22167 4
22168 4
22169 4
22170 4
22171 4
22172 4
22173 4
22174 6
22175 4
22176 4
22177 4
22178 4
22179 4
22180 4
22181 4
22182 4
22183 4
22184 4
22185 4
22186 4
22187 4
22188 4
22189 4
22190 4
22191 4
22192 4
22193 4
22194 4
22195 4
22196 4
22197 4
22198 4
22199 4
22200 4
22201 4
22202 4
22203 4
22204 4
22205 4
22206 4
22207 6
22208 4
22209 4
22210 4
22211 4
22212 4
22213 4
22214 4
22215 4
22216 4
22217 4
22218 4
22219 4
22220 4
22221 4
22222 4
22223 4
22224 4
22225 4
22226 4
22227 4
22228 4
22229 4
22230 4
22231 4
22232 6
22233 4
22234 4
22235 4
22236 4
22237 4
22238 4
22239 4
22240 4
22241 4
22242 4
22243 4
22244 4
22245 4
22246 4
22247 4
22248 4
22249 4
22250 4
22251 4
22252 4
22253 4
22254 4
22255 4
22256 4
22257 4
22258 4
22259 4
22260 4
22261 4
22262 4
22263 4
22264 4
22265 4
22266 4
22267 4
22268 4
22269 4
22270 4
22271 4
22272 4
22273 4
22274 4
22275 4
22276 4
22277 4
22278 4
22279 4
22280 4
22281 4
22282 4
22283 4
22284 4
22285 4
22286 4
22287 4
22288 4
22289 4
22290 4
22291 4
22292 4
22293 4
22294 4
22295 6
22296 6
22297 6
22298 4
22299 6
22300 6
22301 6
22302 6
22303 4
22304 6
22305 6
22306 6
22307 6
22308 4
22309 6
22310 6
22311 6
22312 5
22313 4
22314 6
22315 5
22316 6
22317 5
22318 4
22319 6
22320 5
22321 6
22322 5
22323 4
22324 6
22325 5
22326 6
22327 4
22328 2
22329 2
22330 2
22331 2
22332 2
22333 2
22334 2
22335 2
22336 2
22337 2
22338 2
22339 2
22340 2
22341 2
22342 2
22343 2
22344 2
22345 2
22346 2
22347 2
22348 2
22349 2
22350 2
22351 2
22352 2
22353 2
22354 2
22355 2
22356 2
22357 2
22358 2
22359 2
22360 2
22361 2
22362 2
22363 2
22364 2
22365 2
22366 2
22367 2
22368 2
22369 2
22370 2
22371 2
22372 2
22373 2
22374 2
22375 2
22376 2
22377 2
22378 2
22379 2
22380 2
22381 2
22382 2
22383 2
22384 2
22385 2
22386 2
22387 2
22388 2
22389 2
22390 2
22391 2
22392 2
22393 2
22394 2
22395 2
22396 2
22397 2
22398 2
22399 2
22400 2
22401 2
22402 2
22403 2
22404 2
22405 2
22406 2
22407 2
22408 2
22409 2
22410 2
22411 2
22412 2
22413 2
22414 2
22415 2
22416 2
22417 2
22418 2
22419 2
22420 2
22421 2
22422 2
22423 2
22424 2
22425 2
22426 2
22427 2
22428 2
22429 2
22430 2
22431 2
22432 2
22433 2
22434 2
22435 2
22436 2
22437 2
22438 2
22439 2
22440 2
22441 2
22442 2
22443 2
22444 2
22445 2
22446 2
22447 2
22448 2
22449 2
22450 2
22451 2
22452 2
22453 2
22454 2
22455 2
22456 2
22457 2
22458 2
22459 2
22460 2
22461 2
22462 2
22463 2
22464 2
22465 2
22466 2
22467 2
22468 2
22469 2
22470 2
22471 5
22472 5
22473 5
22474 5
22475 0
22476 0
22477 0
22478 0
22479 0
22480 0
22481 0
22482 0
22483 0
22484 0
22485 0
22486 0
22487 0
22488 0
22489 0
22490 0
22491 0
22492 6
22493 5
22494 6
22495 5
22496 6
22497 5
22498 0
22499 6
22500 6
22501 5
22502 6
22503 5
22504 6
22505 5
22506 6
22507 6
22508 5
22509 6
22510 5
22511 6
22512 5
22513 6
22514 5
22515 6
22516 6
22517 5
22518 6
22519 5
22520 6
22521 5
22522 6
22523 5
22524 6
22525 6
22526 5
22527 6
22528 5
22529 6
22530 5
22531 6
22532 5
22533 0
22534 6
22535 5
22536 6
22537 5
22538 6
22539 6
22540 5
22541 6
22542 5
22543 6
22544 5
22545 6
22546 5
22547 6
22548 5
22549 6
22550 5
22551 6
22552 5
22553 0
22554 6
22555 6
22556 5
22557 6
22558 5
22559 6
22560 5
22561 6
22562 5
22563 6
22564 5
22565 6
22566 5
22567 6
22568 5
22569 6
22570 5
22571 6
22572 5
22573 0
22574 6
22575 5
22576 6
22577 5
22578 6
22579 5
22580 6
22581 5
22582 6
22583 5
22584 6
22585 5
22586 0
22587 6
22588 5
22589 6
22590 5
22591 6
22592 5
22593 6
22594 5
22595 6
22596 5
22597 0
22598 6
22599 5
22600 6
22601 5
22602 6
22603 5
22604 6
22605 5
22606 6
22607 5
22608 0
22609 6
22610 5
22611 5
22612 6
22613 5
22614 0
22615 6
22616 5
22617 6
22618 5
22619 6
22620 5
22621 6
22622 5
22623 0
22624 6
22625 5
22626 5
22627 0
22628 6
22629 5
22630 6
22631 5
22632 6
22633 5
22634 6
22635 5
22636 5
22637 0
22638 0
22639 6
22640 5
22641 6
22642 5
22643 6
22644 5
22645 5
22646 0
22647 0
22648 6
22649 5
22650 6
22651 5
22652 6
22653 5
22654 5
22655 0
22656 0
22657 6
22658 5
22659 6
22660 5
22661 5
22662 0
22663 0
22664 6
22665 5
22666 6
22667 5
22668 5
22669 0
22670 0
22671 6
22672 5
22673 0
22674 6
22675 5
22676 5
22677 0
22678 0
22679 6
22680 5
22681 0
22682 6
22683 5
22684 5
22685 0
22686 2
22687 2
22688 2
22689 2
22690 2
22691 2
22692 2
22693 2
22694 2
22695 2
22696 2
22697 2
22698 2
22699 2
22700 2
22701 2
22702 2
22703 2
22704 2
22705 2
22706 2
22707 2
22708 2
22709 2
22710 2
22711 2
22712 2
22713 2
22714 5
22715 5
22716 5
22717 4
22718 4
22719 4
22720 4
22721 4
22722 4
22723 4
22724 4
22725 4
22726 4
22727 4
22728 4
22729 4
22730 4
22731 4
22732 4
22733 4
22734 4
22735 4
22736 4
22737 4
22738 4
22739 4
22740 4
22741 4
22742 4
22743 4
22744 4
22745 4
22746 4
22747 4
22748 4
22749 4
22750 4
22751 4
22752 4
22753 4
22754 4
22755 4
22756 4
22757 4
22758 4
22759 4
22760 4
22761 4
22762 4
22763 4
22764 4
22765 4
22766 4
22767 4
22768 4
22769 4
22770 4
22771 4
22772 4
22773 4
22774 4
22775 4
22776 4
22777 4
22778 4
22779 4
22780 4
22781 4
22782 4
22783 4
22784 4
22785 4
22786 4
22787 4
22788 4
22789 4
22790 4
22791 4
22792 4
22793 4
22794 4
22795 4
22796 4
22797 4
22798 4
22799 4
22800 4
22801 4
22802 4
22803 4
22804 4
22805 4
22806 4
22807 4
22808 4
22809 4
22810 4
22811 4
22812 4
22813 4
22814 4
22815 4
22816 4
22817 4
22818 4
22819 4
22820 4
22821 4
22822 4
22823 4
22824 4
22825 4
22826 4
22827 4
22828 4
22829 4
22830 4
22831 4
22832 4
22833 4
22834 4
22835 4
22836 4
22837 4
22838 4
22839 4
22840 4
22841 4
22842 4
22843 4
22844 4
22845 4
22846 4
22847 4
22848 4
22849 4
22850 4
22851 4
22852 4
22853 4
22854 4
22855 4
22856 4
22857 4
22858 4
22859 4
22860 4
22861 4
22862 4
22863 4
22864 4
22865 4
22866 4
22867 4
22868 4
22869 4
22870 4
22871 4
22872 4
22873 4
22874 4
22875 4
22876 4
22877 4
22878 4
22879 4
22880 4
22881 4
22882 4
22883 4
22884 4
22885 4
22886 4
22887 4
22888 4
22889 4
22890 4
22891 4
22892 4
22893 4
22894 4
22895 4
22896 4
22897 4
22898 4
22899 4
22900 4
22901 4
22902 4
22903 4
22904 4
22905 4
22906 4
22907 4
22908 4
22909 4
22910 8
22911 6
22912 6
22913 6
22914 6
22915 6
22916 6
22917 6
22918 6
22919 6
22920 6
22921 6
22922 6
22923 6
22924 6
22925 6
22926 6
22927 6
22928 6
22929 6
22930 6
22931 6
22932 6
22933 6
22934 6
22935 6
22936 6
22937 6
22938 6
22939 6
22940 6
22941 6
22942 6
22943 6
22944 6
22945 0
22946 0
22947 0
22948 0
22949 0
22950 0
22951 0
22952 0
22953 0
22954 0
22955 0
22956 0
22957 0
22958 0
22959 0
22960 0
22961 0
22962 0
22963 0
22964 0
22965 0
22966 0
22967 0
22968 0
22969 0
22970 0
22971 0
22972 0
22973 0
22974 0
22975 0
22976 0
22977 0
22978 0
22979 0
22980 0
22981 0
22982 0
22983 0
22984 0
22985 0
22986 0
22987 0
22988 0
22989 0
22990 0
22991 0
22992 0
22993 0
22994 0
22995 0
22996 0
22997 0
22998 0
22999 0
23000 0
23001 0
23002 0
23003 0
23004 0
23005 0
23006 0
23007 0
23008 0
23009 6
23010 0
23011 6
23012 6
23013 6
23014 6
23015 6
23016 6
23017 6
23018 0
23019 6
23020 6
23021 6
23022 6
23023 6
23024 6
23025 0
23026 6
23027 6
23028 6
23029 6
23030 6
23031 0
23032 6
23033 6
23034 6
23035 5
23036 6
23037 5
23038 6
23039 5
23040 0
23041 6
23042 5
23043 6
23044 5
23045 6
23046 6
23047 5
23048 0
23049 6
23050 5
23051 6
23052 5
23053 6
23054 5
23055 0
23056 6
23057 5
23058 6
23059 5
23060 6
23061 5
23062 6
23063 0
23064 6
23065 5
23066 6
23067 5
23068 6
23069 5
23070 0
23071 6
23072 5
23073 6
23074 5
23075 6
23076 5
23077 6
23078 5
23079 0
23080 6
23081 5
23082 6
23083 5
23084 6
23085 0
23086 6
23087 5
23088 6
23089 5
23090 6
23091 5
23092 0
23093 6
23094 5
23095 6
23096 5
23097 6
23098 5
23099 0
23100 6
23101 5
23102 6
23103 5
23104 6
23105 5
23106 0
23107 6
23108 5
23109 6
23110 5
23111 6
23112 5
23113 0
23114 6
23115 5
23116 6
23117 5
23118 0
23119 6
23120 5
23121 6
23122 6
23123 5
23124 0
23125 6
23126 5
23127 6
23128 5
23129 6
23130 5
23131 0
23132 6
23133 5
23134 6
23135 5
23136 0
23137 6
23138 5
23139 6
23140 5
23141 6
23142 5
23143 0
23144 6
23145 5
23146 6
23147 5
23148 0
23149 6
23150 5
23151 6
23152 5
23153 0
23154 6
23155 5
23156 6
23157 5
23158 6
23159 5
23160 5
23161 0
23162 6
23163 5
23164 6
23165 5
23166 0
23167 6
23168 5
23169 6
23170 5
23171 0
23172 6
23173 5
23174 6
23175 5
23176 0
23177 6
23178 5
23179 6
23180 5
23181 0
23182 6
23183 5
23184 6
23185 5
23186 0
23187 6
23188 5
23189 6
23190 5
23191 0
23192 6
23193 5
23194 6
23195 5
23196 5
23197 0
23198 6
23199 5
23200 0
23201 6
23202 5
23203 6
23204 5
23205 0
23206 6
23207 5
23208 6
23209 5
23210 0
23211 6
23212 5
23213 6
23214 5
23215 5
23216 0
23217 6
23218 5
23219 0
23220 6
23221 5
23222 6
23223 5
23224 0
23225 6
23226 5
23227 6
23228 5
23229 0
23230 6
23231 5
23232 5
23233 0
23234 6
23235 5
23236 6
23237 5
23238 0
23239 6
23240 5
23241 0
23242 6
23243 5
23244 6
23245 5
23246 5
23247 0
23248 6
23249 5
23250 0
23251 6
23252 5
23253 6
23254 5
23255 0
23256 6
23257 5
23258 5
23259 0
23260 6
23261 5
23262 6
23263 5
23264 0
23265 6
23266 5
23267 0
23268 6
23269 5
23270 5
23271 0
23272 6
23273 5
23274 6
23275 5
23276 0
23277 6
23278 6
23279 6
23280 6
23281 6
23282 6
23283 6
23284 6
23285 6
23286 6
23287 6
23288 6
23289 6
23290 6
23291 6
23292 6
23293 6
23294 6
23295 6
23296 6
23297 6
23298 6
23299 6
23300 6
23301 6
23302 6
23303 6
23304 6
23305 6
23306 6
23307 6
23308 6
23309 6
23310 6
23311 6
23312 6
23313 6
23314 6
23315 6
23316 6
23317 6
23318 6
23319 6
23320 6
23321 6
23322 6
23323 6
23324 6
23325 6
23326 6
23327 6
23328 6
23329 6
23330 6
23331 6
23332 6
23333 6
23334 6
23335 6
23336 6
23337 6
23338 6
23339 6
23340 6
23341 6
23342 6
23343 6
23344 6
23345 6
23346 6
23347 6
23348 6
23349 6
23350 6
23351 6
23352 6
23353 6
23354 6
23355 6
23356 6
23357 6
23358 6
23359 6
23360 6
23361 4
23362 4
23363 4
23364 4
23365 4
23366 4
23367 4
23368 4
23369 4
23370 4
23371 4
23372 4
23373 4
23374 4
23375 4
23376 4
23377 4
23378 4
23379 4
23380 4
23381 4
23382 4
23383 4
23384 4
23385 4
23386 4
23387 4
23388 6
23389 4
23390 4
23391 4
23392 4
23393 4
23394 4
23395 4
23396 4
23397 4
23398 4
23399 4
23400 4
23401 4
23402 4
23403 4
23404 4
23405 4
23406 4
23407 4
23408 4
23409 4
23410 4
23411 4
23412 4
23413 4
23414 4
23415 4
23416 4
23417 4
23418 4
23419 4
23420 4
23421 4
23422 4
23423 4
23424 4
23425 4
23426 4
23427 4
23428 4
23429 4
23430 4
23431 4
23432 4
23433 4
23434 4
23435 4
23436 4
23437 4
23438 4
23439 4
23440 4
23441 4
23442 4
23443 4
23444 4
23445 4
23446 6
23447 4
23448 4
23449 4
23450 4
23451 4
23452 4
23453 4
23454 4
23455 4
23456 4
23457 4
23458 4
23459 4
23460 4
23461 4
23462 4
23463 4
23464 4
23465 4
23466 4
23467 4
23468 4
23469 4
23470 4
23471 4
23472 4
23473 4
23474 4
23475 4
23476 4
23477 4
23478 4
23479 4
23480 4
23481 4
23482 4
23483 4
23484 4
23485 4
23486 4
23487 4
23488 4
23489 4
23490 4
23491 4
23492 4
23493 4
23494 4
23495 4
23496 4
23497 6
23498 4
23499 4
23500 4
23501 4
23502 4
23503 4
23504 4
23505 4
23506 4
23507 4
23508 4
23509 4
23510 4
23511 4
23512 4
23513 4
23514 4
23515 4
23516 4
23517 4
23518 4
23519 4
23520 4
23521 4
23522 4
23523 4
23524 4
23525 4
23526 4
23527 4
23528 4
23529 4
23530 4
23531 4
23532 4
23533 4
23534 4
23535 4
23536 4
23537 6
23538 4
23539 4
23540 4
23541 4
23542 4
23543 4
23544 4
23545 4
23546 4
23547 4
23548 4
23549 4
23550 4
23551 4
23552 4
23553 4
23554 4
23555 4
23556 4
23557 4
23558 4
23559 4
23560 4
23561 4
23562 4
23563 4
23564 4
23565 4
23566 4
23567 4
23568 6
23569 4
23570 4
23571 4
23572 4
23573 4
23574 4
23575 4
23576 4
23577 4
23578 4
23579 4
23580 4
23581 4
23582 4
23583 4
23584 4
23585 4
23586 4
23587 4
23588 4
23589 4
23590 4
23591 4
23592 4
23593 4
23594 6
23595 4
23596 4
23597 4
23598 4
23599 4
23600 4
23601 4
23602 4
23603 4
23604 4
23605 4
23606 4
23607 4
23608 4
23609 4
23610 4
23611 4
23612 4
23613 4
23614 4
23615 4
23616 6
23617 4
23618 4
23619 4
23620 4
23621 4
23622 4
23623 4
23624 4
23625 4
23626 4
23627 4
23628 4
23629 4
23630 4
23631 4
23632 4
23633 4
23634 4
23635 6
23636 4
23637 4
23638 4
23639 4
23640 4
23641 4
23642 4
23643 4
23644 4
23645 4
23646 4
23647 4
23648 4
23649 4
23650 4
23651 4
23652 4
23653 4
23654 4
23655 4
23656 4
23657 4
23658 4
23659 4
23660 4
23661 4
23662 4
23663 4
23664 4
23665 4
23666 4
23667 4
23668 4
23669 4
23670 4
23671 4
23672 4
23673 4
23674 4
23675 4
23676 4
23677 4
23678 4
23679 4
23680 4
23681 4
23682 4
23683 4
23684 4
23685 4
23686 4
23687 4
23688 4
23689 4
23690 4
23691 4
23692 4
23693 4
23694 4
23695 4
23696 4
23697 4
23698 4
23699 4
23700 4
23701 4
23702 4
23703 4
23704 4
23705 4
23706 4
23707 4
23708 4
23709 4
23710 4
23711 4
23712 4
23713 4
23714 4
23715 4
23716 4
23717 4
23718 4
23719 4
23720 4
23721 4
23722 4
23723 4
23724 4
23725 4
23726 4
23727 4
23728 4
23729 4
23730 4
23731 4
23732 4
23733 4
23734 4
23735 4
23736 4
23737 4
23738 4
23739 6
23740 6
23741 6
23742 6
23743 6
23744 6
23745 6
23746 6
23747 0
23748 0
23749 0
23750 4
23751 0
23752 6
23753 6
23754 6
23755 6
23756 0
23757 0
23758 0
23759 0
23760 0
23761 0
23762 0
23763 0
23764 0
23765 0
23766 0
23767 0
23768 0
23769 0
23770 0
23771 0
23772 0
23773 0
23774 0
23775 0
23776 0
23777 0
23778 0
23779 0
23780 0
23781 0
23782 0
23783 0
23784 0
23785 0
23786 0
23787 0
23788 0
23789 0
23790 0
23791 0
23792 0
23793 0
23794 0
23795 0
23796 0
23797 0
23798 0
23799 0
23800 0
23801 0
23802 0
23803 0
23804 0
23805 0
23806 0
23807 0
23808 0
23809 0
23810 0
23811 0
23812 0
23813 0
23814 0
23815 0
23816 0
23817 0
23818 0
23819 0
23820 0
23821 0
23822 0
23823 0
23824 0
23825 0
23826 0
23827 0
23828 0
23829 0
23830 0
23831 0
23832 0
23833 0
23834 0
23835 0
23836 0
23837 0
23838 0
23839 0
23840 0
23841 0
23842 0
23843 0
23844 0
23845 0
23846 0
23847 0
23848 0
23849 0
23850 0
23851 0
23852 0
23853 0
23854 0
23855 0
23856 0
23857 0
23858 0
23859 0
23860 0
23861 0
23862 0
23863 0
23864 0
23865 0
23866 0
23867 0
23868 0
23869 0
23870 0
23871 0
23872 0
23873 0
23874 0
23875 0
23876 0
23877 0
23878 0
23879 0
23880 0
23881 0
23882 0
23883 0
23884 0
23885 0
23886 0
23887 0
23888 0
23889 0
23890 0
23891 0
23892 0
23893 0
23894 0
23895 0
23896 0
23897 0
23898 0
23899 0
23900 0
23901 0
23902 0
23903 0
23904 0
23905 0
23906 0
23907 0
23908 0
23909 0
23910 0
23911 0
23912 0
23913 0
23914 0
23915 0
23916 0
23917 0
23918 0
23919 0
23920 0
23921 0
23922 0
23923 0
23924 0
23925 0
23926 0
23927 0
23928 0
23929 0
23930 0
23931 0
23932 0
23933 0
23934 0
23935 0
23936 0
23937 0
23938 0
23939 0
23940 0
23941 0
23942 0
23943 0
23944 0
23945 0
23946 0
23947 0
23948 0
23949 0
23950 0
23951 0
23952 0
23953 0
23954 0
23955 0
23956 0
23957 0
23958 0
23959 0
23960 0
23961 0
23962 0
23963 0
23964 0
23965 0
23966 0
23967 0
23968 0
23969 0
23970 0
23971 0
23972 0
23973 0
23974 0
23975 0
23976 0
23977 0
23978 0
23979 0
23980 0
23981 0
23982 0
23983 0
23984 0
23985 0
23986 0
23987 0
23988 0
23989 0
23990 0
23991 0
23992 0
23993 0
23994 0
23995 0
23996 0
23997 0
23998 0
23999 0
24000 0
24001 0
24002 0
24003 0
24004 0
24005 0
24006 0
24007 0
24008 0
24009 0
24010 0
24011 0
24012 0
24013 0
24014 0
24015 0
24016 0
24017 0
24018 0
24019 0
24020 0
24021 0
24022 0
24023 0
24024 0
24025 0
24026 0
24027 0
24028 0
24029 0
24030 0
24031 0
24032 0
24033 0
24034 0
24035 0
24036 0
24037 0
24038 0
24039 0
24040 0
24041 0
24042 0
24043 0
24044 0
24045 0
24046 0
24047 0
24048 0
24049 0
24050 0
24051 0
24052 0
24053 0
24054 0
24055 0
24056 0
24057 0
24058 0
24059 0
24060 0
24061 0
24062 0
24063 0
24064 0
24065 0
24066 0
24067 0
24068 0
24069 0
24070 0
24071 0
24072 0
24073 0
24074 0
24075 0
24076 0
24077 0
24078 0
24079 0
24080 0
24081 0
24082 0
24083 0
24084 0
24085 0
24086 0
24087 0
24088 0
24089 0
24090 0
24091 0
24092 0
24093 0
24094 0
24095 0
24096 0
24097 0
24098 0
24099 0
24100 0
24101 0
24102 0
24103 0
24104 0
24105 0
24106 0
24107 0
24108 0
24109 0
24110 0
24111 0
24112 0
24113 0
24114 0
24115 0
24116 0
24117 0
24118 0
24119 0
24120 0
24121 0
24122 0
24123 0
24124 0
24125 0
24126 0
24127 0
24128 0
24129 0
24130 0
24131 0
24132 0
24133 0
24134 0
24135 0
24136 0
24137 0
24138 0
24139 4
24140 0
24141 6
24142 6
24143 6
24144 6
24145 6
24146 6
24147 6
24148 6
24149 6
24150 6
24151 6
24152 6
24153 6
24154 6
24155 6
24156 6
24157 6
24158 6
24159 6
24160 6
24161 6
24162 6
24163 6
24164 6
24165 6
24166 6
24167 6
24168 6
24169 6
24170 6
24171 6
24172 6
24173 6
24174 6
24175 6
24176 6
24177 6
24178 6
24179 6
24180 6
24181 6
24182 6
24183 6
24184 6
24185 6
24186 6
24187 6
24188 6
24189 6
24190 6
24191 6
24192 6
24193 6
24194 6
24195 6
24196 6
24197 6
24198 6
24199 6
24200 6
24201 6
24202 6
24203 6
24204 6
24205 6
24206 6
24207 6
24208 6
24209 4
24210 4
24211 4
24212 4
24213 4
24214 4
24215 4
24216 4
24217 4
24218 4
24219 4
24220 6
24221 6
24222 6
24223 6
24224 6
24225 6
24226 6
24227 6
24228 6
24229 6
24230 4
24231 6
24232 6
24233 6
24234 6
24235 6
24236 6
24237 6
24238 6
24239 6
24240 6
24241 6
24242 6
24243 6
24244 6
24245 5
24246 6
24247 6
24248 5
24249 6
24250 5
24251 4
24252 6
24253 5
24254 6
24255 5
24256 6
24257 5
24258 6
24259 6
24260 5
24261 6
24262 5
24263 6
24264 5
24265 6
24266 5
24267 6
24268 5
24269 6
24270 5
24271 6
24272 6
24273 5
24274 6
24275 5
24276 6
24277 5
24278 6
24279 5
24280 6
24281 5
24282 6
24283 5
24284 6
24285 4
24286 6
24287 5
24288 6
24289 5
24290 6
24291 5
24292 6
24293 5
24294 6
24295 5
24296 6
24297 5
24298 6
24299 5
24300 6
24301 5
24302 6
24303 5
24304 6
24305 5
24306 6
24307 6
24308 5
24309 6
24310 5
24311 6
24312 5
24313 6
24314 5
24315 4
24316 6
24317 5
24318 6
24319 5
24320 6
24321 5
24322 6
24323 5
24324 6
24325 5
24326 6
24327 5
24328 6
24329 5
24330 6
24331 5
24332 6
24333 5
24334 6
24335 5
24336 6
24337 5
24338 6
24339 5
24340 6
24341 5
24342 6
24343 5
24344 4
24345 6
24346 5
24347 6
24348 5
24349 6
24350 5
24351 6
24352 5
24353 6
24354 5
24355 6
24356 5
24357 6
24358 5
24359 6
24360 5
24361 6
24362 5
24363 6
24364 5
24365 6
24366 5
24367 6
24368 5
24369 4
24370 6
24371 5
24372 6
24373 5
24374 5
24375 6
24376 5
24377 6
24378 5
24379 6
24380 5
24381 6
24382 5
24383 6
24384 5
24385 6
24386 5
24387 6
24388 5
24389 6
24390 5
24391 5
24392 6
24393 5
24394 4
24395 6
24396 5
24397 6
24398 5
24399 6
24400 5
24401 6
24402 5
24403 6
24404 5
24405 5
24406 6
24407 5
24408 6
24409 5
24410 6
24411 5
24412 6
24413 5
24414 6
24415 5
24416 5
24417 4
24418 6
24419 5
24420 6
24421 5
24422 6
24423 5
24424 6
24425 5
24426 5
24427 6
24428 5
24429 6
24430 5
24431 6
24432 5
24433 5
24434 6
24435 5
24436 6
24437 5
24438 4
24439 6
24440 5
24441 5
24442 6
24443 5
24444 6
24445 5
24446 6
24447 5
24448 5
24449 6
24450 5
24451 6
24452 5
24453 6
24454 5
24455 5
24456 6
24457 5
24458 6
24459 5
24460 5
24461 6
24462 5
24463 4
24464 6
24465 5
24466 5
24467 6
24468 5
24469 6
24470 5
24471 6
24472 5
24473 5
24474 6
24475 5
24476 6
24477 6
24478 6
24479 6
24480 6
24481 6
24482 6
24483 6
24484 6
24485 6
24486 6
24487 6
24488 6
24489 6
24490 6
24491 6
24492 6
24493 6
24494 6
24495 6
24496 6
24497 6
24498 6
24499 6
24500 4
24501 4
24502 4
24503 4
24504 4
24505 4
24506 4
24507 4
24508 4
24509 4
24510 4
24511 4
24512 4
24513 4
24514 4
24515 4
24516 4
24517 4
24518 4
24519 4
24520 4
24521 4
24522 4
24523 4
24524 4
24525 4
24526 4
24527 4
24528 4
24529 4
24530 4
24531 4
24532 6
24533 4
24534 4
24535 4
24536 4
24537 4
24538 4
24539 4
24540 4
24541 4
24542 4
24543 4
24544 4
24545 4
24546 4
24547 4
24548 4
24549 4
24550 4
24551 4
24552 4
24553 4
24554 4
24555 4
24556 4
24557 4
24558 4
24559 4
24560 4
24561 4
24562 4
24563 4
24564 4
24565 4
24566 4
24567 4
24568 4
24569 4
24570 4
24571 4
24572 4
24573 4
24574 4
24575 4
24576 4
24577 4
24578 4
24579 4
24580 4
24581 4
24582 4
24583 4
24584 4
24585 4
24586 4
24587 4
24588 4
24589 4
24590 4
24591 4
24592 4
24593 4
24594 4
24595 4
24596 4
24597 4
24598 4
24599 4
24600 4
24601 4
24602 4
24603 4
24604 4
24605 4
24606 4
24607 4
24608 4
24609 4
24610 4
24611 4
24612 4
24613 4
24614 4
24615 4
24616 4
24617 4
24618 4
24619 4
24620 4
24621 6
24622 4
24623 4
24624 4
24625 4
24626 4
24627 4
24628 4
24629 4
24630 4
24631 4
24632 4
24633 4
24634 4
24635 4
24636 4
24637 4
24638 4
24639 4
24640 4
24641 4
24642 4
24643 4
24644 4
24645 4
24646 4
24647 4
24648 4
24649 4
24650 4
24651 4
24652 4
24653 4
24654 4
24655 4
24656 4
24657 4
24658 4
24659 4
24660 4
24661 4
24662 4
24663 4
24664 4
24665 4
24666 4
24667 4
24668 4
24669 4
24670 4
24671 4
24672 4
24673 4
24674 4
24675 4
24676 4
24677 4
24678 4
24679 4
24680 4
24681 4
24682 6
24683 4
24684 4
24685 4
24686 4
24687 4
24688 4
24689 4
24690 4
24691 4
24692 4
24693 4
24694 4
24695 4
24696 4
24697 4
24698 4
24699 4
24700 4
24701 4
24702 4
24703 4
24704 4
24705 4
24706 4
24707 4
24708 4
24709 4
24710 4
24711 4
24712 4
24713 4
24714 4
24715 4
24716 4
24717 4
24718 4
24719 4
24720 4
24721 4
24722 6
24723 4
24724 4
24725 4
24726 4
24727 4
24728 4
24729 4
24730 4
24731 4
24732 4
24733 4
24734 4
24735 4
24736 4
24737 4
24738 4
24739 4
24740 4
24741 4
24742 4
24743 4
24744 4
24745 4
24746 4
24747 4
24748 4
24749 4
24750 4
24751 4
24752 6
24753 4
24754 4
24755 4
24756 4
24757 4
24758 4
24759 4
24760 4
24761 4
24762 4
24763 4
24764 4
24765 4
24766 4
24767 4
24768 4
24769 4
24770 4
24771 4
24772 4
24773 4
24774 4
24775 4
24776 4
24777 4
24778 4
24779 4
24780 4
24781 4
24782 4
24783 4
24784 4
24785 4
24786 4
24787 4
24788 4
24789 4
24790 4
24791 4
24792 6
24793 6
24794 6
24795 6
24796 6
24797 4
24798 6
24799 6
24800 6
24801 6
24802 6
24803 6
24804 4
24805 6
24806 6
24807 6
24808 6
24809 5
24810 4
24811 6
24812 5
24813 6
24814 6
24815 5
24816 6
24817 5
24818 4
24819 6
24820 5
24821 6
24822 5
24823 6
24824 5
24825 4
24826 6
24827 5
24828 6
24829 6
24830 5
24831 4
24832 6
24833 5
24834 6
24835 5
24836 6
24837 5
24838 4
24839 6
24840 5
24841 6
24842 5
24843 4
24844 6
24845 5
24846 6
24847 5
24848 6
24849 4
24850 6
24851 5
24852 6
24853 5
24854 6
24855 5
24856 4
24857 6
24858 5
24859 6
24860 5
24861 4
24862 6
24863 5
24864 6
24865 5
24866 6
24867 5
24868 4
24869 6
24870 5
24871 6
24872 5
24873 4
24874 6
24875 5
24876 6
24877 6
24878 5
24879 4
24880 6
24881 5
24882 6
24883 5
24884 4
24885 6
24886 5
24887 6
24888 5
24889 4
24890 6
24891 5
24892 6
24893 5
24894 4
24895 6
24896 5
24897 6
24898 5
24899 4
24900 6
24901 5
24902 6
24903 5
24904 4
24905 6
24906 5
24907 6
24908 5
24909 4
24910 6
24911 5
24912 6
24913 5
24914 4
24915 6
24916 5
24917 6
24918 5
24919 4
24920 6
24921 5
24922 4
24923 6
24924 5
24925 6
24926 5
24927 4
24928 6
24929 5
24930 6
24931 5
24932 4
24933 6
24934 5
24935 6
24936 5
24937 4
24938 6
24939 5
24940 4
24941 6
24942 5
24943 6
24944 5
24945 4
24946 6
24947 5
24948 6
24949 5
24950 4
24951 6
24952 5
24953 4
24954 6
24955 5
24956 6
24957 5
24958 4
24959 6
24960 5
24961 4
24962 6
24963 5
24964 5
24965 4
24966 6
24967 5
24968 6
24969 5
24970 4
24971 6
24972 5
24973 4
24974 6
24975 5
24976 4
24977 6
24978 5
24979 6
24980 5
24981 4
24982 6
24983 5
24984 4
24985 6
24986 5
24987 4
24988 6
24989 5
24990 6
24991 5
24992 5
24993 4
24994 6
24995 5
24996 4
24997 6
24998 5
24999 4
25000 6
25001 5
25002 4
25003 6
25004 5
25005 4
25006 6
25007 5
25008 4
25009 6
25010 5
25011 5
25012 4
25013 6
25014 5
25015 4
25016 6
25017 5
25018 4
25019 6
25020 5
25021 4
25022 6
25023 5
25024 6
25025 5
25026 4
25027 6
25028 5
25029 5
25030 4
25031 4
25032 6
25033 5
25034 4
25035 6
25036 5
25037 4
25038 6
25039 5
25040 4
25041 6
25042 5
25043 5
25044 4
25045 6
25046 5
25047 4
25048 6
25049 5
25050 4
25051 4
25052 6
25053 5
25054 4
25055 6
25056 5
25057 5
25058 4
25059 6
25060 5
25061 4
25062 6
25063 5
25064 4
25065 4
25066 6
25067 5
25068 4
25069 6
25070 5
25071 5
25072 4
25073 4
25074 6
25075 5
25076 4
25077 6
25078 5
25079 4
25080 4
25081 6
25082 5
25083 5
25084 4
25085 6
25086 6
25087 6
25088 6
25089 6
25090 6
25091 6
25092 6
25093 6
25094 6
25095 6
25096 6
25097 6
25098 6
25099 6
25100 6
25101 6
25102 6
25103 6
25104 6
25105 6
25106 6
25107 6
25108 6
25109 6
25110 6
25111 6
25112 6
25113 6
25114 6
25115 6
25116 6
25117 6
25118 6
25119 6
25120 6
25121 6
25122 6
25123 6
25124 6
25125 6
25126 6
25127 6
25128 6
25129 6
25130 6
25131 6
25132 6
25133 6
25134 6
25135 6
25136 6
25137 6
25138 6
25139 6
25140 6
25141 6
25142 6
25143 6
25144 6
25145 6
25146 6
25147 6
25148 6
25149 6
25150 6
25151 6
25152 6
25153 6
25154 6
25155 4
25156 4
25157 4
25158 4
25159 4
25160 4
25161 4
25162 4
25163 4
25164 4
25165 4
25166 4
25167 4
25168 4
25169 4
25170 4
25171 4
25172 4
25173 4
25174 4
25175 4
25176 4
25177 6
25178 4
25179 4
25180 4
25181 4
25182 4
25183 4
25184 4
25185 4
25186 4
25187 4
25188 4
25189 4
25190 4
25191 4
25192 4
25193 4
25194 4
25195 4
25196 4
25197 4
25198 4
25199 4
25200 4
25201 4
25202 4
25203 4
25204 4
25205 4
25206 4
25207 4
25208 4
25209 4
25210 4
25211 4
25212 4
25213 4
25214 4
25215 4
25216 4
25217 4
25218 4
25219 4
25220 4
25221 4
25222 4
25223 4
25224 4
25225 4
25226 4
25227 4
25228 4
25229 4
25230 4
25231 6
25232 4
25233 4
25234 4
25235 4
25236 4
25237 4
25238 4
25239 4
25240 4
25241 4
25242 4
25243 4
25244 4
25245 4
25246 4
25247 4
25248 4
25249 4
25250 4
25251 4
25252 4
25253 4
25254 4
25255 4
25256 4
25257 4
25258 4
25259 4
25260 4
25261 4
25262 4
25263 4
25264 4
25265 4
25266 4
25267 4
25268 4
25269 4
25270 4
25271 4
25272 4
25273 4
25274 4
25275 4
25276 4
25277 4
25278 4
25279 4
25280 4
25281 4
25282 6
25283 4
25284 4
25285 4
25286 4
25287 4
25288 4
25289 4
25290 4
25291 4
25292 4
25293 4
25294 4
25295 4
25296 4
25297 4
25298 4
25299 4
25300 4
25301 4
25302 6
25303 4
25304 6
25305 4
25306 6
25307 4
25308 6
25309 4
25310 6
25311 4
25312 6
25313 4
25314 4
25315 6
25316 4
25317 6
25318 4
25319 6
25320 4
25321 4
25322 6
25323 4
25324 6
25325 4
25326 4
25327 6
25328 4
25329 6
25330 4
25331 4
25332 6
25333 4
25334 4
25335 4
25336 4
25337 4
25338 4
25339 4
25340 4
25341 4
25342 4
25343 4
25344 4
25345 4
25346 4
25347 4
25348 4
25349 4
25350 4
25351 4
25352 4
25353 4
25354 4
25355 4
25356 4
25357 4
25358 4
25359 4
25360 4
25361 4
25362 4
25363 4
25364 4
25365 4
25366 4
25367 4
25368 4
25369 4
25370 4
25371 4
25372 4
25373 4
25374 4
25375 4
25376 4
25377 4
25378 4
25379 4
25380 4
25381 4
25382 4
25383 4
25384 4
25385 4
25386 4
25387 4
25388 4
25389 4
25390 4
25391 4
25392 4
25393 4
25394 4
25395 4
25396 4
25397 4
25398 4
25399 4
25400 4
25401 4
25402 4
25403 4
25404 4
25405 4
25406 4
25407 4
25408 4
25409 4
25410 4
25411 4
25412 4
25413 4
25414 4
25415 4
25416 4
25417 4
25418 4
25419 4
25420 4
25421 4
25422 4
25423 4
25424 4
25425 4
25426 4
25427 4
25428 4
25429 4
25430 4
25431 4
25432 4
25433 4
25434 4
25435 4
25436 4
25437 4
25438 4
25439 4
25440 0
25441 4
25442 6
25443 6
25444 6
25445 6
25446 6
25447 6
25448 6
25449 6
25450 6
25451 6
25452 6
25453 6
25454 6
25455 6
25456 6
25457 6
25458 6
25459 6
25460 6
25461 6
25462 6
25463 6
25464 6
25465 6
25466 6
25467 6
25468 6
25469 6
25470 6
25471 6
25472 6
25473 6
25474 6
25475 6
25476 6
25477 6
25478 6
25479 6
25480 6
25481 6
25482 6
25483 6
25484 6
25485 6
25486 6
25487 6
25488 6
25489 6
25490 6
25491 6
25492 6
25493 6
25494 6
25495 6
25496 6
25497 6
25498 6
25499 6
25500 6
25501 6
25502 6
25503 6
25504 6
25505 6
25506 6
25507 6
25508 6
25509 6
25510 6
25511 6
25512 6
25513 6
25514 6
25515 6
25516 6
25517 6
25518 6
25519 6
25520 0
25521 0
25522 0
25523 0
25524 0
25525 0
25526 0
25527 0
25528 0
25529 0
25530 0
25531 0
25532 0
25533 0
25534 0
25535 0
25536 0
25537 0
25538 0
25539 0
25540 0
25541 0
25542 0
25543 0
25544 0
25545 0
25546 0
25547 0
25548 0
25549 0
25550 0
25551 0
25552 0
25553 0
25554 0
25555 0
25556 0
25557 0
25558 0
25559 0
25560 0
25561 0
25562 0
25563 0
25564 0
25565 0
25566 0
25567 0
25568 0
25569 0
25570 0
25571 0
25572 0
25573 0
25574 0
25575 0
25576 0
25577 0
25578 0
25579 0
25580 0
25581 0
25582 0
25583 0
25584 0
25585 0
25586 0
25587 0
25588 0
25589 0
25590 0
25591 0
25592 0
25593 0
25594 0
25595 0
25596 0
25597 0
25598 0
25599 0
25600 0
25601 0
25602 0
25603 0
25604 0
25605 0
25606 0
25607 0
25608 0
25609 0
25610 0
25611 0
25612 0
25613 0
25614 0
25615 0
25616 0
25617 0
25618 0
25619 0
25620 0
25621 0
25622 0
25623 0
25624 0
25625 0
25626 0
25627 0
25628 0
25629 0
25630 0
25631 0
25632 0
25633 0
25634 0
25635 0
25636 0
25637 0
25638 0
25639 0
25640 0
25641 0
25642 0
25643 0
25644 0
25645 0
25646 0
25647 0
25648 0
25649 0
25650 0
25651 0
25652 0
25653 0
25654 0
25655 0
25656 0
25657 0
25658 0
25659 0
25660 0
25661 0
25662 0
25663 0
25664 0
25665 0
25666 0
25667 0
25668 0
25669 0
25670 0
25671 0
25672 0
25673 0
25674 0
25675 0
25676 0
25677 0
25678 0
25679 0
25680 0
25681 0
25682 0
25683 0
25684 0
25685 0
25686 0
25687 0
25688 0
25689 0
25690 0
25691 0
25692 0
25693 0
25694 0
25695 0
25696 0
25697 0
25698 0
25699 0
25700 0
25701 0
25702 0
25703 0
25704 0
25705 0
25706 0
25707 0
25708 0
25709 0
25710 0
25711 0
25712 0
25713 0
25714 0
25715 0
25716 0
25717 0
25718 0
25719 0
25720 0
25721 0
25722 0
25723 0
25724 0
25725 0
25726 0
25727 0
25728 0
25729 0
25730 0
25731 0
25732 0
25733 0
25734 0
25735 0
25736 0
25737 0
25738 0
25739 0
25740 0
25741 0
25742 0
25743 0
25744 0
25745 0
25746 0
25747 0
25748 0
25749 0
25750 0
25751 0
25752 0
25753 0
25754 0
25755 0
25756 0
25757 4
25758 0
25759 2
25760 2
25761 2
25762 2
25763 2
25764 2
25765 2
25766 2
25767 2
25768 2
25769 2
25770 2
25771 2
25772 2
25773 2
25774 2
25775 2
25776 2
25777 2
25778 2
25779 2
25780 2
25781 2
25782 2
25783 2
25784 2
25785 2
25786 2
25787 2
25788 2
25789 2
25790 2
25791 2
25792 2
25793 2
25794 2
25795 2
25796 2
25797 2
25798 2
25799 2
25800 2
25801 2
25802 2
25803 2
25804 2
25805 2
25806 2
25807 2
25808 2
25809 2
25810 2
25811 2
25812 2
25813 2
25814 2
25815 2
25816 2
25817 2
25818 2
25819 2
25820 2
25821 5
25822 5
25823 4
25824 4
25825 4
25826 4
25827 4
25828 4
25829 4
25830 4
25831 4
25832 4
25833 4
25834 4
25835 4
25836 4
25837 4
25838 4
25839 4
25840 4
25841 4
25842 4
25843 4
25844 4
25845 4
25846 4
25847 4
25848 4
25849 4
25850 4
25851 4
25852 4
25853 4
25854 4
25855 4
25856 4
25857 4
25858 4
25859 4
25860 4
25861 4
25862 4
25863 4
25864 4
25865 4
25866 4
25867 4
25868 4
25869 4
25870 4
25871 4
25872 4
25873 4
25874 4
25875 4
25876 4
25877 4
25878 4
25879 4
25880 4
25881 4
25882 4
25883 4
25884 4
25885 4
25886 4
25887 4
25888 4
25889 4
25890 4
25891 4
25892 4
25893 4
25894 4
25895 4
25896 4
25897 4
25898 4
25899 4
25900 4
25901 4
25902 4
25903 4
25904 4
25905 4
25906 4
25907 4
25908 4
25909 4
25910 4
25911 4
25912 4
25913 4
25914 4
25915 4
25916 4
25917 4
25918 4
25919 4
25920 4
25921 4
25922 4
25923 4
25924 4
25925 4
25926 4
25927 4
25928 4
25929 4
25930 4
25931 4
25932 4
25933 4
25934 4
25935 4
25936 4
25937 4
25938 4
25939 4
25940 4
25941 4
25942 4
25943 4
25944 4
25945 4
25946 4
25947 4
25948 4
25949 4
25950 4
25951 4
25952 4
25953 4
25954 4
25955 4
25956 4
25957 4
25958 4
25959 4
25960 4
25961 4
25962 4
25963 4
25964 4
25965 4
25966 4
25967 4
25968 4
25969 4
25970 4
25971 4
25972 4
25973 4
25974 4
25975 4
25976 4
25977 4
25978 4
25979 4
25980 4
25981 4
25982 4
25983 4
25984 4
25985 4
25986 4
25987 4
25988 4
25989 4
25990 4
25991 4
25992 4
25993 4
25994 4
25995 4
25996 4
25997 4
25998 4
25999 4
26000 4
26001 4
26002 4
26003 4
26004 4
26005 4
26006 4
26007 4
26008 4
26009 4
26010 4
26011 4
26012 4
26013 4
26014 4
26015 4
26016 4
26017 4
26018 4
26019 4
26020 4
26021 4
26022 4
26023 4
26024 4
26025 4
26026 4
26027 4
26028 4
26029 4
26030 4
26031 4
26032 4
26033 4
26034 4
26035 4
26036 4
26037 4
26038 4
26039 4
26040 4
26041 4
26042 4
26043 4
26044 4
26045 4
26046 4
26047 4
26048 4
26049 4
26050 4
26051 4
26052 4
26053 4
26054 4
26055 4
26056 4
26057 4
26058 4
26059 4
26060 4
26061 4
26062 4
26063 4
26064 4
26065 4
26066 4
26067 4
26068 4
26069 4
26070 4
26071 4
26072 4
26073 4
26074 4
26075 4
26076 4
26077 4
26078 4
26079 4
26080 4
26081 4
26082 4
26083 4
26084 4
26085 4
26086 4
26087 4
26088 4
26089 4
26090 4
26091 0
26092 4
26093 6
26094 6
26095 6
26096 4
26097 4
26098 4
26099 4
26100 4
26101 4
26102 4
26103 4
26104 6
26105 4
26106 4
26107 4
26108 4
26109 4
26110 4
26111 4
26112 4
26113 4
26114 4
26115 4
26116 4
26117 4
26118 4
26119 4
26120 4
26121 4
26122 4
26123 4
26124 4
26125 4
26126 4
26127 4
26128 4
26129 4
26130 4
26131 4
26132 4
26133 4
26134 4
26135 4
26136 4
26137 4
26138 4
26139 4
26140 4
26141 4
26142 4
26143 4
26144 4
26145 4
26146 4
26147 4
26148 4
26149 4
26150 4
26151 4
26152 4
26153 4
26154 4
26155 4
26156 4
26157 4
26158 4
26159 4
26160 4
26161 4
26162 4
26163 4
26164 4
26165 4
26166 4
26167 4
26168 4
26169 4
26170 4
26171 4
26172 4
26173 4
26174 4
26175 4
26176 4
26177 4
26178 4
26179 4
26180 4
26181 4
26182 4
26183 4
26184 4
26185 4
26186 4
26187 4
26188 4
26189 4
26190 4
26191 4
26192 4
26193 4
26194 4
26195 6
26196 4
26197 4
26198 4
26199 4
26200 4
26201 4
26202 4
26203 4
26204 4
26205 4
26206 4
26207 4
26208 4
26209 4
26210 4
26211 4
26212 4
26213 4
26214 4
26215 4
26216 4
26217 4
26218 4
26219 4
26220 4
26221 4
26222 4
26223 4
26224 4
26225 4
26226 4
26227 4
26228 4
26229 4
26230 4
26231 4
26232 4
26233 4
26234 4
26235 4
26236 4
26237 4
26238 4
26239 4
26240 4
26241 4
26242 4
26243 4
26244 4
26245 4
26246 4
26247 4
26248 4
26249 4
26250 4
26251 4
26252 4
26253 4
26254 4
26255 4
26256 4
26257 4
26258 4
26259 4
26260 4
26261 4
26262 4
26263 4
26264 4
26265 6
26266 4
26267 4
26268 4
26269 4
26270 4
26271 4
26272 4
26273 4
26274 4
26275 4
26276 4
26277 4
26278 4
26279 4
26280 4
26281 4
26282 4
26283 4
26284 4
26285 4
26286 4
26287 4
26288 4
26289 4
26290 4
26291 4
26292 4
26293 4
26294 4
26295 4
26296 4
26297 4
26298 4
26299 4
26300 4
26301 4
26302 4
26303 4
26304 4
26305 4
26306 4
26307 4
26308 4
26309 6
26310 4
26311 4
26312 4
26313 4
26314 4
26315 4
26316 4
26317 4
26318 4
26319 4
26320 4
26321 4
26322 4
26323 4
26324 4
26325 4
26326 4
26327 4
26328 4
26329 4
26330 4
26331 4
26332 4
26333 4
26334 4
26335 4
26336 4
26337 4
26338 4
26339 4
26340 4
26341 4
26342 6
26343 4
26344 4
26345 4
26346 4
26347 4
26348 4
26349 4
26350 4
26351 4
26352 4
26353 4
26354 4
26355 4
26356 4
26357 4
26358 4
26359 4
26360 4
26361 4
26362 4
26363 4
26364 4
26365 4
26366 4
26367 4
26368 6
26369 4
26370 4
26371 4
26372 4
26373 4
26374 4
26375 4
26376 4
26377 4
26378 4
26379 4
26380 4
26381 4
26382 4
26383 4
26384 4
26385 4
26386 4
26387 4
26388 4
26389 4
26390 4
26391 4
26392 4
26393 4
26394 4
26395 4
26396 4
26397 4
26398 4
26399 4
26400 4
26401 4
26402 4
26403 4
26404 4
26405 4
26406 4
26407 4
26408 4
26409 4
26410 4
26411 4
26412 4
26413 4
26414 4
26415 4
26416 4
26417 4
26418 4
26419 4
26420 4
26421 4
26422 4
26423 4
26424 4
26425 4
26426 4
26427 4
26428 4
26429 4
26430 4
26431 4
26432 4
26433 4
26434 4
26435 4
26436 4
26437 4
26438 4
26439 4
26440 4
26441 4
26442 4
26443 4
26444 4
26445 4
26446 4
26447 4
26448 4
26449 4
26450 4
26451 4
26452 4
26453 4
26454 4
26455 4
26456 4
26457 4
26458 4
26459 4
26460 4
26461 4
26462 4
26463 4
26464 4
26465 4
26466 4
26467 4
26468 4
26469 4
26470 4
26471 4
26472 4
26473 4
26474 4
26475 4
26476 4
26477 4
26478 4
26479 4
26480 6
26481 6
26482 6
26483 6
26484 6
26485 6
26486 6
26487 6
26488 0
26489 0
26490 4
26491 0
26492 2
26493 2
26494 2
26495 2
26496 2
26497 2
26498 2
26499 2
26500 2
26501 2
26502 2
26503 2
26504 2
26505 2
26506 2
26507 2
26508 2
26509 2
26510 2
26511 2
26512 2
26513 2
26514 2
26515 2
26516 2
26517 2
26518 2
26519 2
26520 2
26521 2
26522 2
26523 2
26524 2
26525 2
26526 2
26527 0
26528 0
26529 0
26530 0
26531 0
26532 0
26533 0
26534 0
26535 0
26536 0
26537 0
26538 0
26539 0
26540 0
26541 0
26542 0
26543 0
26544 0
26545 0
26546 0
26547 0
26548 0
26549 0
26550 0
26551 0
26552 0
26553 0
26554 0
26555 0
26556 0
26557 0
26558 0
26559 0
26560 0
26561 0
26562 0
26563 0
26564 5
26565 5
26566 5
26567 0
26568 0
26569 0
26570 0
26571 0
26572 0
26573 0
26574 0
26575 0
26576 0
26577 0
26578 0
26579 0
26580 0
26581 0
26582 0
26583 0
26584 0
26585 0
26586 0
26587 0
26588 0
26589 0
26590 0
26591 0
26592 0
26593 0
26594 0
26595 0
26596 0
26597 0
26598 0
26599 0
26600 0
26601 0
26602 0
26603 0
26604 0
26605 0
26606 0
26607 0
26608 0
26609 0
26610 0
26611 0
26612 0
26613 0
26614 0
26615 0
26616 0
26617 0
26618 0
26619 0
26620 0
26621 0
26622 0
26623 0
26624 0
26625 0
26626 0
26627 0
26628 0
26629 0
26630 0
26631 0
26632 0
26633 0
26634 0
26635 0
26636 0
26637 0
26638 0
26639 0
26640 0
26641 0
26642 0
26643 0
26644 0
26645 0
26646 0
26647 0
26648 0
26649 0
26650 0
26651 0
26652 0
26653 0
26654 0
26655 0
26656 0
26657 0
26658 0
26659 0
26660 0
26661 0
26662 0
26663 0
26664 0
26665 0
26666 0
26667 0
26668 0
26669 0
26670 0
26671 0
26672 0
26673 0
26674 0
26675 0
26676 0
26677 0
26678 0
26679 0
26680 0
26681 0
26682 0
26683 0
26684 0
26685 0
26686 0
26687 0
26688 0
26689 0
26690 0
26691 0
26692 0
26693 0
26694 0
26695 0
26696 0
26697 0
26698 0
26699 0
26700 0
26701 0
26702 0
26703 0
26704 0
26705 0
26706 0
26707 0
26708 0
26709 0
26710 0
26711 0
26712 0
26713 0
26714 0
26715 0
26716 0
26717 0
26718 0
26719 0
26720 0
26721 0
26722 0
26723 0
26724 0
26725 0
26726 0
26727 0
26728 0
26729 0
26730 0
26731 0
26732 0
26733 0
26734 0
26735 0
26736 0
26737 0
26738 0
26739 0
26740 0
26741 0
26742 0
26743 0
26744 0
26745 0
26746 0
26747 0
26748 0
26749 0
26750 0
26751 0
26752 0
26753 0
26754 0
26755 0
26756 0
26757 0
26758 0
26759 0
26760 0
26761 0
26762 0
26763 0
26764 0
26765 0
26766 0
26767 0
26768 0
26769 0
26770 0
26771 0
26772 0
26773 0
26774 0
26775 0
26776 0
26777 0
26778 0
26779 0
26780 0
26781 0
26782 0
26783 0
26784 0
26785 0
26786 0
26787 0
26788 0
26789 0
26790 0
26791 0
26792 0
26793 0
26794 0
26795 0
26796 0
26797 0
26798 0
26799 0
26800 0
26801 0
26802 0
26803 0
26804 0
26805 0
26806 0
26807 0
26808 0
26809 0
26810 0
26811 0
26812 0
26813 0
26814 0
26815 0
26816 0
26817 0
26818 0
26819 0
26820 0
26821 0
26822 0
26823 0
26824 0
26825 0
26826 0
26827 0
26828 0
26829 0
26830 0
26831 0
26832 6
26833 6
26834 5
26835 6
26836 5
26837 6
26838 5
26839 0
26840 6
26841 5
26842 6
26843 5
26844 0
26845 6
26846 5
26847 6
26848 6
26849 5
26850 6
26851 5
26852 0
26853 6
26854 5
26855 6
26856 5
26857 6
26858 5
26859 0
26860 6
26861 5
26862 6
26863 5
26864 0
26865 6
26866 5
26867 6
26868 5
26869 0
26870 6
26871 6
26872 5
26873 6
26874 5
26875 6
26876 5
26877 0
26878 6
26879 5
26880 6
26881 5
26882 0
26883 6
26884 5
26885 6
26886 5
26887 0
26888 6
26889 5
26890 6
26891 5
26892 0
26893 6
26894 5
26895 6
26896 5
26897 0
26898 6
26899 5
26900 6
26901 6
26902 5
26903 0
26904 6
26905 5
26906 6
26907 5
26908 0
26909 6
26910 5
26911 6
26912 5
26913 0
26914 6
26915 5
26916 0
26917 6
26918 5
26919 6
26920 5
26921 0
26922 6
26923 5
26924 6
26925 5
26926 0
26927 6
26928 5
26929 0
26930 6
26931 5
26932 6
26933 5
26934 0
26935 6
26936 5
26937 6
26938 5
26939 0
26940 6
26941 5
26942 0
26943 6
26944 5
26945 6
26946 5
26947 0
26948 6
26949 5
26950 0
26951 6
26952 5
26953 0
26954 6
26955 5
26956 6
26957 5
26958 6
26959 6
26960 6
26961 6
26962 6
26963 6
26964 6
26965 6
26966 6
26967 6
26968 6
26969 6
26970 6
26971 6
26972 6
26973 6
26974 6
26975 6
26976 6
26977 6
26978 6
26979 6
26980 6
26981 6
26982 6
26983 6
26984 6
26985 6
26986 6
26987 6
26988 6
26989 6
26990 6
26991 6
26992 6
26993 6
26994 6
26995 6
26996 6
26997 6
26998 6
26999 6
27000 6
27001 6
27002 6
27003 6
27004 6
27005 6
27006 0
27007 0
27008 0
27009 0
27010 0
27011 0
27012 0
27013 0
27014 0
27015 0
27016 0
27017 0
27018 0
27019 0
27020 0
27021 0
27022 0
27023 0
27024 0
27025 0
27026 0
27027 0
27028 0
27029 0
27030 0
27031 0
27032 0
27033 0
27034 0
27035 0
27036 0
27037 0
27038 0
27039 0
27040 0
27041 0
27042 0
27043 0
27044 0
27045 0
27046 0
27047 0
27048 0
27049 0
27050 0
27051 0
27052 0
27053 0
27054 0
27055 0
27056 0
27057 0
27058 0
27059 0
27060 0
27061 0
27062 0
27063 0
27064 0
27065 0
27066 0
27067 0
27068 0
27069 0
27070 0
27071 0
27072 0
27073 0
27074 0
27075 0
27076 0
27077 0
27078 0
27079 0
27080 0
27081 0
27082 0
27083 0
27084 0
27085 0
27086 0
27087 0
27088 0
27089 0
27090 0
27091 0
27092 0
27093 0
27094 0
27095 0
27096 0
27097 0
27098 0
27099 0
27100 0
27101 0
27102 0
27103 0
27104 0
27105 0
27106 0
27107 0
27108 0
27109 0
27110 0
27111 6
27112 6
27113 0
27114 6
27115 6
27116 6
27117 0
27118 6
27119 6
27120 0
27121 6
27122 6
27123 6
27124 0
27125 6
27126 6
27127 0
27128 6
27129 6
27130 0
27131 6
27132 6
27133 0
27134 6
27135 6
27136 0
27137 6
27138 6
27139 0
27140 6
27141 6
27142 0
27143 6
27144 0
27145 6
27146 5
27147 6
27148 5
27149 0
27150 6
27151 5
27152 6
27153 5
27154 0
27155 6
27156 5
27157 0
27158 6
27159 5
27160 6
27161 0
27162 6
27163 5
27164 0
27165 6
27166 5
27167 6
27168 5
27169 0
27170 6
27171 5
27172 6
27173 5
27174 0
27175 6
27176 5
27177 0
27178 6
27179 0
27180 6
27181 5
27182 6
27183 5
27184 0
27185 6
27186 5
27187 0
27188 6
27189 5
27190 0
27191 6
27192 5
27193 6
27194 5
27195 0
27196 6
27197 5
27198 0
27199 6
27200 5
27201 0
27202 6
27203 0
27204 6
27205 5
27206 0
27207 6
27208 5
27209 6
27210 5
27211 0
27212 6
27213 5
27214 0
27215 6
27216 5
27217 0
27218 6
27219 5
27220 0
27221 6
27222 5
27223 0
27224 6
27225 5
27226 0
27227 6
27228 5
27229 0
27230 6
27231 5
27232 0
27233 6
27234 5
27235 0
27236 6
27237 5
27238 0
27239 6
27240 0
27241 6
27242 5
27243 0
27244 0
27245 6
27246 5
27247 0
27248 6
27249 5
27250 0
27251 6
27252 5
27253 0
27254 6
27255 5
27256 0
27257 6
27258 5
27259 0
27260 0
27261 6
27262 5
27263 0
27264 6
27265 5
27266 0
27267 0
27268 6
27269 5
27270 0
27271 6
27272 5
27273 0
27274 0
27275 6
27276 5
27277 0
27278 6
27279 5
27280 0
27281 0
27282 6
27283 5
27284 0
27285 0
27286 6
27287 5
27288 0
27289 6
27290 5
27291 0
27292 0
27293 6
27294 5
27295 0
27296 0
27297 6
27298 5
27299 0
27300 0
27301 0
27302 6
27303 5
27304 0
27305 0
27306 6
27307 5
27308 0
27309 0
27310 0
27311 6
27312 5
27313 0
27314 0
27315 6
27316 5
27317 0
27318 0
27319 4
27320 4
27321 4
27322 4
27323 4
27324 4
27325 4
27326 4
27327 4
27328 4
27329 4
27330 4
27331 4
27332 4
27333 4
27334 4
27335 4
27336 4
27337 4
27338 4
27339 4
27340 4
27341 4
27342 4
27343 4
27344 4
27345 4
27346 4
27347 4
27348 4
27349 4
27350 4
27351 4
27352 4
27353 4
27354 4
27355 4
27356 4
27357 4
27358 4
27359 4
27360 4
27361 4
27362 4
27363 4
27364 4
27365 4
27366 4
27367 4
27368 4
27369 4
27370 4
27371 4
27372 4
27373 4
27374 4
27375 4
27376 4
27377 4
27378 4
27379 4
27380 4
27381 4
27382 4
27383 4
27384 4
27385 4
27386 4
27387 4
27388 4
27389 4
27390 4
27391 4
27392 4
27393 4
27394 4
27395 4
27396 4
27397 4
27398 4
27399 4
27400 4
27401 4
27402 4
27403 4
27404 4
27405 4
27406 4
27407 4
27408 4
27409 4
27410 4
27411 4
27412 4
27413 4
27414 4
27415 4
27416 4
27417 4
27418 4
27419 4
27420 4
27421 4
27422 4
27423 4
27424 4
27425 4
27426 4
27427 4
27428 4
27429 4
27430 4
27431 4
27432 4
27433 4
27434 4
27435 4
27436 4
27437 4
27438 4
27439 4
27440 4
27441 4
27442 4
27443 4
27444 4
27445 4
27446 4
27447 4
27448 4
27449 4
27450 6
27451 6
27452 6
27453 6
27454 6
27455 6
27456 6
27457 5
27458 6
27459 5
27460 4
27461 6
27462 5
27463 4
27464 6
27465 5
27466 6
27467 5
27468 4
27469 6
27470 6
27471 5
27472 4
27473 6
27474 5
27475 4
27476 6
27477 5
27478 6
27479 5
27480 4
27481 6
27482 5
27483 4
27484 6
27485 5
27486 4
27487 6
27488 5
27489 6
27490 4
27491 6
27492 5
27493 6
27494 5
27495 4
27496 6
27497 5
27498 4
27499 6
27500 5
27501 4
27502 6
27503 5
27504 4
27505 6
27506 5
27507 4
27508 6
27509 5
27510 4
27511 6
27512 5
27513 6
27514 5
27515 4
27516 6
27517 5
27518 4
27519 6
27520 4
27521 6
27522 5
27523 4
27524 6
27525 5
27526 4
27527 6
27528 5
27529 4
27530 6
27531 5
27532 4
27533 6
27534 5
27535 4
27536 6
27537 5
27538 4
27539 6
27540 5
27541 4
27542 6
27543 5
27544 4
27545 6
27546 5
27547 4
27548 4
27549 6
27550 5
27551 4
27552 6
27553 5
27554 4
27555 6
27556 5
27557 4
27558 4
27559 6
27560 5
27561 4
27562 6
27563 5
27564 4
27565 4
27566 6
27567 5
27568 4
27569 6
27570 5
27571 4
27572 4
27573 6
27574 5
27575 4
27576 4
27577 6
27578 5
27579 4
27580 4
27581 6
27582 5
27583 4
27584 4
27585 6
27586 5
27587 4
27588 4
27589 6
27590 5
27591 4
27592 4
27593 6
27594 5
27595 4
27596 4
27597 2
27598 2
27599 2
27600 2
27601 2
27602 2
27603 2
27604 2
27605 2
27606 2
27607 2
27608 2
27609 2
27610 2
27611 2
27612 2
27613 2
27614 2
27615 2
27616 2
27617 2
27618 2
27619 2
27620 2
27621 2
27622 2
27623 2
27624 2
27625 2
27626 2
27627 2
27628 2
27629 2
27630 2
27631 2
27632 2
27633 2
27634 2
27635 2
27636 2
27637 2
27638 2
27639 2
27640 2
27641 2
27642 2
27643 2
27644 2
27645 2
27646 2
27647 2
27648 2
27649 2
27650 2
27651 2
27652 2
27653 2
27654 2
27655 2
27656 2
27657 2
27658 0
27659 0
27660 0
27661 0
27662 0
27663 0
27664 0
27665 0
27666 0
27667 0
27668 0
27669 0
27670 0
27671 0
27672 0
27673 0
27674 0
27675 0
27676 0
27677 0
27678 0
27679 0
27680 0
27681 0
27682 0
27683 0
27684 0
27685 0
27686 0
27687 0
27688 0
27689 0
27690 0
27691 0
27692 0
27693 0
27694 0
27695 0
27696 0
27697 0
27698 0
27699 0
27700 0
27701 0
27702 0
27703 0
27704 0
27705 0
27706 0
27707 0
27708 0
27709 0
27710 0
27711 0
27712 0
27713 0
27714 0
27715 0
27716 0
27717 0
27718 0
27719 0
27720 0
27721 0
27722 0
27723 0
27724 0
27725 0
27726 0
27727 0
27728 0
27729 0
27730 0
27731 0
27732 0
27733 0
27734 0
27735 0
27736 0
27737 0
27738 0
27739 0
27740 0
27741 0
27742 0
27743 0
27744 0
27745 0
27746 0
27747 0
27748 0
27749 0
27750 0
27751 0
27752 0
27753 0
27754 0
27755 0
27756 0
27757 0
27758 0
27759 0
27760 0
27761 0
27762 0
27763 0
27764 0
27765 0
27766 0
27767 0
27768 0
27769 0
27770 0
27771 0
27772 0
27773 5
27774 5
27775 0
27776 0
27777 0
27778 0
27779 0
27780 0
27781 0
27782 0
27783 0
27784 0
27785 0
27786 0
27787 0
27788 0
27789 0
27790 0
27791 0
27792 0
27793 0
27794 0
27795 0
27796 0
27797 0
27798 0
27799 0
27800 0
27801 0
27802 0
27803 0
27804 0
27805 0
27806 0
27807 0
27808 0
27809 0
27810 0
27811 0
27812 0
27813 0
27814 0
27815 0
27816 0
27817 0
27818 0
27819 0
27820 0
27821 0
27822 0
27823 0
27824 0
27825 0
27826 0
27827 0
27828 0
27829 0
27830 0
27831 0
27832 0
27833 0
27834 0
27835 0
27836 0
27837 0
27838 0
27839 0
27840 0
27841 0
27842 0
27843 0
27844 0
27845 0
27846 0
27847 0
27848 0
27849 0
27850 0
27851 0
27852 0
27853 0
27854 0
27855 0
27856 0
27857 0
27858 0
27859 0
27860 0
27861 0
27862 0
27863 0
27864 0
27865 0
27866 0
27867 0
27868 0
27869 0
27870 0
27871 0
27872 0
27873 0
27874 0
27875 0
27876 0
27877 0
27878 0
27879 0
27880 1
27881 1
27882 1
27883 2
27884 1
27885 2
27886 1
27887 2
27888 1
27889 2
27890 1
27891 2
27892 2
27893 1
27894 2
27895 1
27896 2
27897 1
27898 2
27899 1
27900 2
27901 1
27902 2
27903 2
27904 1
27905 2
27906 1
27907 2
27908 1
27909 2
27910 1
27911 2
27912 2
27913 1
27914 2
27915 1
27916 2
27917 1
27918 2
27919 1
27920 2
27921 2
27922 1
27923 2
27924 1
27925 2
27926 1
27927 2
27928 1
27929 2
27930 2
27931 1
27932 2
27933 1
27934 2
27935 1
27936 2
27937 2
27938 1
27939 2
27940 1
27941 2
27942 1
27943 2
27944 1
27945 2
27946 2
27947 1
27948 2
27949 1
27950 2
27951 1
27952 2
27953 2
27954 1
27955 2
27956 1
27957 2
27958 5
27959 1
27960 5
27961 6
27962 6
27963 6
27964 6
27965 6
27966 6
27967 6
27968 0
27969 0
27970 0
27971 0
27972 0
27973 0
27974 0
27975 0
27976 0
27977 0
27978 0
27979 0
27980 0
27981 0
27982 0
27983 0
27984 0
27985 0
27986 0
27987 0
27988 0
27989 0
27990 0
27991 0
27992 0
27993 0
27994 0
27995 0
27996 0
27997 0
27998 0
27999 0
28000 0
28001 0
28002 0
28003 0
28004 0
28005 0
28006 0
28007 0
28008 0
28009 0
28010 0
28011 0
28012 0
28013 0
28014 0
28015 0
28016 0
28017 0
28018 0
28019 6
28020 6
28021 6
28022 6
28023 6
28024 0
28025 0
28026 0
28027 0
28028 0
28029 0
28030 0
28031 0
28032 0
28033 0
28034 0
28035 0
28036 0
28037 0
28038 0
28039 0
28040 0
28041 0
28042 0
28043 0
28044 0
28045 0
28046 0
28047 0
28048 0
28049 0
28050 0
28051 0
28052 0
28053 0
28054 0
28055 0
28056 0
28057 0
28058 0
28059 0
28060 0
28061 0
28062 0
28063 0
28064 0
28065 0
28066 0
28067 0
28068 0
28069 0
28070 0
28071 0
28072 0
28073 0
28074 0
28075 0
28076 0
28077 0
28078 0
28079 0
28080 0
28081 0
28082 0
28083 0
28084 0
28085 0
28086 0
28087 0
28088 0
28089 0
28090 0
28091 0
28092 0
28093 0
28094 0
28095 0
28096 0
28097 0
28098 0
28099 0
28100 0
28101 0
28102 0
28103 0
28104 0
28105 0
28106 0
28107 0
28108 0
28109 0
28110 0
28111 0
28112 0
28113 0
28114 0
28115 0
28116 0
28117 0
28118 0
28119 0
28120 0
28121 0
28122 0
28123 0
28124 0
28125 0
28126 0
28127 0
28128 0
28129 0
28130 0
28131 0
28132 0
28133 0
28134 0
28135 0
28136 0
28137 0
28138 0
28139 0
28140 0
28141 0
28142 0
28143 0
28144 0
28145 0
28146 0
28147 0
28148 0
28149 0
28150 0
28151 0
28152 0
28153 0
28154 0
28155 0
28156 0
28157 0
28158 0
28159 0
28160 0
28161 0
28162 0
28163 0
28164 0
28165 0
28166 0
28167 0
28168 0
28169 0
28170 0
28171 0
28172 0
28173 0
28174 0
28175 0
28176 0
28177 0
28178 0
28179 0
28180 0
28181 0
28182 0
28183 0
28184 0
28185 0
28186 0
28187 0
28188 0
28189 0
28190 0
28191 0
28192 0
28193 0
28194 0
28195 0
28196 0
28197 0
28198 0
28199 0
28200 0
28201 0
28202 0
28203 0
28204 0
28205 0
28206 0
28207 0
28208 0
28209 0
28210 0
28211 0
28212 0
28213 0
28214 0
28215 0
28216 0
28217 0
28218 0
28219 0
28220 0
28221 0
28222 0
28223 0
28224 0
28225 0
28226 0
28227 0
28228 0
28229 0
28230 0
28231 0
28232 0
28233 0
28234 0
28235 0
28236 0
28237 0
28238 0
28239 0
28240 0
28241 6
28242 0
28243 6
28244 6
28245 6
28246 6
28247 6
28248 6
28249 7
28250 7
28251 7
28252 7
28253 7
28254 7
28255 7
28256 7
28257 7
28258 7
28259 7
28260 7
28261 7
28262 7
28263 0
28264 7
28265 7
28266 5
28267 7
28268 7
28269 5
28270 7
28271 7
28272 5
28273 7
28274 7
28275 7
28276 5
28277 0
28278 6
28279 5
28280 6
28281 5
28282 6
28283 5
28284 6
28285 6
28286 5
28287 0
28288 6
28289 5
28290 6
28291 5
28292 6
28293 5
28294 6
28295 5
28296 0
28297 6
28298 5
28299 6
28300 5
28301 6
28302 6
28303 5
28304 0
28305 6
28306 5
28307 6
28308 5
28309 6
28310 5
28311 6
28312 5
28313 0
28314 6
28315 5
28316 6
28317 5
28318 6
28319 5
28320 0
28321 6
28322 5
28323 6
28324 5
28325 6
28326 5
28327 6
28328 0
28329 6
28330 5
28331 6
28332 5
28333 6
28334 5
28335 6
28336 5
28337 0
28338 6
28339 5
28340 6
28341 5
28342 6
28343 5
28344 0
28345 6
28346 5
28347 6
28348 5
28349 6
28350 5
28351 0
28352 6
28353 5
28354 6
28355 5
28356 6
28357 5
28358 0
28359 6
28360 5
28361 6
28362 5
28363 6
28364 5
28365 0
28366 6
28367 5
28368 6
28369 5
28370 6
28371 5
28372 0
28373 6
28374 5
28375 6
28376 5
28377 6
28378 5
28379 0
28380 6
28381 5
28382 6
28383 5
28384 6
28385 5
28386 0
28387 6
28388 5
28389 6
28390 5
28391 0
28392 6
28393 5
28394 6
28395 5
28396 6
28397 5
28398 0
28399 6
28400 5
28401 6
28402 5
28403 0
28404 6
28405 5
28406 6
28407 5
28408 6
28409 5
28410 0
28411 6
28412 5
28413 6
28414 5
28415 0
28416 6
28417 5
28418 5
28419 6
28420 5
28421 0
28422 6
28423 5
28424 6
28425 5
28426 0
28427 6
28428 5
28429 6
28430 5
28431 6
28432 5
28433 0
28434 6
28435 5
28436 6
28437 5
28438 0
28439 6
28440 5
28441 5
28442 0
28443 6
28444 5
28445 6
28446 5
28447 6
28448 5
28449 0
28450 6
28451 5
28452 6
28453 5
28454 0
28455 6
28456 5
28457 6
28458 5
28459 5
28460 0
28461 6
28462 5
28463 0
28464 6
28465 5
28466 6
28467 5
28468 0
28469 6
28470 5
28471 6
28472 5
28473 5
28474 0
28475 6
28476 5
28477 0
28478 6
28479 5
28480 6
28481 5
28482 0
28483 6
28484 5
28485 6
28486 5
28487 5
28488 0
28489 6
28490 5
28491 0
28492 6
28493 5
28494 6
28495 5
28496 0
28497 6
28498 5
28499 7
28500 5
28501 0
28502 6
28503 5
28504 5
28505 0
28506 6
28507 5
28508 0
28509 6
28510 5
28511 6
28512 5
28513 0
28514 6
28515 5
28516 5
28517 0
28518 6
28519 5
28520 7
28521 5
28522 0
28523 6
28524 5
28525 0
28526 6
28527 5
28528 6
28529 5
28530 5
28531 0
28532 7
28533 0
28534 6
28535 5
28536 5
28537 0
28538 6
28539 5
28540 7
28541 5
28542 0
28543 6
28544 5
28545 0
28546 2
28547 2
28548 2
28549 2
28550 2
28551 2
28552 2
28553 2
28554 2
28555 2
28556 2
28557 2
28558 2
28559 2
28560 2
28561 2
28562 2
28563 2
28564 2
28565 2
28566 2
28567 2
28568 2
28569 2
28570 2
28571 2
28572 2
28573 2
28574 2
28575 2
28576 2
28577 2
28578 2
28579 2
28580 2
28581 2
28582 2
28583 2
28584 2
28585 2
28586 2
28587 2
28588 2
28589 2
28590 2
28591 2
28592 0
28593 0
28594 0
28595 0
28596 0
28597 0
28598 5
28599 5
28600 0
28601 0
28602 0
28603 0
28604 0
28605 0
28606 0
28607 0
28608 0
28609 0
28610 0
28611 0
28612 0
28613 0
28614 0
28615 0
28616 0
28617 0
28618 0
28619 0
28620 0
28621 0
28622 0
28623 0
28624 0
28625 0
28626 0
28627 0
28628 0
28629 0
28630 0
28631 0
28632 0
28633 0
28634 0
28635 0
28636 0
28637 0
28638 0
28639 0
28640 0
28641 0
28642 0
28643 0
28644 0
28645 0
28646 0
28647 0
28648 0
28649 0
28650 0
28651 0
28652 0
28653 0
28654 0
28655 0
28656 0
28657 0
28658 0
28659 0
28660 0
28661 0
28662 0
28663 0
28664 0
28665 0
28666 0
28667 0
28668 0
28669 0
28670 0
28671 0
28672 0
28673 0
28674 0
28675 0
28676 0
28677 0
28678 0
28679 0
28680 0
28681 0
28682 0
28683 0
28684 0
28685 0
28686 0
28687 0
28688 0
28689 0
28690 0
28691 0
28692 0
28693 0
28694 0
28695 0
28696 0
28697 0
28698 0
28699 0
28700 0
28701 0
28702 0
28703 0
28704 0
28705 0
28706 0
28707 0
28708 0
28709 0
28710 0
28711 0
28712 0
28713 0
28714 0
28715 0
28716 0
28717 0
28718 0
28719 0
28720 0
28721 0
28722 0
28723 0
28724 0
28725 0
28726 0
28727 0
28728 0
28729 0
28730 0
28731 0
28732 0
28733 0
28734 0
28735 0
28736 0
28737 0
28738 0
28739 0
28740 0
28741 0
28742 0
28743 0
28744 0
28745 0
28746 0
28747 0
28748 0
28749 0
28750 0
28751 0
28752 0
28753 0
28754 0
28755 0
28756 0
28757 0
28758 0
28759 0
28760 0
28761 0
28762 0
28763 0
28764 0
28765 0
28766 0
28767 0
28768 0
28769 0
28770 0
28771 0
28772 0
28773 0
28774 0
28775 0
28776 0
28777 0
28778 0
28779 0
28780 0
28781 0
28782 0
28783 0
28784 0
28785 0
28786 0
28787 0
28788 0
28789 0
28790 0
28791 0
28792 0
28793 0
28794 0
28795 0
28796 0
28797 0
28798 0
28799 0
28800 0
28801 0
28802 0
28803 0
28804 0
28805 0
28806 0
28807 0
28808 0
28809 0
28810 0
28811 0
28812 0
28813 0
28814 0
28815 0
28816 0
28817 0
28818 0
28819 0
28820 0
28821 0
28822 0
28823 0
28824 0
28825 0
28826 0
28827 0
28828 0
28829 0
28830 0
28831 0
28832 0
28833 0
28834 0
28835 0
28836 0
28837 0
28838 0
28839 0
28840 0
28841 0
28842 7
28843 5
28844 7
28845 7
28846 5
28847 7
28848 7
28849 5
28850 7
28851 7
28852 7
28853 5
28854 0
28855 7
28856 7
28857 5
28858 7
28859 7
28860 5
28861 7
28862 7
28863 5
28864 7
28865 7
28866 5
28867 7
28868 7
28869 5
28870 7
28871 7
28872 7
28873 5
28874 0
28875 7
28876 7
28877 5
28878 7
28879 7
28880 5
28881 7
28882 7
28883 5
28884 7
28885 7
28886 5
28887 7
28888 7
28889 5
28890 0
28891 7
28892 7
28893 5
28894 7
28895 7
28896 5
28897 7
28898 7
28899 5
28900 7
28901 7
28902 5
28903 7
28904 7
28905 5
28906 0
28907 7
28908 7
28909 5
28910 7
28911 7
28912 5
28913 7
28914 7
28915 5
28916 7
28917 7
28918 5
28919 0
28920 7
28921 7
28922 5
28923 7
28924 7
28925 5
28926 7
28927 7
28928 5
28929 7
28930 7
28931 5
28932 0
28933 7
28934 5
28935 7
28936 7
28937 5
28938 7
28939 7
28940 5
28941 0
28942 7
28943 7
28944 5
28945 7
28946 7
28947 5
28948 7
28949 7
28950 5
28951 7
28952 5
28953 0
28954 7
28955 7
28956 5
28957 7
28958 7
28959 5
28960 7
28961 7
28962 5
28963 0
28964 7
28965 7
28966 5
28967 7
28968 5
28969 0
28970 7
28971 7
28972 5
28973 7
28974 7
28975 5
28976 7
28977 5
28978 0
28979 7
28980 7
28981 5
28982 7
28983 7
28984 5
28985 7
28986 5
28987 0
28988 7
28989 7
28990 5
28991 7
28992 7
28993 5
28994 0
28995 7
28996 5
28997 7
28998 7
28999 5
29000 0
29001 7
29002 7
29003 5
29004 7
29005 5
29006 0
29007 7
29008 7
29009 5
29010 7
29011 5
29012 7
29013 7
29014 5
29015 0
29016 7
29017 7
29018 5
29019 7
29020 5
29021 0
29022 7
29023 7
29024 5
29025 0
29026 7
29027 5
29028 7
29029 7
29030 5
29031 0
29032 6
29033 5
29034 6
29035 5
29036 6
29037 5
29038 0
29039 6
29040 5
29041 5
29042 0
29043 6
29044 5
29045 6
29046 5
29047 6
29048 5
29049 0
29050 6
29051 5
29052 6
29053 5
29054 6
29055 5
29056 0
29057 6
29058 5
29059 6
29060 5
29061 5
29062 0
29063 6
29064 5
29065 0
29066 6
29067 5
29068 6
29069 5
29070 6
29071 5
29072 0
29073 6
29074 5
29075 5
29076 0
29077 6
29078 5
29079 6
29080 5
29081 0
29082 6
29083 5
29084 6
29085 5
29086 0
29087 6
29088 5
29089 5
29090 0
29091 6
29092 5
29093 6
29094 5
29095 0
29096 6
29097 5
29098 5
29099 0
29100 6
29101 5
29102 6
29103 5
29104 0
29105 6
29106 5
29107 6
29108 5
29109 5
29110 0
29111 0
29112 6
29113 5
29114 6
29115 5
29116 0
29117 6
29118 5
29119 5
29120 0
29121 6
29122 5
29123 0
29124 6
29125 5
29126 6
29127 5
29128 5
29129 0
29130 0
29131 6
29132 5
29133 6
29134 5
29135 5
29136 0
29137 0
29138 6
29139 5
29140 0
29141 6
29142 5
29143 6
29144 5
29145 5
29146 0
29147 0
29148 6
29149 5
29150 0
29151 6
29152 5
29153 5
29154 0
29155 0
29156 6
29157 5
29158 6
29159 5
29160 5
29161 0
29162 0
29163 6
29164 5
29165 0
29166 6
29167 5
29168 5
29169 0
29170 0
29171 6
29172 5
29173 0
29174 6
29175 5
29176 7
29177 5
29178 5
29179 0
29180 0
29181 0
29182 7
29183 7
29184 5
29185 5
29186 0
29187 2
29188 2
29189 2
29190 2
29191 2
29192 2
29193 2
29194 2
29195 2
29196 2
29197 2
29198 2
29199 2
29200 2
29201 2
29202 2
29203 2
29204 2
29205 2
29206 2
29207 2
29208 2
29209 2
29210 2
29211 2
29212 2
29213 2
29214 2
29215 2
29216 2
29217 2
29218 2
29219 2
29220 2
29221 2
29222 2
29223 2
29224 2
29225 2
29226 2
29227 2
29228 2
29229 2
29230 2
29231 0
29232 0
29233 0
29234 0
29235 0
29236 0
29237 0
29238 0
29239 0
29240 0
29241 0
29242 0
29243 0
29244 0
29245 0
29246 0
29247 0
29248 0
29249 0
29250 0
29251 0
29252 0
29253 0
29254 0
29255 0
29256 0
29257 0
29258 0
29259 0
29260 0
29261 0
29262 0
29263 0
29264 0
29265 5
29266 5
29267 5
29268 0
29269 0
29270 0
29271 0
29272 0
29273 0
29274 0
29275 0
29276 0
29277 0
29278 0
29279 0
29280 0
29281 0
29282 0
29283 0
29284 0
29285 0
29286 0
29287 0
29288 0
29289 0
29290 0
29291 0
29292 0
29293 0
29294 0
29295 0
29296 0
29297 0
29298 0
29299 0
29300 0
29301 0
29302 0
29303 0
29304 0
29305 0
29306 0
29307 0
29308 0
29309 0
29310 0
29311 0
29312 0
29313 0
29314 0
29315 0
29316 0
29317 0
29318 0
29319 0
29320 0
29321 0
29322 0
29323 0
29324 0
29325 0
29326 0
29327 0
29328 0
29329 0
29330 0
29331 0
29332 0
29333 0
29334 0
29335 0
29336 0
29337 0
29338 0
29339 0
29340 0
29341 0
29342 0
29343 0
29344 0
29345 0
29346 0
29347 0
29348 0
29349 0
29350 0
29351 0
29352 0
29353 0
29354 0
29355 0
29356 0
29357 0
29358 0
29359 0
29360 0
29361 0
29362 0
29363 0
29364 0
29365 0
29366 0
29367 0
29368 0
29369 0
29370 0
29371 0
29372 0
29373 0
29374 0
29375 0
29376 0
29377 0
29378 0
29379 0
29380 0
29381 0
29382 0
29383 0
29384 0
29385 0
29386 0
29387 0
29388 0
29389 0
29390 0
29391 0
29392 0
29393 0
29394 0
29395 0
29396 0
29397 0
29398 0
29399 0
29400 0
29401 0
29402 0
29403 0
29404 0
29405 0
29406 0
29407 0
29408 0
29409 0
29410 0
29411 0
29412 0
29413 0
29414 0
29415 0
29416 0
29417 0
29418 0
29419 0
29420 0
29421 0
29422 0
29423 0
29424 0
29425 0
29426 0
29427 0
29428 0
29429 0
29430 0
29431 0
29432 0
29433 0
29434 0
29435 0
29436 0
29437 0
29438 0
29439 0
29440 0
29441 0
29442 0
29443 0
29444 0
29445 0
29446 0
29447 0
29448 0
29449 0
29450 0
29451 0
29452 0
29453 0
29454 0
29455 0
29456 0
29457 0
29458 0
29459 0
29460 0
29461 0
29462 0
29463 0
29464 0
29465 0
29466 0
29467 0
29468 0
29469 0
29470 0
29471 0
29472 0
29473 0
29474 0
29475 0
29476 0
29477 0
29478 0
29479 0
29480 0
29481 0
29482 0
29483 0
29484 0
29485 0
29486 0
29487 0
29488 0
29489 0
29490 0
29491 7
29492 7
29493 5
29494 7
29495 7
29496 5
29497 7
29498 7
29499 7
29500 5
29501 0
29502 7
29503 7
29504 5
29505 7
29506 7
29507 5
29508 7
29509 7
29510 5
29511 7
29512 7
29513 5
29514 7
29515 7
29516 5
29517 0
29518 7
29519 7
29520 7
29521 5
29522 7
29523 7
29524 5
29525 7
29526 7
29527 5
29528 7
29529 7
29530 5
29531 7
29532 7
29533 5
29534 0
29535 7
29536 7
29537 5
29538 7
29539 7
29540 5
29541 7
29542 7
29543 5
29544 7
29545 7
29546 5
29547 0
29548 6
29549 5
29550 6
29551 5
29552 6
29553 6
29554 5
29555 6
29556 5
29557 6
29558 5
29559 0
29560 6
29561 5
29562 6
29563 5
29564 6
29565 5
29566 6
29567 5
29568 0
29569 6
29570 5
29571 6
29572 5
29573 6
29574 5
29575 6
29576 5
29577 0
29578 6
29579 5
29580 6
29581 5
29582 6
29583 5
29584 6
29585 5
29586 0
29587 6
29588 5
29589 6
29590 5
29591 6
29592 5
29593 6
29594 5
29595 0
29596 6
29597 5
29598 6
29599 5
29600 6
29601 5
29602 6
29603 5
29604 0
29605 6
29606 5
29607 6
29608 5
29609 6
29610 5
29611 0
29612 6
29613 5
29614 6
29615 5
29616 6
29617 5
29618 6
29619 5
29620 0
29621 6
29622 5
29623 6
29624 5
29625 6
29626 5
29627 0
29628 6
29629 5
29630 6
29631 5
29632 6
29633 5
29634 0
29635 6
29636 5
29637 6
29638 5
29639 6
29640 5
29641 0
29642 6
29643 5
29644 6
29645 5
29646 6
29647 5
29648 0
29649 6
29650 5
29651 6
29652 5
29653 5
29654 0
29655 6
29656 5
29657 6
29658 5
29659 6
29660 5
29661 0
29662 6
29663 5
29664 6
29665 5
29666 0
29667 6
29668 5
29669 6
29670 5
29671 6
29672 5
29673 5
29674 0
29675 6
29676 5
29677 0
29678 6
29679 5
29680 6
29681 5
29682 6
29683 5
29684 0
29685 6
29686 5
29687 6
29688 5
29689 5
29690 0
29691 6
29692 5
29693 0
29694 6
29695 5
29696 6
29697 5
29698 6
29699 5
29700 0
29701 6
29702 5
29703 5
29704 0
29705 6
29706 5
29707 6
29708 5
29709 0
29710 6
29711 5
29712 6
29713 5
29714 5
29715 0
29716 0
29717 6
29718 5
29719 6
29720 5
29721 0
29722 6
29723 5
29724 6
29725 5
29726 5
29727 0
29728 6
29729 5
29730 0
29731 6
29732 5
29733 6
29734 5
29735 5
29736 0
29737 0
29738 6
29739 5
29740 6
29741 5
29742 0
29743 6
29744 5
29745 5
29746 0
29747 6
29748 5
29749 0
29750 6
29751 5
29752 2
29753 2
29754 2
29755 2
29756 2
29757 2
29758 2
29759 2
29760 2
29761 2
29762 2
29763 2
29764 2
29765 2
29766 2
29767 2
29768 2
29769 2
29770 2
29771 2
29772 2
29773 2
29774 2
29775 2
29776 2
29777 2
29778 5
29779 5
29780 5
29781 4
29782 4
29783 4
29784 4
29785 4
29786 4
29787 4
29788 4
29789 4
29790 4
29791 4
29792 4
29793 4
29794 4
29795 4
29796 4
29797 4
29798 4
29799 4
29800 4
29801 4
29802 4
29803 4
29804 4
29805 4
29806 4
29807 4
29808 4
29809 4
29810 4
29811 4
29812 4
29813 4
29814 4
29815 4
29816 4
29817 4
29818 4
29819 4
29820 4
29821 4
29822 4
29823 4
29824 4
29825 4
29826 4
29827 4
29828 4
29829 4
29830 4
29831 4
29832 4
29833 4
29834 4
29835 4
29836 4
29837 4
29838 4
29839 4
29840 4
29841 4
29842 4
29843 4
29844 4
29845 4
29846 4
29847 4
29848 4
29849 4
29850 4
29851 4
29852 4
29853 4
29854 4
29855 4
29856 4
29857 4
29858 4
29859 4
29860 4
29861 4
29862 4
29863 4
29864 4
29865 4
29866 4
29867 4
29868 4
29869 4
29870 4
29871 4
29872 4
29873 4
29874 4
29875 4
29876 4
29877 4
29878 4
29879 4
29880 4
29881 4
29882 4
29883 4
29884 4
29885 4
29886 4
29887 4
29888 4
29889 4
29890 4
29891 4
29892 4
29893 4
29894 4
29895 4
29896 4
29897 4
29898 4
29899 4
29900 4
29901 4
29902 4
29903 4
29904 4
29905 4
29906 4
29907 4
29908 4
29909 4
29910 4
29911 4
29912 4
29913 4
29914 4
29915 4
29916 4
29917 4
29918 4
29919 4
29920 4
29921 4
29922 4
29923 4
29924 4
29925 4
29926 4
29927 4
29928 4
29929 4
29930 4
29931 4
29932 4
29933 4
29934 4
29935 4
29936 4
29937 4
29938 4
29939 4
29940 4
29941 4
29942 4
29943 4
29944 4
29945 4
29946 4
29947 4
29948 4
29949 4
29950 4
29951 4
29952 4
29953 4
29954 4
29955 4
29956 4
29957 4
29958 4
29959 4
29960 4
29961 4
29962 4
29963 4
29964 4
29965 4
29966 4
29967 4
29968 4
29969 4
29970 4
29971 4
29972 4
29973 4
29974 4
29975 4
29976 4
29977 4
29978 4
29979 4
29980 4
29981 4
29982 4
29983 4
29984 4
29985 4
29986 4
29987 4
29988 4
29989 4
29990 4
29991 4
29992 4
29993 4
29994 4
29995 4
29996 4
29997 4
29998 4
29999 8
30000 6
30001 6
30002 6
30003 6
30004 6
30005 6
30006 6
30007 6
30008 6
30009 6
30010 6
30011 6
30012 6
30013 6
30014 6
30015 6
30016 6
30017 6
30018 6
30019 6
30020 6
30021 6
30022 6
30023 6
30024 6
30025 6
30026 6
30027 6
30028 6
30029 6
30030 6
30031 6
30032 6
30033 6
30034 6
30035 6
30036 6
30037 6
30038 6
30039 6
30040 6
30041 6
30042 6
30043 6
30044 6
30045 6
30046 6
30047 6
30048 6
30049 6
30050 6
30051 6
30052 6
30053 6
30054 6
30055 6
30056 6
30057 6
30058 6
30059 6
30060 6
30061 6
30062 6
30063 0
30064 0
30065 0
30066 0
30067 0
30068 0
30069 0
30070 0
30071 0
30072 0
30073 0
30074 0
30075 0
30076 0
30077 0
30078 0
30079 0
30080 0
30081 0
30082 0
30083 0
30084 0
30085 0
30086 0
30087 0
30088 0
30089 0
30090 0
30091 0
30092 0
30093 0
30094 0
30095 0
30096 0
30097 0
30098 0
30099 0
30100 0
30101 0
30102 0
30103 0
30104 0
30105 0
30106 0
30107 0
30108 0
30109 0
30110 0
30111 0
30112 0
30113 0
30114 0
30115 0
30116 0
30117 0
30118 0
30119 0
30120 0
30121 0
30122 0
30123 0
30124 0
30125 0
30126 0
30127 0
30128 0
30129 0
30130 0
30131 0
30132 0
30133 0
30134 0
30135 0
30136 0
30137 0
30138 0
30139 0
30140 0
30141 0
30142 0
30143 0
30144 0
30145 0
30146 0
30147 0
30148 0
30149 0
30150 0
30151 0
30152 0
30153 0
30154 0
30155 0
30156 0
30157 0
30158 0
30159 0
30160 0
30161 0
30162 0
30163 0
30164 0
30165 0
30166 0
30167 0
30168 0
30169 0
30170 0
30171 0
30172 0
30173 0
30174 0
30175 0
30176 0
30177 0
30178 0
30179 0
30180 0
30181 0
30182 0
30183 0
30184 0
30185 0
30186 0
30187 0
30188 0
30189 0
30190 0
30191 0
30192 0
30193 0
30194 0
30195 0
30196 0
30197 0
30198 0
30199 0
30200 0
30201 0
30202 0
30203 0
30204 0
30205 0
30206 0
30207 0
30208 0
30209 0
30210 0
30211 0
30212 0
30213 0
30214 0
30215 0
30216 0
30217 0
30218 0
30219 0
30220 0
30221 0
30222 0
30223 0
30224 0
30225 0
30226 0
30227 0
30228 0
30229 0
30230 0
30231 0
30232 0
30233 0
30234 0
30235 0
30236 0
30237 0
30238 0
30239 0
30240 0
30241 0
30242 0
30243 0
30244 0
30245 0
30246 0
30247 0
30248 0
30249 0
30250 0
30251 0
30252 0
30253 0
30254 0
30255 0
30256 0
30257 0
30258 0
30259 0
30260 0
30261 0
30262 0
30263 0
30264 0
30265 0
30266 0
30267 0
30268 0
30269 0
30270 0
30271 0
30272 0
30273 0
30274 0
30275 0
30276 0
30277 0
30278 0
30279 0
30280 0
30281 0
30282 0
30283 0
30284 0
30285 0
30286 0
30287 0
30288 0
30289 0
30290 0
30291 0
30292 0
30293 0
30294 0
30295 0
30296 0
30297 0
30298 0
30299 0
30300 0
30301 0
30302 0
30303 0
30304 0
30305 0
30306 0
30307 0
30308 0
30309 0
30310 0
30311 0
30312 0
30313 0
30314 0
30315 0
30316 0
30317 0
30318 0
30319 0
30320 0
30321 0
30322 0
30323 0
30324 0
30325 0
30326 6
30327 0
30328 6
30329 6
30330 6
30331 6
30332 6
30333 0
30334 6
30335 6
30336 6
30337 6
30338 0
30339 6
30340 6
30341 6
30342 0
30343 6
30344 6
30345 6
30346 6
30347 0
30348 6
30349 6
30350 6
30351 0
30352 6
30353 6
30354 6
30355 0
30356 6
30357 5
30358 6
30359 6
30360 5
30361 0
30362 6
30363 5
30364 6
30365 5
30366 6
30367 7
30368 5
30369 0
30370 6
30371 5
30372 6
30373 5
30374 6
30375 5
30376 7
30377 0
30378 6
30379 5
30380 6
30381 5
30382 6
30383 5
30384 0
30385 6
30386 5
30387 6
30388 6
30389 5
30390 0
30391 6
30392 5
30393 6
30394 5
30395 6
30396 5
30397 0
30398 6
30399 5
30400 6
30401 5
30402 6
30403 5
30404 0
30405 6
30406 6
30407 5
30408 7
30409 5
30410 0
30411 6
30412 5
30413 6
30414 5
30415 6
30416 5
30417 0
30418 6
30419 6
30420 5
30421 0
30422 6
30423 5
30424 6
30425 5
30426 6
30427 5
30428 0
30429 6
30430 5
30431 6
30432 5
30433 0
30434 6
30435 5
30436 6
30437 7
30438 5
30439 0
30440 6
30441 5
30442 6
30443 5
30444 0
30445 6
30446 5
30447 6
30448 5
30449 6
30450 5
30451 0
30452 6
30453 6
30454 6
30455 6
30456 6
30457 6
30458 6
30459 6
30460 6
30461 6
30462 6
30463 6
30464 6
30465 6
30466 6
30467 6
30468 6
30469 6
30470 6
30471 6
30472 6
30473 6
30474 6
30475 6
30476 6
30477 6
30478 6
30479 6
30480 6
30481 6
30482 6
30483 6
30484 6
30485 6
30486 6
30487 6
30488 6
30489 6
30490 6
30491 6
30492 6
30493 4
30494 4
30495 4
30496 4
30497 4
30498 4
30499 4
30500 4
30501 4
30502 4
30503 4
30504 4
30505 4
30506 4
30507 4
30508 4
30509 4
30510 4
30511 4
30512 4
30513 4
30514 4
30515 4
30516 4
30517 6
30518 4
30519 4
30520 4
30521 4
30522 4
30523 4
30524 4
30525 4
30526 4
30527 4
30528 4
30529 4
30530 4
30531 4
30532 4
30533 4
30534 4
30535 4
30536 4
30537 4
30538 4
30539 4
30540 4
30541 4
30542 4
30543 4
30544 4
30545 4
30546 4
30547 4
30548 4
30549 4
30550 4
30551 4
30552 4
30553 4
30554 4
30555 4
30556 4
30557 4
30558 4
30559 4
30560 4
30561 4
30562 4
30563 4
30564 4
30565 4
30566 4
30567 4
30568 4
30569 4
30570 4
30571 4
30572 4
30573 4
30574 4
30575 4
30576 4
30577 4
30578 4
30579 4
30580 4
30581 4
30582 4
30583 4
30584 4
30585 4
30586 4
30587 4
30588 4
30589 4
30590 6
30591 4
30592 4
30593 4
30594 4
30595 4
30596 4
30597 4
30598 4
30599 4
30600 4
30601 4
30602 4
30603 4
30604 4
30605 4
30606 4
30607 4
30608 4
30609 4
30610 4
30611 4
30612 4
30613 4
30614 4
30615 4
30616 4
30617 4
30618 4
30619 4
30620 4
30621 4
30622 4
30623 4
30624 4
30625 4
30626 4
30627 4
30628 4
30629 4
30630 4
30631 4
30632 4
30633 4
30634 4
30635 4
30636 4
30637 4
30638 4
30639 4
30640 4
30641 4
30642 4
30643 4
30644 4
30645 4
30646 4
30647 4
30648 4
30649 4
30650 6
30651 4
30652 4
30653 4
30654 4
30655 4
30656 4
30657 4
30658 4
30659 4
30660 4
30661 4
30662 4
30663 4
30664 4
30665 4
30666 4
30667 4
30668 4
30669 4
30670 4
30671 4
30672 4
30673 4
30674 4
30675 4
30676 4
30677 4
30678 4
30679 4
30680 4
30681 4
30682 4
30683 4
30684 4
30685 4
30686 4
30687 4
30688 4
30689 4
30690 4
30691 4
30692 6
30693 4
30694 4
30695 4
30696 4
30697 4
30698 4
30699 4
30700 4
30701 4
30702 4
30703 4
30704 4
30705 4
30706 4
30707 4
30708 4
30709 4
30710 4
30711 4
30712 4
30713 4
30714 4
30715 4
30716 4
30717 4
30718 4
30719 4
30720 4
30721 4
30722 4
30723 4
30724 6
30725 4
30726 4
30727 4
30728 4
30729 4
30730 4
30731 4
30732 4
30733 4
30734 4
30735 4
30736 4
30737 4
30738 4
30739 4
30740 4
30741 4
30742 4
30743 4
30744 4
30745 4
30746 4
30747 4
30748 4
30749 4
30750 6
30751 4
30752 4
30753 4
30754 4
30755 4
30756 4
30757 4
30758 4
30759 4
30760 4
30761 4
30762 4
30763 4
30764 4
30765 4
30766 4
30767 4
30768 4
30769 4
30770 4
30771 4
30772 4
30773 4
30774 4
30775 4
30776 4
30777 4
30778 4
30779 4
30780 4
30781 4
30782 4
30783 4
30784 4
30785 4
30786 4
30787 4
30788 4
30789 4
30790 4
30791 4
30792 4
30793 4
30794 4
30795 4
30796 4
30797 4
30798 4
30799 4
30800 4
30801 4
30802 4
30803 4
30804 4
30805 4
30806 4
30807 4
30808 4
30809 4
30810 4
30811 4
30812 4
30813 4
30814 4
30815 4
30816 4
30817 4
30818 4
30819 4
30820 4
30821 4
30822 4
30823 4
30824 4
30825 4
30826 4
30827 4
30828 4
30829 4
30830 4
30831 4
30832 6
30833 6
30834 4
30835 6
30836 6
30837 4
30838 6
30839 0
30840 4
30841 0
30842 6
30843 6
30844 6
30845 0
30846 0
30847 0
30848 0
30849 0
30850 0
30851 0
30852 0
30853 0
30854 0
30855 0
30856 0
30857 0
30858 0
30859 0
30860 0
30861 0
30862 0
30863 0
30864 0
30865 0
30866 0
30867 0
30868 0
30869 0
30870 0
30871 0
30872 0
30873 0
30874 0
30875 0
30876 0
30877 0
30878 0
30879 0
30880 0
30881 0
30882 0
30883 0
30884 0
30885 0
30886 0
30887 0
30888 0
30889 0
30890 0
30891 0
30892 0
30893 0
30894 0
30895 0
30896 0
30897 0
30898 0
30899 0
30900 0
30901 0
30902 0
30903 0
30904 0
30905 0
30906 0
30907 0
30908 0
30909 0
30910 0
30911 0
30912 0
30913 0
30914 0
30915 0
30916 0
30917 0
30918 0
30919 0
30920 0
30921 0
30922 0
30923 0
30924 0
30925 0
30926 0
30927 0
30928 0
30929 0
30930 0
30931 0
30932 0
30933 0
30934 0
30935 0
30936 0
30937 0
30938 0
30939 0
30940 0
30941 0
30942 0
30943 0
30944 0
30945 0
30946 0
30947 0
30948 0
30949 0
30950 0
30951 0
30952 0
30953 0
30954 0
30955 0
30956 0
30957 0
30958 0
30959 0
30960 0
30961 0
30962 0
30963 0
30964 0
30965 0
30966 0
30967 0
30968 0
30969 0
30970 0
30971 0
30972 0
30973 0
30974 0
30975 0
30976 0
30977 0
30978 0
30979 0
30980 0
30981 0
30982 0
30983 0
30984 0
30985 0
30986 0
30987 0
30988 0
30989 0
30990 0
30991 0
30992 0
30993 0
30994 0
30995 0
30996 0
30997 0
30998 0
30999 0
31000 0
31001 0
31002 0
31003 0
31004 0
31005 0
31006 0
31007 0
31008 0
31009 0
31010 0
31011 0
31012 0
31013 0
31014 0
31015 0
31016 0
31017 0
31018 0
31019 0
31020 0
31021 0
31022 0
31023 0
31024 0
31025 0
31026 0
31027 0
31028 0
31029 0
31030 0
31031 0
31032 0
31033 0
31034 0
31035 0
31036 0
31037 0
31038 0
31039 0
31040 0
31041 0
31042 0
31043 0
31044 0
31045 0
31046 0
31047 0
31048 0
31049 0
31050 0
31051 0
31052 0
31053 0
31054 0
31055 0
31056 0
31057 0
31058 0
31059 0
31060 0
31061 0
31062 0
31063 0
31064 0
31065 0
31066 0
31067 0
31068 0
31069 0
31070 0
31071 0
31072 0
31073 0
31074 0
31075 0
31076 0
31077 0
31078 0
31079 0
31080 0
31081 0
31082 0
31083 0
31084 0
31085 0
31086 0
31087 0
31088 0
31089 0
31090 0
31091 0
31092 0
31093 0
31094 0
31095 0
31096 0
31097 0
31098 0
31099 0
31100 0
31101 0
31102 0
31103 0
31104 0
31105 0
31106 0
31107 0
31108 0
31109 0
31110 0
31111 0
31112 0
31113 0
31114 0
31115 0
31116 0
31117 0
31118 0
31119 0
31120 0
31121 0
31122 0
31123 0
31124 0
31125 0
31126 0
31127 0
31128 0
31129 0
31130 0
31131 0
31132 0
31133 0
31134 0
31135 0
31136 0
31137 0
31138 0
31139 0
31140 0
31141 0
31142 0
31143 0
31144 0
31145 0
31146 0
31147 0
31148 0
31149 0
31150 0
31151 0
31152 0
31153 0
31154 0
31155 0
31156 0
31157 0
31158 0
31159 0
31160 0
31161 0
31162 0
31163 0
31164 0
31165 0
31166 0
31167 0
31168 0
31169 0
31170 0
31171 0
31172 0
31173 0
31174 0
31175 0
31176 0
31177 0
31178 0
31179 0
31180 0
31181 0
31182 0
31183 0
31184 0
31185 0
31186 0
31187 0
31188 0
31189 0
31190 0
31191 0
31192 0
31193 0
31194 0
31195 0
31196 0
31197 0
31198 0
31199 0
31200 0
31201 0
31202 0
31203 0
31204 0
31205 0
31206 0
31207 0
31208 0
31209 0
31210 0
31211 0
31212 0
31213 0
31214 0
31215 0
31216 0
31217 0
31218 0
31219 0
31220 0
31221 0
31222 0
31223 0
31224 0
31225 0
31226 0
31227 0
31228 1
31229 1
31230 0
31231 1
31232 1
31233 6
31234 6
31235 6
31236 6
31237 1
31238 6
31239 6
31240 1
31241 1
31242 1
31243 1
31244 1
31245 1
31246 1
31247 1
31248 1
31249 2
31250 1
31251 2
31252 1
31253 2
31254 1
31255 2
31256 1
31257 2
31258 2
31259 5
31260 1
31261 5
31262 2
31263 2
31264 2
31265 2
31266 2
31267 2
31268 2
31269 2
31270 2
31271 2
31272 2
31273 2
31274 2
31275 2
31276 2
31277 2
31278 2
31279 2
31280 2
31281 2
31282 2
31283 2
31284 2
31285 2
31286 2
31287 2
31288 2
31289 2
31290 2
31291 2
31292 2
31293 2
31294 2
31295 2
31296 2
31297 2
31298 2
31299 2
31300 2
31301 2
31302 2
31303 2
31304 2
31305 2
31306 2
31307 2
31308 2
31309 2
31310 2
31311 2
31312 2
31313 2
31314 2
31315 2
31316 2
31317 2
31318 2
31319 2
31320 2
31321 2
31322 2
31323 2
31324 2
31325 2
31326 2
31327 2
31328 2
31329 2
31330 2
31331 2
31332 2
31333 2
31334 2
31335 2
31336 2
31337 0
31338 0
31339 0
31340 0
31341 0
31342 0
31343 0
31344 0
31345 0
31346 0
31347 0
31348 0
31349 0
31350 5
31351 5
31352 5
31353 0
31354 0
31355 0
31356 0
31357 0
31358 0
31359 0
31360 0
31361 0
31362 0
31363 0
31364 0
31365 0
31366 0
31367 0
31368 0
31369 0
31370 0
31371 0
31372 0
31373 0
31374 0
31375 0
31376 0
31377 0
31378 0
31379 0
31380 0
31381 0
31382 0
31383 0
31384 0
31385 0
31386 0
31387 0
31388 0
31389 0
31390 0
31391 0
31392 0
31393 6
31394 5
31395 6
31396 6
31397 5
31398 6
31399 5
31400 6
31401 5
31402 6
31403 5
31404 0
31405 6
31406 5
31407 6
31408 5
31409 6
31410 6
31411 5
31412 6
31413 5
31414 6
31415 5
31416 0
31417 6
31418 5
31419 6
31420 5
31421 6
31422 5
31423 6
31424 5
31425 6
31426 6
31427 5
31428 6
31429 5
31430 0
31431 6
31432 5
31433 6
31434 5
31435 6
31436 5
31437 6
31438 5
31439 0
31440 6
31441 5
31442 6
31443 5
31444 6
31445 5
31446 6
31447 5
31448 0
31449 6
31450 6
31451 5
31452 6
31453 5
31454 6
31455 5
31456 6
31457 5
31458 6
31459 5
31460 0
31461 6
31462 5
31463 6
31464 5
31465 6
31466 5
31467 0
31468 6
31469 5
31470 6
31471 5
31472 6
31473 5
31474 6
31475 5
31476 0
31477 6
31478 5
31479 6
31480 5
31481 6
31482 5
31483 0
31484 6
31485 5
31486 6
31487 5
31488 6
31489 5
31490 0
31491 6
31492 5
31493 6
31494 5
31495 6
31496 5
31497 6
31498 5
31499 0
31500 6
31501 5
31502 6
31503 5
31504 6
31505 5
31506 0
31507 6
31508 5
31509 6
31510 5
31511 6
31512 5
31513 0
31514 6
31515 5
31516 6
31517 5
31518 0
31519 6
31520 5
31521 6
31522 5
31523 6
31524 5
31525 0
31526 6
31527 5
31528 5
31529 0
31530 6
31531 5
31532 6
31533 5
31534 0
31535 6
31536 5
31537 6
31538 5
31539 6
31540 5
31541 0
31542 6
31543 5
31544 6
31545 5
31546 6
31547 5
31548 0
31549 6
31550 5
31551 5
31552 0
31553 6
31554 5
31555 0
31556 6
31557 5
31558 6
31559 5
31560 6
31561 5
31562 0
31563 6
31564 5
31565 6
31566 5
31567 5
31568 0
31569 0
31570 6
31571 5
31572 6
31573 5
31574 0
31575 6
31576 5
31577 6
31578 5
31579 0
31580 6
31581 5
31582 5
31583 0
31584 6
31585 5
31586 0
31587 6
31588 5
31589 6
31590 5
31591 0
31592 6
31593 5
31594 5
31595 0
31596 0
31597 6
31598 5
31599 6
31600 5
31601 0
31602 6
31603 5
31604 5
31605 0
31606 6
31607 5
31608 0
31609 6
31610 5
31611 0
31612 6
31613 5
31614 6
31615 5
31616 5
31617 0
31618 0
31619 6
31620 5
31621 0
31622 6
31623 5
31624 6
31625 5
31626 5
31627 0
31628 0
31629 0
31630 6
31631 5
31632 6
31633 5
31634 5
31635 0
31636 0
31637 0
31638 6
31639 5
31640 6
31641 5
31642 0
31643 6
31644 5
31645 5
31646 0
31647 0
31648 0
31649 6
31650 5
31651 6
31652 5
31653 5
31654 0
31655 0
31656 0
31657 6
31658 5
31659 0
31660 6
31661 5
31662 5
31663 0
31664 0
31665 0
31666 6
31667 5
31668 0
31669 6
31670 5
31671 5
31672 0
31673 0
31674 0
31675 6
31676 5
31677 0
31678 6
31679 5
31680 5
31681 0
31682 0
31683 0
31684 6
31685 5
31686 0
31687 6
31688 5
31689 5
31690 0
31691 0
31692 0
31693 0
31694 6
31695 5
31696 5
31697 0
31698 0
31699 0
31700 0
31701 0
31702 6
31703 5
31704 0
31705 6
31706 5
31707 5
31708 0
31709 0
31710 0
31711 0
31712 0
31713 6
31714 5
31715 5
31716 0
31717 0
31718 0
31719 0
31720 0
31721 6
31722 5
31723 0
31724 6
31725 5
31726 5
31727 0
31728 0
31729 0
31730 0
31731 0
31732 0
31733 0
31734 0
31735 0
31736 0
31737 0
31738 0
31739 0
31740 0
31741 0
31742 0
31743 0
31744 0
31745 0
31746 0
31747 0
31748 0
31749 0
31750 0
31751 0
31752 0
31753 0
31754 0
31755 0
31756 0
31757 0
31758 0
31759 0
31760 0
31761 0
31762 0
31763 0
31764 0
31765 0
31766 0
31767 0
31768 0
31769 0
31770 0
31771 0
31772 0
31773 0
31774 0
31775 0
31776 0
31777 0
31778 0
31779 0
31780 0
31781 0
31782 0
31783 0
31784 0
31785 0
31786 0
31787 0
31788 0
31789 0
31790 0
31791 0
31792 0
31793 0
31794 0
31795 0
31796 0
31797 0
31798 0
31799 0
31800 0
31801 0
31802 0
31803 0
31804 0
31805 0
31806 0
31807 0
31808 0
31809 0
31810 0
31811 0
31812 0
31813 0
31814 0
31815 0
31816 0
31817 0
31818 0
31819 0
31820 0
31821 0
31822 0
31823 0
31824 0
31825 0
31826 0
31827 0
31828 0
31829 0
31830 0
31831 0
31832 0
31833 0
31834 0
31835 0
31836 0
31837 0
31838 0
31839 0
31840 0
31841 0
31842 0
31843 0
31844 0
31845 0
31846 0
31847 0
31848 0
31849 0
31850 0
31851 0
31852 0
31853 0
31854 0
31855 0
31856 0
31857 0
31858 0
31859 0
31860 0
31861 0
31862 0
31863 0
31864 0
31865 0
31866 0
31867 0
31868 0
31869 0
31870 0
31871 0
31872 0
31873 0
31874 0
31875 0
31876 0
31877 0
31878 0
31879 0
31880 0
31881 0
31882 0
31883 0
31884 0
31885 0
31886 0
31887 0
31888 0
31889 0
31890 0
31891 0
31892 0
31893 0
31894 0
31895 0
31896 0
31897 0
31898 0
31899 0
31900 0
31901 0
31902 0
31903 0
31904 0
31905 0
31906 0
31907 0
31908 8
31909 2
31910 2
31911 2
31912 2
31913 2
31914 2
31915 2
31916 2
31917 2
31918 2
31919 2
31920 2
31921 2
31922 2
31923 2
31924 2
31925 2
31926 2
31927 2
31928 2
31929 2
31930 2
31931 2
31932 2
31933 2
31934 2
31935 2
31936 2
31937 2
31938 2
31939 2
31940 2
31941 2
31942 2
31943 2
31944 2
31945 2
31946 2
31947 2
31948 2
31949 2
31950 2
31951 2
31952 2
31953 2
31954 2
31955 2
31956 2
31957 2
31958 2
31959 2
31960 2
31961 2
31962 2
31963 0
31964 0
31965 0
31966 0
31967 0
31968 0
31969 0
31970 0
31971 0
31972 0
31973 0
31974 0
31975 0
31976 0
31977 0
31978 0
31979 0
31980 0
31981 0
31982 0
31983 0
31984 0
31985 0
31986 0
31987 0
31988 0
31989 0
31990 0
31991 0
31992 0
31993 0
31994 0
31995 0
31996 0
31997 0
31998 5
31999 5
32000 5
32001 8
32002 0
32003 0
32004 0
32005 0
32006 0
32007 0
32008 0
32009 0
32010 0
32011 0
32012 0
32013 0
32014 0
32015 0
32016 0
32017 0
32018 0
32019 0
32020 0
32021 0
32022 0
32023 0
32024 0
32025 0
32026 0
32027 0
32028 0
32029 0
32030 0
32031 0
32032 0
32033 0
32034 0
32035 0
32036 0
32037 0
32038 0
32039 0
32040 0
32041 0
32042 0
32043 0
32044 0
32045 0
32046 0
32047 0
32048 0
32049 0
32050 0
32051 0
32052 0
32053 0
32054 0
32055 0
32056 0
32057 0
32058 0
32059 0
32060 0
32061 0
32062 0
32063 0
32064 0
32065 0
32066 0
32067 0
32068 0
32069 0
32070 0
32071 0
32072 0
32073 0
32074 0
32075 0
32076 0
32077 0
32078 0
32079 0
32080 0
32081 0
32082 0
32083 0
32084 0
32085 0
32086 0
32087 0
32088 0
32089 0
32090 0
32091 0
32092 0
32093 0
32094 0
32095 0
32096 0
32097 0
32098 0
32099 0
32100 0
32101 0
32102 0
32103 0
32104 0
32105 0
32106 0
32107 0
32108 0
32109 0
32110 0
32111 0
32112 0
32113 0
32114 0
32115 0
32116 0
32117 0
32118 0
32119 0
32120 0
32121 0
32122 0
32123 0
32124 0
32125 0
32126 0
32127 0
32128 0
32129 0
32130 0
32131 0
32132 0
32133 0
32134 0
32135 0
32136 0
32137 0
32138 0
32139 0
32140 0
32141 0
32142 0
32143 0
32144 0
32145 0
32146 0
32147 0
32148 0
32149 0
32150 0
32151 6
32152 6
32153 6
32154 6
32155 6
32156 6
32157 8
32158 6
32159 6
32160 6
32161 6
32162 6
32163 6
32164 6
32165 6
32166 6
32167 6
32168 6
32169 6
32170 6
32171 6
32172 6
32173 6
32174 6
32175 6
32176 6
32177 6
32178 6
32179 6
32180 6
32181 6
32182 6
32183 6
32184 6
32185 6
32186 6
32187 6
32188 6
32189 6
32190 6
32191 6
32192 6
32193 4
32194 4
32195 4
32196 4
32197 4
32198 4
32199 4
32200 4
32201 4
32202 4
32203 4
32204 4
32205 4
32206 4
32207 4
32208 4
32209 4
32210 4
32211 4
32212 4
32213 4
32214 4
32215 4
32216 4
32217 4
32218 4
32219 4
32220 4
32221 4
32222 4
32223 4
32224 4
32225 4
32226 4
32227 4
32228 4
32229 4
32230 4
32231 4
32232 4
32233 4
32234 4
32235 4
32236 4
32237 4
32238 4
32239 6
32240 4
32241 4
32242 4
32243 4
32244 4
32245 4
32246 4
32247 4
32248 4
32249 4
32250 4
32251 4
32252 4
32253 4
32254 4
32255 4
32256 4
32257 4
32258 4
32259 4
32260 4
32261 4
32262 4
32263 4
32264 4
32265 4
32266 4
32267 4
32268 4
32269 4
32270 4
32271 4
32272 4
32273 4
32274 4
32275 4
32276 4
32277 4
32278 4
32279 4
32280 4
32281 4
32282 4
32283 4
32284 4
32285 4
32286 4
32287 4
32288 4
32289 4
32290 4
32291 4
32292 4
32293 4
32294 4
32295 4
32296 4
32297 4
32298 4
32299 4
32300 4
32301 4
32302 6
32303 4
32304 4
32305 4
32306 4
32307 4
32308 4
32309 4
32310 4
32311 4
32312 4
32313 4
32314 4
32315 4
32316 4
32317 4
32318 4
32319 4
32320 4
32321 4
32322 4
32323 4
32324 4
32325 4
32326 4
32327 4
32328 4
32329 4
32330 4
32331 4
32332 4
32333 4
32334 4
32335 4
32336 4
32337 4
32338 4
32339 4
32340 4
32341 4
32342 4
32343 4
32344 4
32345 4
32346 4
32347 4
32348 4
32349 4
32350 4
32351 4
32352 4
32353 4
32354 6
32355 4
32356 4
32357 4
32358 4
32359 4
32360 4
32361 4
32362 4
32363 4
32364 4
32365 4
32366 4
32367 4
32368 6
32369 6
32370 6
32371 6
32372 6
32373 6
32374 6
32375 6
32376 4
32377 4
32378 4
32379 4
32380 4
32381 8
32382 2
32383 2
32384 2
32385 2
32386 2
32387 2
32388 2
32389 2
32390 2
32391 2
32392 2
32393 2
32394 2
32395 2
32396 2
32397 2
32398 2
32399 2
32400 2
32401 2
32402 2
32403 2
32404 2
32405 2
32406 2
32407 2
32408 2
32409 2
32410 2
32411 2
32412 2
32413 2
32414 2
32415 2
32416 2
32417 2
32418 2
32419 2
32420 2
32421 2
32422 2
32423 2
32424 2
32425 2
32426 2
32427 2
32428 2
32429 5
32430 5
32431 5
32432 4
32433 4
32434 4
32435 4
32436 4
32437 4
32438 4
32439 4
32440 4
32441 4
32442 4
32443 4
32444 4
32445 4
32446 4
32447 4
32448 4
32449 4
32450 4
32451 4
32452 4
32453 4
32454 4
32455 4
32456 4
32457 4
32458 4
32459 4
32460 4
32461 4
32462 4
32463 4
32464 4
32465 4
32466 4
32467 4
32468 4
32469 4
32470 4
32471 4
32472 4
32473 4
32474 4
32475 4
32476 4
32477 4
32478 4
32479 4
32480 4
32481 4
32482 4
32483 4
32484 4
32485 4
32486 4
32487 4
32488 4
32489 4
32490 4
32491 4
32492 4
32493 4
32494 4
32495 4
32496 4
32497 4
32498 4
32499 4
32500 4
32501 4
32502 4
32503 4
32504 4
32505 4
32506 4
32507 4
32508 4
32509 4
32510 4
32511 4
32512 4
32513 4
32514 4
32515 4
32516 4
32517 4
32518 4
32519 4
32520 4
32521 4
32522 4
32523 4
32524 4
32525 4
32526 4
32527 4
32528 4
32529 4
32530 4
32531 4
32532 4
32533 4
32534 4
32535 4
32536 4
32537 4
32538 4
32539 4
32540 4
32541 4
32542 4
32543 4
32544 4
32545 4
32546 4
32547 4
32548 4
32549 4
32550 4
32551 4
32552 4
32553 4
32554 4
32555 4
32556 4
32557 4
32558 4
32559 4
32560 4
32561 4
32562 4
32563 4
32564 4
32565 4
32566 4
32567 4
32568 4
32569 4
32570 4
32571 4
32572 4
32573 4
32574 4
32575 4
32576 4
32577 4
32578 4
32579 4
32580 4
32581 4
32582 4
32583 4
32584 4
32585 4
32586 4
32587 4
32588 4
32589 4
32590 4
32591 4
32592 4
32593 4
32594 4
32595 4
32596 4
32597 4
32598 4
32599 4
32600 4
32601 4
32602 4
32603 4
32604 4
32605 4
32606 4
32607 4
32608 4
32609 4
32610 4
32611 4
32612 4
32613 4
32614 4
32615 4
32616 4
32617 4
32618 4
32619 4
32620 4
32621 4
32622 4
32623 4
32624 4
32625 4
32626 4
32627 4
32628 4
32629 4
32630 4
32631 4
32632 4
32633 4
32634 4
32635 4
32636 4
32637 4
32638 4
32639 4
32640 4
32641 4
32642 4
32643 4
32644 4
32645 4
32646 4
32647 4
32648 4
32649 4
32650 4
32651 4
32652 4
32653 4
32654 4
32655 4
32656 4
32657 4
32658 4
32659 4
32660 4
32661 4
32662 4
32663 4
32664 4
32665 4
32666 6
32667 6
32668 5
32669 6
32670 5
32671 6
32672 5
32673 6
32674 5
32675 6
32676 5
32677 6
32678 5
32679 6
32680 6
32681 5
32682 6
32683 5
32684 4
32685 6
32686 5
32687 6
32688 5
32689 6
32690 5
32691 6
32692 5
32693 6
32694 5
32695 6
32696 5
32697 6
32698 6
32699 5
32700 6
32701 5
32702 6
32703 5
32704 6
32705 5
32706 4
32707 6
32708 5
32709 6
32710 5
32711 6
32712 5
32713 6
32714 5
32715 6
32716 5
32717 6
32718 5
32719 6
32720 5
32721 6
32722 5
32723 6
32724 6
32725 5
32726 4
32727 6
32728 5
32729 6
32730 5
32731 6
32732 5
32733 6
32734 5
32735 6
32736 5
32737 6
32738 5
32739 6
32740 5
32741 6
32742 5
32743 4
32744 6
32745 5
32746 6
32747 5
32748 6
32749 5
32750 6
32751 5
32752 6
32753 5
32754 6
32755 5
32756 6
32757 5
32758 4
32759 6
32760 5
32761 6
32762 5
32763 6
32764 5
32765 6
32766 5
32767 6
32768 5
32769 6
32770 5
32771 6
32772 5
32773 4
32774 6
32775 5
32776 6
32777 5
32778 6
32779 5
32780 6
32781 5
32782 6
32783 5
32784 6
32785 5
32786 6
32787 5
32788 5
32789 4
32790 6
32791 5
32792 6
32793 5
32794 6
32795 5
32796 6
32797 5
32798 4
32799 6
32800 5
32801 6
32802 5
32803 6
32804 5
32805 6
32806 5
32807 6
32808 5
32809 6
32810 5
32811 4
32812 6
32813 5
32814 5
32815 6
32816 5
32817 6
32818 5
32819 6
32820 5
32821 4
32822 4
32823 4
32824 4
32825 4
32826 4
32827 4
32828 4
32829 4
32830 4
32831 4
32832 4
32833 8
32834 2
32835 2
32836 2
32837 2
32838 2
32839 2
32840 2
32841 2
32842 2
32843 2
32844 2
32845 2
32846 5
32847 5
32848 0
32849 0
32850 0
32851 0
32852 0
32853 0
32854 0
32855 0
32856 0
32857 0
32858 0
32859 0
32860 0
32861 0
32862 0
32863 0
32864 0
32865 0
32866 0
32867 0
32868 0
32869 0
32870 0
32871 0
32872 0
32873 0
32874 0
32875 0
32876 0
32877 0
32878 0
32879 0
32880 0
32881 0
32882 0
32883 0
32884 0
32885 0
32886 0
32887 0
32888 0
32889 0
32890 0
32891 0
32892 0
32893 0
32894 0
32895 0
32896 0
32897 0
32898 0
32899 0
32900 0
32901 0
32902 0
32903 0
32904 0
32905 0
32906 0
32907 0
32908 0
32909 0
32910 0
32911 0
32912 0
32913 0
32914 0
32915 0
32916 0
32917 0
32918 0
32919 0
32920 0
32921 0
32922 0
32923 0
32924 0
32925 0
32926 0
32927 0
32928 0
32929 0
32930 0
32931 0
32932 0
32933 0
32934 0
32935 0
32936 0
32937 0
32938 0
32939 0
32940 0
32941 0
32942 0
32943 0
32944 0
32945 0
32946 0
32947 0
32948 0
32949 0
32950 0
32951 0
32952 0
32953 0
32954 0
32955 0
32956 0
32957 0
32958 0
32959 0
32960 0
32961 0
32962 0
32963 0
32964 0
32965 0
32966 0
32967 0
32968 0
32969 0
32970 0
32971 0
32972 0
32973 0
32974 0
32975 0
32976 0
32977 0
32978 0
32979 0
32980 0
32981 0
32982 0
32983 0
32984 0
32985 0
32986 0
32987 0
32988 0
32989 0
32990 0
32991 0
32992 0
32993 0
32994 0
32995 0
32996 0
32997 0
32998 0
32999 0
33000 0
33001 0
33002 0
33003 0
33004 0
33005 0
33006 0
33007 0
33008 0
33009 0
33010 0
33011 0
33012 0
33013 0
33014 0
33015 0
33016 0
33017 0
33018 0
33019 0
33020 0
33021 0
33022 0
33023 0
33024 0
33025 0
33026 0
33027 0
33028 0
33029 0
33030 0
33031 0
33032 0
33033 0
33034 0
33035 0
33036 0
33037 0
33038 0
33039 0
33040 0
33041 0
33042 0
33043 0
33044 0
33045 0
33046 0
33047 0
33048 0
33049 0
33050 0
33051 0
33052 0
33053 0
33054 0
33055 0
33056 0
33057 0
33058 0
33059 0
33060 0
33061 0
33062 0
33063 0
33064 0
33065 0
33066 0
33067 0
33068 0
33069 0
33070 0
33071 0
33072 0
33073 0
33074 0
33075 0
33076 0
33077 0
33078 0
33079 0
33080 0
33081 0
33082 0
33083 0
33084 0
33085 0
33086 0
33087 0
33088 0
33089 0
33090 0
33091 0
33092 0
33093 0
33094 0
33095 7
33096 5
33097 7
33098 7
33099 5
33100 7
33101 7
33102 7
33103 5
33104 7
33105 7
33106 5
33107 0
33108 7
33109 7
33110 5
33111 7
33112 7
33113 5
33114 7
33115 7
33116 5
33117 7
33118 7
33119 7
33120 5
33121 7
33122 7
33123 5
33124 7
33125 7
33126 5
33127 0
33128 7
33129 7
33130 5
33131 7
33132 7
33133 5
33134 7
33135 7
33136 5
33137 7
33138 7
33139 5
33140 7
33141 7
33142 5
33143 7
33144 7
33145 7
33146 5
33147 0
33148 7
33149 7
33150 5
33151 7
33152 7
33153 5
33154 7
33155 7
33156 5
33157 7
33158 7
33159 5
33160 0
33161 7
33162 7
33163 5
33164 7
33165 7
33166 5
33167 7
33168 7
33169 5
33170 7
33171 7
33172 5
33173 7
33174 7
33175 5
33176 0
33177 7
33178 7
33179 5
33180 7
33181 7
33182 5
33183 7
33184 7
33185 5
33186 7
33187 0
33188 7
33189 5
33190 7
33191 7
33192 5
33193 7
33194 7
33195 5
33196 7
33197 7
33198 5
33199 0
33200 7
33201 7
33202 5
33203 7
33204 7
33205 5
33206 7
33207 7
33208 5
33209 0
33210 7
33211 7
33212 5
33213 7
33214 7
33215 5
33216 7
33217 5
33218 7
33219 7
33220 5
33221 0
33222 7
33223 7
33224 5
33225 7
33226 7
33227 5
33228 7
33229 0
33230 7
33231 5
33232 7
33233 7
33234 5
33235 7
33236 7
33237 5
33238 0
33239 7
33240 5
33241 7
33242 7
33243 5
33244 7
33245 7
33246 5
33247 0
33248 7
33249 7
33250 5
33251 7
33252 7
33253 5
33254 0
33255 7
33256 7
33257 5
33258 7
33259 5
33260 7
33261 7
33262 5
33263 0
33264 7
33265 7
33266 5
33267 7
33268 7
33269 5
33270 0
33271 7
33272 5
33273 7
33274 7
33275 5
33276 0
33277 7
33278 7
33279 5
33280 7
33281 5
33282 0
33283 7
33284 7
33285 5
33286 7
33287 7
33288 5
33289 0
33290 7
33291 7
33292 5
33293 7
33294 5
33295 0
33296 7
33297 7
33298 5
33299 7
33300 7
33301 5
33302 0
33303 7
33304 5
33305 7
33306 7
33307 5
33308 0
33309 7
33310 5
33311 7
33312 0
33313 7
33314 5
33315 7
33316 7
33317 5
33318 0
33319 7
33320 5
33321 7
33322 7
33323 5
33324 0
33325 7
33326 5
33327 0
33328 7
33329 7
33330 5
33331 7
33332 5
33333 0
33334 7
33335 7
33336 5
33337 0
33338 7
33339 5
33340 7
33341 0
33342 7
33343 5
33344 7
33345 5
33346 0
33347 7
33348 7
33349 5
33350 0
33351 7
33352 5
33353 7
33354 0
33355 7
33356 5
33357 7
33358 5
33359 0
33360 7
33361 7
33362 5
33363 0
33364 7
33365 5
33366 0
33367 7
33368 5
33369 0
33370 7
33371 7
33372 5
33373 0
33374 7
33375 5
33376 0
33377 7
33378 7
33379 5
33380 0
33381 7
33382 5
33383 0
33384 7
33385 5
33386 0
33387 7
33388 7
33389 5
33390 0
33391 7
33392 5
33393 0
33394 7
33395 5
33396 0
33397 7
33398 5
33399 0
33400 7
33401 7
33402 5
33403 0
33404 7
33405 5
33406 0
33407 7
33408 5
33409 0
33410 7
33411 5
33412 0
33413 0
33414 7
33415 7
33416 5
33417 0
33418 7
33419 5
33420 0
33421 0
33422 6
33423 5
33424 6
33425 5
33426 5
33427 0
33428 0
33429 6
33430 5
33431 0
33432 6
33433 5
33434 5
33435 0
33436 6
33437 5
33438 0
33439 6
33440 5
33441 5
33442 0
33443 0
33444 6
33445 5
33446 0
33447 6
33448 5
33449 5
33450 0
33451 0
33452 6
33453 5
33454 0
33455 6
33456 5
33457 5
33458 0
33459 0
33460 6
33461 5
33462 0
33463 6
33464 5
33465 5
33466 0
33467 0
33468 6
33469 5
33470 0
33471 6
33472 5
33473 5
33474 0
33475 0
33476 0
33477 6
33478 5
33479 5
33480 0
33481 0
33482 6
33483 5
33484 0
33485 6
33486 5
33487 5
33488 0
33489 0
33490 0
33491 6
33492 5
33493 0
33494 6
33495 5
33496 5
33497 0
33498 0
33499 0
33500 6
33501 5
33502 5
33503 0
33504 0
33505 0
33506 6
33507 5
33508 5
33509 0
33510 0
33511 0
33512 0
33513 6
33514 5
33515 0
33516 6
33517 5
33518 5
33519 0
33520 0
33521 0
33522 0
33523 6
33524 5
33525 5
33526 0
33527 0
33528 0
33529 0
33530 6
33531 5
33532 5
33533 0
33534 0
33535 0
33536 0
33537 0
33538 6
33539 5
33540 5
33541 0
33542 0
33543 0
33544 0
33545 0
33546 6
33547 5
33548 5
33549 0
33550 0
33551 0
33552 0
33553 0
33554 6
33555 5
33556 0
33557 0
33558 0
33559 6
33560 5
33561 5
33562 0
33563 0
33564 0
33565 0
33566 0
33567 0
33568 7
33569 5
33570 5
33571 0
33572 0
33573 0
33574 0
33575 0
33576 0
33577 0
33578 0
33579 0
33580 0
33581 0
33582 0
33583 0
33584 0
33585 7
33586 5
33587 0
33588 0
33589 0
33590 0
33591 0
33592 0
33593 0
33594 0
33595 0
33596 0
33597 0
33598 0
33599 0
33600 0
33601 0
33602 0
33603 0
33604 0
33605 0
33606 0
33607 0
33608 0
33609 0
33610 0
33611 0
33612 0
33613 0
33614 0
33615 0
33616 0
33617 0
33618 0
33619 0
33620 0
33621 0
33622 0
33623 6
33624 6
33625 6
33626 6
33627 6
33628 6
33629 6
33630 6
33631 6
33632 6
33633 6
33634 6
33635 6
33636 5
33637 6
33638 5
33639 0
33640 6
33641 5
33642 6
33643 5
33644 6
33645 6
33646 5
33647 6
33648 5
33649 6
33650 5
33651 6
33652 5
33653 6
33654 5
33655 6
33656 5
33657 6
33658 5
33659 0
33660 6
33661 5
33662 6
33663 6
33664 5
33665 6
33666 5
33667 6
33668 5
33669 6
33670 5
33671 6
33672 5
33673 6
33674 5
33675 6
33676 5
33677 0
33678 6
33679 5
33680 6
33681 5
33682 6
33683 6
33684 5
33685 6
33686 5
33687 6
33688 5
33689 6
33690 5
33691 6
33692 5
33693 6
33694 5
33695 0
33696 6
33697 5
33698 6
33699 5
33700 6
33701 5
33702 6
33703 5
33704 6
33705 5
33706 6
33707 5
33708 6
33709 5
33710 0
33711 6
33712 5
33713 6
33714 5
33715 6
33716 5
33717 6
33718 5
33719 6
33720 5
33721 6
33722 5
33723 6
33724 5
33725 0
33726 6
33727 5
33728 6
33729 6
33730 5
33731 6
33732 5
33733 6
33734 5
33735 6
33736 5
33737 5
33738 6
33739 5
33740 0
33741 6
33742 5
33743 6
33744 5
33745 6
33746 5
33747 6
33748 5
33749 6
33750 5
33751 6
33752 5
33753 0
33754 6
33755 5
33756 6
33757 5
33758 6
33759 5
33760 6
33761 5
33762 6
33763 5
33764 6
33765 5
33766 0
33767 6
33768 5
33769 6
33770 5
33771 6
33772 5
33773 6
33774 5
33775 6
33776 5
33777 6
33778 5
33779 0
33780 6
33781 5
33782 5
33783 6
33784 5
33785 6
33786 5
33787 6
33788 5
33789 6
33790 5
33791 0
33792 6
33793 5
33794 6
33795 5
33796 6
33797 5
33798 6
33799 5
33800 5
33801 0
33802 6
33803 5
33804 6
33805 5
33806 6
33807 5
33808 6
33809 5
33810 6
33811 5
33812 0
33813 6
33814 5
33815 5
33816 6
33817 5
33818 6
33819 5
33820 6
33821 5
33822 0
33823 6
33824 5
33825 6
33826 5
33827 5
33828 6
33829 5
33830 6
33831 5
33832 0
33833 6
33834 5
33835 6
33836 5
33837 6
33838 5
33839 5
33840 6
33841 5
33842 0
33843 6
33844 5
33845 6
33846 5
33847 6
33848 5
33849 5
33850 6
33851 5
33852 0
33853 6
33854 5
33855 6
33856 5
33857 5
33858 6
33859 5
33860 0
33861 6
33862 5
33863 6
33864 5
33865 6
33866 5
33867 5
33868 0
33869 6
33870 5
33871 6
33872 6
33873 6
33874 6
33875 6
33876 6
33877 6
33878 6
33879 6
33880 6
33881 6
33882 6
33883 6
33884 6
33885 6
33886 6
33887 6
33888 6
33889 6
33890 6
33891 6
33892 6
33893 6
33894 6
33895 6
33896 6
33897 6
33898 6
33899 6
33900 6
33901 6
33902 6
33903 6
33904 6
33905 6
33906 6
33907 6
33908 6
33909 6
33910 6
33911 6
33912 6
33913 6
33914 6
33915 6
33916 6
33917 6
33918 6
33919 6
33920 6
33921 6
33922 6
33923 6
33924 6
33925 6
33926 6
33927 6
33928 6
33929 6
33930 6
33931 4
33932 4
33933 4
33934 4
33935 6
33936 4
33937 4
33938 4
33939 4
33940 4
33941 4
33942 4
33943 4
33944 4
33945 4
33946 4
33947 4
33948 4
33949 4
33950 4
33951 4
33952 4
33953 4
33954 4
33955 4
33956 4
33957 4
33958 4
33959 4
33960 4
33961 4
33962 4
33963 4
33964 4
33965 4
33966 4
33967 4
33968 4
33969 4
33970 4
33971 4
33972 4
33973 4
33974 4
33975 4
33976 4
33977 4
33978 4
33979 4
33980 4
33981 4
33982 6
33983 6
33984 6
33985 4
33986 6
33987 6
33988 6
33989 6
33990 6
33991 4
33992 6
33993 6
33994 6
33995 6
33996 6
33997 4
33998 6
33999 6
34000 6
34001 6
34002 4
34003 6
34004 6
34005 6
34006 6
34007 4
34008 6
34009 5
34010 6
34011 5
34012 6
34013 5
34014 6
34015 4
34016 6
34017 5
34018 6
34019 5
34020 6
34021 5
34022 6
34023 5
34024 4
34025 6
34026 5
34027 6
34028 6
34029 5
34030 6
34031 5
34032 4
34033 6
34034 5
34035 6
34036 5
34037 6
34038 5
34039 6
34040 5
34041 4
34042 6
34043 6
34044 5
34045 6
34046 5
34047 6
34048 5
34049 4
34050 6
34051 5
34052 6
34053 5
34054 6
34055 5
34056 4
34057 6
34058 5
34059 6
34060 5
34061 6
34062 2
34063 2
34064 2
34065 2
34066 2
34067 2
34068 2
34069 2
34070 2
34071 2
34072 2
34073 2
34074 2
34075 2
34076 2
34077 2
34078 2
34079 2
34080 2
34081 2
34082 2
34083 2
34084 2
34085 2
34086 2
34087 2
34088 2
34089 2
34090 2
34091 2
34092 2
34093 2
34094 2
34095 2
34096 2
34097 2
34098 2
34099 2
34100 2
34101 2
34102 2
34103 2
34104 2
34105 2
34106 2
34107 2
34108 2
34109 5
34110 5
34111 4
34112 4
34113 4
34114 4
34115 4
34116 4
34117 4
34118 4
34119 4
34120 4
34121 4
34122 4
34123 4
34124 4
34125 4
34126 4
34127 4
34128 4
34129 4
34130 4
34131 4
34132 4
34133 4
34134 4
34135 4
34136 4
34137 4
34138 4
34139 4
34140 4
34141 4
34142 4
34143 4
34144 4
34145 4
34146 4
34147 4
34148 4
34149 4
34150 4
34151 4
34152 4
34153 4
34154 4
34155 4
34156 4
34157 4
34158 4
34159 4
34160 4
34161 4
34162 4
34163 4
34164 4
34165 4
34166 4
34167 4
34168 4
34169 4
34170 4
34171 4
34172 4
34173 4
34174 4
34175 4
34176 4
34177 4
34178 4
34179 4
34180 4
34181 4
34182 4
34183 4
34184 4
34185 4
34186 4
34187 4
34188 4
34189 4
34190 4
34191 4
34192 4
34193 4
34194 4
34195 4
34196 4
34197 4
34198 4
34199 4
34200 4
34201 4
34202 4
34203 4
34204 4
34205 4
34206 4
34207 4
34208 4
34209 4
34210 4
34211 4
34212 4
34213 4
34214 4
34215 4
34216 4
34217 4
34218 4
34219 4
34220 4
34221 4
34222 4
34223 4
34224 4
34225 4
34226 4
34227 4
34228 4
34229 4
34230 4
34231 4
34232 4
34233 4
34234 4
34235 4
34236 4
34237 4
34238 4
34239 4
34240 4
34241 4
34242 4
34243 4
34244 4
34245 4
34246 4
34247 4
34248 4
34249 4
34250 4
34251 4
34252 4
34253 4
34254 4
34255 4
34256 4
34257 4
34258 4
34259 4
34260 4
34261 4
34262 4
34263 4
34264 4
34265 4
34266 4
34267 4
34268 4
34269 4
34270 4
34271 4
34272 4
34273 4
34274 4
34275 4
34276 4
34277 4
34278 4
34279 4
34280 4
34281 4
34282 4
34283 4
34284 4
34285 4
34286 4
34287 4
34288 4
34289 4
34290 4
34291 4
34292 4
34293 4
34294 4
34295 4
34296 4
34297 4
34298 4
34299 4
34300 4
34301 4
34302 4
34303 4
34304 4
34305 4
34306 4
34307 4
34308 4
34309 4
34310 4
34311 4
34312 4
34313 4
34314 4
34315 4
34316 4
34317 4
34318 4
34319 4
34320 4
34321 4
34322 4
34323 4
34324 4
34325 4
34326 4
34327 4
34328 4
34329 4
34330 4
34331 4
34332 4
34333 4
34334 4
34335 4
34336 4
34337 4
34338 4
34339 4
34340 4
34341 4
34342 4
34343 4
34344 4
34345 4
34346 4
34347 4
34348 4
34349 4
34350 4
34351 4
34352 4
34353 4
34354 4
34355 4
34356 4
34357 4
34358 4
34359 4
34360 4
34361 4
34362 4
34363 4
34364 4
34365 4
34366 4
34367 4
34368 4
34369 4
34370 4
34371 4
34372 4
34373 4
34374 4
34375 4
34376 4
34377 4
34378 4
34379 4
34380 4
34381 4
34382 4
34383 4
34384 4
34385 4
34386 4
34387 4
34388 4
34389 4
34390 4
34391 4
34392 4
34393 4
34394 4
34395 4
34396 4
34397 4
34398 4
34399 4
34400 4
34401 4
34402 4
34403 4
34404 4
34405 4
34406 4
34407 4
34408 4
34409 4
34410 4
34411 4
34412 4
34413 4
34414 4
34415 4
34416 4
34417 4
34418 4
34419 4
34420 4
34421 4
34422 4
34423 4
34424 4
34425 4
34426 4
34427 4
34428 4
34429 4
34430 4
34431 4
34432 4
34433 4
34434 4
34435 4
34436 4
34437 4
34438 4
34439 6
34440 5
34441 4
34442 6
34443 5
34444 4
34445 6
34446 5
34447 6
34448 5
34449 4
34450 6
34451 5
34452 4
34453 6
34454 6
34455 5
34456 6
34457 5
34458 6
34459 5
34460 4
34461 6
34462 5
34463 4
34464 6
34465 5
34466 6
34467 5
34468 4
34469 6
34470 5
34471 4
34472 6
34473 5
34474 4
34475 6
34476 6
34477 5
34478 6
34479 5
34480 4
34481 6
34482 5
34483 6
34484 5
34485 4
34486 6
34487 5
34488 4
34489 6
34490 5
34491 4
34492 6
34493 5
34494 4
34495 6
34496 5
34497 6
34498 5
34499 4
34500 6
34501 5
34502 4
34503 6
34504 6
34505 5
34506 4
34507 6
34508 5
34509 6
34510 5
34511 4
34512 6
34513 5
34514 4
34515 6
34516 5
34517 4
34518 6
34519 5
34520 4
34521 6
34522 5
34523 4
34524 6
34525 5
34526 4
34527 6
34528 5
34529 4
34530 6
34531 5
34532 4
34533 4
34534 6
34535 5
34536 4
34537 6
34538 5
34539 4
34540 6
34541 5
34542 4
34543 6
34544 5
34545 4
34546 6
34547 5
34548 4
34549 4
34550 6
34551 5
34552 4
34553 6
34554 5
34555 4
34556 6
34557 5
34558 4
34559 4
34560 6
34561 5
34562 4
34563 6
34564 5
34565 4
34566 4
34567 6
34568 5
34569 4
34570 6
34571 5
34572 4
34573 4
34574 6
34575 5
34576 4
34577 4
34578 6
34579 6
34580 6
34581 6
34582 6
34583 6
34584 6
34585 6
34586 6
34587 6
34588 6
34589 6
34590 6
34591 6
34592 6
34593 6
34594 6
34595 6
34596 6
34597 6
34598 6
34599 6
34600 6
34601 6
34602 6
34603 6
34604 6
34605 6
34606 6
34607 6
34608 6
34609 6
34610 6
34611 6
34612 6
34613 6
34614 6
34615 6
34616 6
34617 6
34618 6
34619 6
34620 6
34621 6
34622 6
34623 6
34624 6
34625 6
34626 6
34627 6
34628 6
34629 6
34630 6
34631 6
34632 6
34633 6
34634 6
34635 6
34636 6
34637 6
34638 6
34639 6
34640 6
34641 6
34642 6
34643 6
34644 6
34645 6
34646 6
34647 6
34648 6
34649 6
34650 4
34651 4
34652 4
34653 4
34654 4
34655 4
34656 4
34657 4
34658 4
34659 4
34660 4
34661 4
34662 6
34663 4
34664 4
34665 4
34666 4
34667 4
34668 4
34669 4
34670 4
34671 4
34672 4
34673 4
34674 4
34675 4
34676 4
34677 4
34678 4
34679 4
34680 4
34681 4
34682 4
34683 4
34684 4
34685 4
34686 4
34687 4
34688 4
34689 4
34690 4
34691 4
34692 4
34693 4
34694 4
34695 4
34696 4
34697 4
34698 4
34699 4
34700 4
34701 4
34702 4
34703 4
34704 4
34705 4
34706 4
34707 4
34708 4
34709 4
34710 4
34711 4
34712 4
34713 4
34714 4
34715 4
34716 4
34717 4
34718 4
34719 4
34720 4
34721 6
34722 4
34723 4
34724 4
34725 4
34726 4
34727 4
34728 4
34729 4
34730 4
34731 4
34732 4
34733 4
34734 4
34735 4
34736 4
34737 4
34738 4
34739 4
34740 4
34741 4
34742 4
34743 4
34744 4
34745 4
34746 4
34747 4
34748 4
34749 4
34750 4
34751 4
34752 4
34753 4
34754 4
34755 4
34756 4
34757 4
34758 4
34759 4
34760 4
34761 4
34762 4
34763 4
34764 4
34765 4
34766 4
34767 4
34768 4
34769 4
34770 4
34771 4
34772 4
34773 4
34774 4
34775 4
34776 4
34777 6
34778 4
34779 4
34780 4
34781 4
34782 4
34783 4
34784 4
34785 4
34786 4
34787 4
34788 4
34789 4
34790 4
34791 4
34792 4
34793 4
34794 4
34795 4
34796 4
34797 4
34798 4
34799 4
34800 4
34801 4
34802 4
34803 4
34804 4
34805 4
34806 4
34807 4
34808 4
34809 4
34810 4
34811 4
34812 4
34813 4
34814 4
34815 4
34816 4
34817 4
34818 4
34819 4
34820 4
34821 6
34822 4
34823 4
34824 4
34825 4
34826 4
34827 4
34828 4
34829 4
34830 4
34831 4
34832 4
34833 4
34834 4
34835 4
34836 4
34837 4
34838 4
34839 4
34840 4
34841 4
34842 4
34843 4
34844 4
34845 4
34846 4
34847 4
34848 4
34849 4
34850 4
34851 4
34852 4
34853 4
34854 4
34855 6
34856 4
34857 4
34858 4
34859 4
34860 4
34861 4
34862 4
34863 4
34864 4
34865 4
34866 4
34867 4
34868 4
34869 4
34870 4
34871 4
34872 4
34873 4
34874 4
34875 4
34876 4
34877 4
34878 4
34879 4
34880 4
34881 4
34882 6
34883 4
34884 4
34885 4
34886 4
34887 4
34888 4
34889 4
34890 4
34891 4
34892 4
34893 4
34894 4
34895 4
34896 4
34897 6
34898 6
34899 6
34900 6
34901 6
34902 6
34903 4
34904 6
34905 6
34906 6
34907 6
34908 6
34909 4
34910 6
34911 6
34912 6
34913 6
34914 6
34915 4
34916 6
34917 6
34918 5
34919 6
34920 5
34921 6
34922 6
34923 5
34924 6
34925 5
34926 4
34927 6
34928 5
34929 6
34930 5
34931 6
34932 5
34933 6
34934 6
34935 5
34936 4
34937 6
34938 5
34939 6
34940 5
34941 6
34942 5
34943 6
34944 5
34945 6
34946 5
34947 6
34948 4
34949 6
34950 5
34951 6
34952 5
34953 6
34954 5
34955 6
34956 5
34957 4
34958 6
34959 5
34960 6
34961 5
34962 6
34963 5
34964 6
34965 6
34966 5
34967 4
34968 6
34969 5
34970 6
34971 5
34972 6
34973 5
34974 6
34975 5
34976 4
34977 6
34978 5
34979 6
34980 5
34981 6
34982 5
34983 6
34984 5
34985 6
34986 4
34987 6
34988 5
34989 6
34990 5
34991 6
34992 5
34993 6
34994 5
34995 4
34996 6
34997 5
34998 6
34999 5
35000 6
35001 5
35002 6
35003 5
35004 4
35005 6
35006 5
35007 6
35008 5
35009 6
35010 5
35011 4
35012 6
35013 5
35014 6
35015 5
35016 6
35017 5
35018 6
35019 5
35020 4
35021 6
35022 5
35023 6
35024 5
35025 6
35026 5
35027 6
35028 5
35029 4
35030 6
35031 5
35032 6
35033 5
35034 6
35035 5
35036 4
35037 6
35038 5
35039 6
35040 5
35041 6
35042 5
35043 4
35044 6
35045 5
35046 6
35047 5
35048 6
35049 5
35050 4
35051 6
35052 5
35053 6
35054 5
35055 5
35056 6
35057 5
35058 6
35059 5
35060 4
35061 6
35062 5
35063 6
35064 5
35065 6
35066 5
35067 4
35068 6
35069 2
35070 2
35071 2
35072 2
35073 2
35074 2
35075 2
35076 2
35077 2
35078 2
35079 2
35080 2
35081 2
35082 2
35083 2
35084 2
35085 2
35086 2
35087 2
35088 2
35089 2
35090 2
35091 2
35092 2
35093 2
35094 2
35095 2
35096 2
35097 2
35098 2
35099 2
35100 2
35101 2
35102 2
35103 2
35104 2
35105 2
35106 2
35107 2
35108 2
35109 2
35110 2
35111 2
35112 2
35113 2
35114 2
35115 2
35116 2
35117 2
35118 2
35119 5
35120 5
35121 4
35122 4
35123 4
35124 4
35125 4
35126 4
35127 4
35128 4
35129 4
35130 4
35131 4
35132 4
35133 4
35134 4
35135 4
35136 4
35137 4
35138 4
35139 4
35140 4
35141 4
35142 4
35143 4
35144 4
35145 4
35146 4
35147 4
35148 4
35149 4
35150 4
35151 4
35152 4
35153 4
35154 4
35155 4
35156 4
35157 4
35158 4
35159 4
35160 4
35161 4
35162 4
35163 4
35164 4
35165 4
35166 4
35167 4
35168 4
35169 4
35170 4
35171 4
35172 4
35173 4
35174 4
35175 4
35176 4
35177 4
35178 4
35179 4
35180 4
35181 4
35182 4
35183 4
35184 4
35185 4
35186 4
35187 4
35188 4
35189 4
35190 4
35191 4
35192 4
35193 4
35194 4
35195 4
35196 4
35197 4
35198 4
35199 4
35200 4
35201 4
35202 4
35203 4
35204 4
35205 4
35206 4
35207 4
35208 4
35209 4
35210 4
35211 4
35212 4
35213 4
35214 4
35215 4
35216 4
35217 4
35218 4
35219 6
35220 5
35221 4
35222 6
35223 5
35224 6
35225 5
35226 4
35227 6
35228 5
35229 6
35230 5
35231 4
35232 6
35233 5
35234 6
35235 6
35236 5
35237 6
35238 5
35239 4
35240 6
35241 5
35242 6
35243 5
35244 6
35245 5
35246 4
35247 6
35248 5
35249 6
35250 5
35251 4
35252 6
35253 5
35254 6
35255 6
35256 5
35257 6
35258 5
35259 4
35260 6
35261 5
35262 6
35263 5
35264 4
35265 6
35266 5
35267 6
35268 5
35269 4
35270 6
35271 6
35272 6
35273 6
35274 6
35275 6
35276 6
35277 6
35278 6
35279 6
35280 6
35281 6
35282 6
35283 6
35284 6
35285 6
35286 6
35287 6
35288 6
35289 6
35290 6
35291 6
35292 6
35293 6
35294 6
35295 0
35296 0
35297 0
35298 0
35299 0
35300 0
35301 0
35302 0
35303 0
35304 0
35305 0
35306 0
35307 0
35308 0
35309 0
35310 0
35311 0
35312 0
35313 0
35314 0
35315 0
35316 0
35317 0
35318 0
35319 0
35320 0
35321 0
35322 0
35323 0
35324 0
35325 0
35326 0
35327 0
35328 0
35329 0
35330 0
35331 0
35332 0
35333 0
35334 0
35335 0
35336 0
35337 0
35338 0
35339 0
35340 0
35341 0
35342 0
35343 0
35344 0
35345 0
35346 0
35347 0
35348 0
35349 0
35350 0
35351 0
35352 0
35353 0
35354 0
35355 0
35356 0
35357 0
35358 0
35359 0
35360 0
35361 0
35362 0
35363 0
35364 0
35365 0
35366 0
35367 0
35368 0
35369 0
35370 0
35371 0
35372 0
35373 0
35374 0
35375 0
35376 0
35377 0
35378 0
35379 0
35380 0
35381 0
35382 0
35383 0
35384 0
35385 0
35386 0
35387 0
35388 0
35389 0
35390 6
35391 6
35392 6
35393 0
35394 6
35395 6
35396 6
35397 6
35398 6
35399 6
35400 0
35401 6
35402 6
35403 6
35404 6
35405 0
35406 6
35407 6
35408 6
35409 6
35410 0
35411 6
35412 6
35413 6
35414 6
35415 6
35416 6
35417 6
35418 6
35419 6
35420 6
35421 6
35422 6
35423 6
35424 6
35425 6
35426 6
35427 6
35428 6
35429 6
35430 6
35431 6
35432 6
35433 6
35434 6
35435 6
35436 6
35437 6
35438 6
35439 6
35440 6
35441 6
35442 6
35443 6
35444 6
35445 6
35446 6
35447 6
35448 6
35449 6
35450 6
35451 6
35452 6
35453 6
35454 6
35455 6
35456 6
35457 6
35458 6
35459 6
35460 6
35461 6
35462 6
35463 6
35464 6
35465 6
35466 6
35467 6
35468 6
35469 6
35470 6
35471 6
35472 6
35473 6
35474 6
35475 6
35476 6
35477 6
35478 6
35479 6
35480 6
35481 6
35482 6
35483 6
35484 6
35485 6
35486 6
35487 6
35488 6
35489 4
35490 4
35491 4
35492 4
35493 4
35494 4
35495 4
35496 4
35497 4
35498 4
35499 4
35500 4
35501 4
35502 4
35503 4
35504 4
35505 4
35506 4
35507 4
35508 4
35509 4
35510 4
35511 4
35512 4
35513 6
35514 4
35515 4
35516 4
35517 4
35518 4
35519 4
35520 4
35521 4
35522 4
35523 4
35524 4
35525 4
35526 4
35527 4
35528 4
35529 4
35530 4
35531 4
35532 4
35533 4
35534 4
35535 4
35536 4
35537 4
35538 4
35539 4
35540 4
35541 4
35542 4
35543 4
35544 4
35545 4
35546 4
35547 4
35548 4
35549 4
35550 4
35551 4
35552 4
35553 4
35554 4
35555 4
35556 4
35557 4
35558 4
35559 4
35560 4
35561 4
35562 4
35563 4
35564 4
35565 4
35566 4
35567 4
35568 4
35569 6
35570 4
35571 4
35572 4
35573 4
35574 4
35575 4
35576 4
35577 4
35578 4
35579 4
35580 4
35581 4
35582 4
35583 4
35584 4
35585 4
35586 4
35587 4
35588 4
35589 4
35590 4
35591 4
35592 6
35593 6
35594 4
35595 6
35596 6
35597 4
35598 6
35599 4
35600 6
35601 6
35602 4
35603 6
35604 4
35605 6
35606 6
35607 4
35608 6
35609 4
35610 6
35611 4
35612 8
35613 6
35614 6
35615 4
35616 4
35617 4
35618 4
35619 4
35620 4
35621 4
35622 4
35623 4
35624 4
35625 4
35626 6
35627 4
35628 4
35629 4
35630 4
35631 4
35632 4
35633 4
35634 4
35635 4
35636 4
35637 4
35638 4
35639 4
35640 4
35641 4
35642 4
35643 4
35644 4
35645 4
35646 4
35647 4
35648 4
35649 4
35650 4
35651 4
35652 4
35653 4
35654 4
35655 4
35656 4
35657 4
35658 4
35659 4
35660 4
35661 4
35662 4
35663 4
35664 4
35665 4
35666 4
35667 4
35668 4
35669 4
35670 4
35671 4
35672 4
35673 4
35674 4
35675 4
35676 4
35677 4
35678 4
35679 4
35680 4
35681 4
35682 4
35683 4
35684 4
35685 4
35686 4
35687 4
35688 4
35689 4
35690 4
35691 4
35692 4
35693 4
35694 4
35695 4
35696 4
35697 4
35698 4
35699 4
35700 4
35701 4
35702 4
35703 4
35704 4
35705 4
35706 4
35707 4
35708 4
35709 4
35710 4
35711 4
35712 4
35713 4
35714 4
35715 4
35716 4
35717 6
35718 4
35719 4
35720 4
35721 4
35722 4
35723 4
35724 4
35725 4
35726 4
35727 4
35728 4
35729 4
35730 4
35731 4
35732 4
35733 4
35734 4
35735 4
35736 4
35737 4
35738 4
35739 4
35740 4
35741 4
35742 4
35743 4
35744 4
35745 4
35746 4
35747 4
35748 4
35749 4
35750 4
35751 4
35752 4
35753 4
35754 4
35755 4
35756 4
35757 4
35758 4
35759 4
35760 4
35761 4
35762 4
35763 4
35764 4
35765 4
35766 4
35767 4
35768 4
35769 4
35770 4
35771 4
35772 4
35773 4
35774 4
35775 4
35776 4
35777 4
35778 4
35779 4
35780 4
35781 4
35782 4
35783 4
35784 4
35785 4
35786 4
35787 6
35788 4
35789 4
35790 4
35791 4
35792 4
35793 4
35794 4
35795 4
35796 4
35797 4
35798 4
35799 4
35800 4
35801 4
35802 4
35803 4
35804 4
35805 4
35806 4
35807 4
35808 4
35809 4
35810 4
35811 4
35812 4
35813 4
35814 4
35815 4
35816 4
35817 4
35818 4
35819 4
35820 4
35821 4
35822 4
35823 4
35824 4
35825 4
35826 4
35827 4
35828 4
35829 4
35830 6
35831 4
35832 4
35833 4
35834 4
35835 4
35836 4
35837 4
35838 4
35839 4
35840 4
35841 4
35842 4
35843 4
35844 4
35845 4
35846 4
35847 4
35848 4
35849 4
35850 4
35851 4
35852 4
35853 4
35854 4
35855 4
35856 4
35857 4
35858 4
35859 4
35860 4
35861 4
35862 6
35863 4
35864 4
35865 4
35866 4
35867 4
35868 4
35869 4
35870 4
35871 4
35872 4
35873 4
35874 4
35875 4
35876 4
35877 4
35878 4
35879 4
35880 4
35881 4
35882 4
35883 4
35884 4
35885 4
35886 4
35887 4
35888 4
35889 4
35890 4
35891 4
35892 4
35893 4
35894 4
35895 4
35896 4
35897 4
35898 4
35899 4
35900 4
35901 4
35902 4
35903 4
35904 4
35905 4
35906 4
35907 4
35908 4
35909 4
35910 4
35911 4
35912 4
35913 4
35914 4
35915 4
35916 4
35917 4
35918 4
35919 4
35920 4
35921 4
35922 4
35923 4
35924 4
35925 4
35926 4
35927 4
35928 4
35929 4
35930 4
35931 4
35932 4
35933 4
35934 4
35935 4
35936 4
35937 4
35938 4
35939 4
35940 4
35941 4
35942 4
35943 4
35944 4
35945 4
35946 4
35947 4
35948 4
35949 4
35950 4
35951 4
35952 4
35953 4
35954 4
35955 4
35956 4
35957 4
35958 4
35959 4
35960 4
35961 4
35962 4
35963 4
35964 4
35965 4
35966 4
35967 4
35968 4
35969 4
35970 4
35971 4
35972 4
35973 4
35974 4
35975 4
35976 4
35977 4
35978 4
35979 4
35980 4
35981 4
35982 4
35983 4
35984 4
35985 4
35986 4
35987 4
35988 4
35989 4
35990 4
35991 4
35992 4
35993 4
35994 4
35995 4
35996 4
35997 4
35998 4
35999 6
36000 6
36001 6
36002 6
36003 6
36004 6
36005 6
36006 6
36007 6
36008 0
36009 4
36010 0
36011 6
